vOTU,length,topology,coordinates,n_genes,genetic_code,virus_score,fdr,n_hallmarks,marker_enrichment,taxonomy,contig_length,provirus,proviral_length,gene_count,viral_genes,host_genes,checkv_quality,miuvig_quality,completeness,completeness_method,contamination,kmer_freq,warnings,is_provirus_aggregated
contig_1172261,14107,No terminal repeats,,18,11,0.9998,0.0002,6,15.8474,Viruses;Duplodnaviria;Heunggongvirae;Uroviricota;Caudoviricetes;;,14107,No,,18,6,0,Low-quality,Genome-fragment,31.74,AAI-based (medium-confidence),0.0,1.0,,False
contig_1172211,20579,No terminal repeats,,27,11,0.9998,0.0002,2,7.086,Viruses;Duplodnaviria;Heunggongvirae;Uroviricota;Caudoviricetes;;,20579,No,,27,6,0,Low-quality,Genome-fragment,15.39,AAI-based (medium-confidence),0.0,1.0,,False
contig_1171976,82624,No terminal repeats,,71,11,0.9996,0.0002,5,25.7779,Viruses;Duplodnaviria;Heunggongvirae;Uroviricota;Caudoviricetes;;,82624,No,,71,8,2,Low-quality,Genome-fragment,38.35,AAI-based (high-confidence),0.0,1.0,,False
contig_1172178,23274,No terminal repeats,,25,11,0.9994,0.0003,2,6.9207,Viruses;Duplodnaviria;Heunggongvirae;Uroviricota;Caudoviricetes;;Herelleviridae,23274,No,,25,4,0,Low-quality,Genome-fragment,24.72,AAI-based (medium-confidence),0.0,1.0,,False
contig_1171503|provirus_3_42032,42030,Provirus,3-42032,55,11,0.9986,0.0004,9,27.4984,Viruses;Duplodnaviria;Heunggongvirae;Uroviricota;Caudoviricetes;;,42030,No,,58,10,2,Medium-quality,Genome-fragment,55.0,HMM-based (lower-bound),0.0,1.0,,True
contig_1172047,10141,No terminal repeats,,18,11,0.9985,0.0004,1,5.0379,Viruses;Duplodnaviria;Heunggongvirae;Uroviricota;Caudoviricetes;;,10141,No,,18,2,0,Low-quality,Genome-fragment,9.94,HMM-based (lower-bound),0.0,1.0,,False
contig_1172266,53697,No terminal repeats,,79,11,0.9981,0.0004,7,38.6006,Viruses;Duplodnaviria;Heunggongvirae;Uroviricota;Caudoviricetes;;,53697,No,,79,11,3,Medium-quality,Genome-fragment,71.54,HMM-based (lower-bound),0.0,1.0,,False
contig_1172136,18232,No terminal repeats,,24,11,0.9973,0.0005,7,16.1692,Viruses;Duplodnaviria;Heunggongvirae;Uroviricota;Caudoviricetes;;,18232,No,,24,10,1,Medium-quality,Genome-fragment,53.3,AAI-based (medium-confidence),0.0,1.0,,False
contig_1172597,12353,No terminal repeats,,14,11,0.9961,0.0006,3,10.684,Viruses;Duplodnaviria;Heunggongvirae;Uroviricota;Caudoviricetes;;,12353,No,,14,4,0,Low-quality,Genome-fragment,26.72,AAI-based (medium-confidence),0.0,1.0,,False
contig_1172940,19511,No terminal repeats,,20,11,0.9958,0.0006,0,10.1404,Viruses;Duplodnaviria;Heunggongvirae;Uroviricota;Caudoviricetes;;,19511,No,,20,2,1,Medium-quality,Genome-fragment,51.62,AAI-based (medium-confidence),0.0,1.0,,False
contig_1172265|provirus_1367_84724,83358,Provirus,1367-84724,69,11,0.9879,0.001,2,17.6283,Viruses;Duplodnaviria;Heunggongvirae;Uroviricota;Caudoviricetes;;,83358,No,,69,4,2,Low-quality,Genome-fragment,38.69,AAI-based (high-confidence),0.0,1.0,,True
contig_1172262,13312,No terminal repeats,,18,11,0.9748,0.0014,2,5.8034,Viruses;Duplodnaviria;Heunggongvirae;Uroviricota;Caudoviricetes;;,13312,No,,18,0,3,Medium-quality,Genome-fragment,51.33,AAI-based (medium-confidence),0.0,1.0,no viral genes detected,False
contig_1172166,13408,No terminal repeats,,22,11,0.97,0.0015,2,10.5012,Viruses;Duplodnaviria;Heunggongvirae;Uroviricota;Caudoviricetes;;,13408,No,,22,3,0,Low-quality,Genome-fragment,17.79,HMM-based (lower-bound),0.0,1.0,,False
contig_1171676,10281,No terminal repeats,,10,11,0.9652,0.0016,1,5.9605,Viruses;Duplodnaviria;Heunggongvirae;Uroviricota;Caudoviricetes;;,10281,No,,10,1,0,Low-quality,Genome-fragment,24.07,AAI-based (medium-confidence),0.0,1.0,,False
contig_423291,14382,No terminal repeats,,22,11,0.9979,0.002,5,27.6937,Viruses;Duplodnaviria;Heunggongvirae;Uroviricota;Caudoviricetes;;,14382,No,,22,13,0,Low-quality,Genome-fragment,24.62,AAI-based (high-confidence),0.0,1.0,,False
contig_423484,5254,No terminal repeats,,7,11,0.9979,0.0021,3,10.0455,Viruses;Duplodnaviria;Heunggongvirae;Uroviricota;Caudoviricetes;;,5254,No,,7,4,0,Low-quality,Genome-fragment,11.27,AAI-based (high-confidence),0.0,1.0,,False
contig_423381,12124,No terminal repeats,,16,11,0.9979,0.0021,7,24.0777,Viruses;Duplodnaviria;Heunggongvirae;Uroviricota;Caudoviricetes;;,12124,No,,16,12,0,Low-quality,Genome-fragment,18.14,HMM-based (lower-bound),0.0,1.0,,False
contig_423512,11787,No terminal repeats,,17,11,0.9979,0.0021,4,14.9725,Viruses;Duplodnaviria;Heunggongvirae;Uroviricota;Caudoviricetes;;,11787,No,,17,7,0,Low-quality,Genome-fragment,25.09,AAI-based (medium-confidence),0.0,1.0,,False
contig_406918,20236,No terminal repeats,,26,11,0.9978,0.0021,9,30.1311,Viruses;Duplodnaviria;Heunggongvirae;Uroviricota;Caudoviricetes;;,20236,No,,26,12,1,Medium-quality,Genome-fragment,50.26,AAI-based (high-confidence),0.0,1.0,,False
contig_391265,13766,No terminal repeats,,23,11,0.9978,0.0021,4,26.1319,Viruses;Duplodnaviria;Heunggongvirae;Uroviricota;Caudoviricetes;;,13766,No,,23,12,0,Low-quality,Genome-fragment,22.32,AAI-based (medium-confidence),0.0,1.0,,False
contig_394794,5292,No terminal repeats,,10,11,0.9978,0.0021,7,14.963,Viruses;Duplodnaviria;Heunggongvirae;Uroviricota;Caudoviricetes;;,5292,No,,10,10,0,Low-quality,Genome-fragment,15.98,AAI-based (high-confidence),0.0,1.0,,False
contig_402669,9527,No terminal repeats,,13,11,0.9978,0.0021,12,19.6396,Viruses;Duplodnaviria;Heunggongvirae;Uroviricota;Caudoviricetes;;,9527,No,,13,11,0,Low-quality,Genome-fragment,23.75,AAI-based (high-confidence),0.0,1.0,,False
contig_419056,6961,No terminal repeats,,10,11,0.9978,0.0021,9,15.3275,Viruses;Duplodnaviria;Heunggongvirae;Uroviricota;Caudoviricetes;;,6961,No,,10,8,0,Low-quality,Genome-fragment,20.46,AAI-based (high-confidence),0.0,1.0,,False
contig_399150,5411,No terminal repeats,,5,11,0.9978,0.0022,4,7.3377,Viruses;Duplodnaviria;Heunggongvirae;Uroviricota;Caudoviricetes;;,5411,No,,5,4,0,Low-quality,Genome-fragment,13.4,AAI-based (high-confidence),0.0,1.0,,False
contig_401151,7142,No terminal repeats,,12,11,0.9977,0.0022,7,15.6879,Viruses;Duplodnaviria;Heunggongvirae;Uroviricota;Caudoviricetes;;,7142,No,,12,8,0,Low-quality,Genome-fragment,17.73,AAI-based (medium-confidence),0.0,1.0,,False
contig_402781,6896,No terminal repeats,,7,11,0.9977,0.0022,6,9.3427,Viruses;Duplodnaviria;Heunggongvirae;Uroviricota;Caudoviricetes;;,6896,No,,7,4,0,Low-quality,Genome-fragment,14.7,AAI-based (medium-confidence),0.0,1.0,,False
contig_402753,7651,No terminal repeats,,9,11,0.9977,0.0022,5,13.167,Viruses;Duplodnaviria;Heunggongvirae;Uroviricota;Caudoviricetes;;,7651,No,,9,5,0,Low-quality,Genome-fragment,24.17,AAI-based (high-confidence),0.0,1.0,,False
contig_426076,5595,No terminal repeats,,6,11,0.9977,0.0022,2,8.5624,Viruses;Duplodnaviria;Heunggongvirae;Uroviricota;Caudoviricetes;;,5595,No,,6,4,0,Low-quality,Genome-fragment,14.71,AAI-based (high-confidence),0.0,1.0,,False
contig_407363,6116,No terminal repeats,,8,11,0.9977,0.0022,7,10.3982,Viruses;Duplodnaviria;Heunggongvirae;Uroviricota;Caudoviricetes;;,6116,No,,8,5,0,Low-quality,Genome-fragment,15.68,AAI-based (high-confidence),0.0,1.0,,False
contig_402359,6677,No terminal repeats,,12,11,0.9977,0.0022,1,11.5334,Viruses;Duplodnaviria;Heunggongvirae;Uroviricota;Caudoviricetes;;,6677,No,,12,5,0,Low-quality,Genome-fragment,14.24,AAI-based (high-confidence),0.0,1.0,,False
contig_394783,14148,No terminal repeats,,18,11,0.9977,0.0022,12,25.6604,Viruses;Duplodnaviria;Heunggongvirae;Uroviricota;Caudoviricetes;;,14148,No,,18,18,0,Low-quality,Genome-fragment,42.02,AAI-based (high-confidence),0.0,1.0,,False
contig_404099,5930,No terminal repeats,,9,11,0.9977,0.0022,7,11.2816,Viruses;Duplodnaviria;Heunggongvirae;Uroviricota;Caudoviricetes;;,5930,No,,9,7,0,Low-quality,Genome-fragment,17.29,AAI-based (high-confidence),0.0,1.0,,False
contig_390911,19302,No terminal repeats,,23,11,0.9977,0.0022,11,27.8014,Viruses;Duplodnaviria;Heunggongvirae;Uroviricota;Caudoviricetes;;,19302,No,,23,15,0,Low-quality,Genome-fragment,44.74,AAI-based (medium-confidence),0.0,1.0,,False
contig_423515,5212,No terminal repeats,,8,11,0.9976,0.0022,3,11.0632,Viruses;Duplodnaviria;Heunggongvirae;Uroviricota;Caudoviricetes;;,5212,No,,8,4,0,Low-quality,Genome-fragment,11.74,AAI-based (medium-confidence),0.0,1.0,,False
contig_229518|provirus_21050_53109,32060,Provirus,21050-53109,42,11,0.9976,0.0022,15,57.3489,Viruses;Duplodnaviria;Heunggongvirae;Uroviricota;Caudoviricetes;;,32060,No,,42,24,0,High-quality,High-quality,100.0,AAI-based (high-confidence),0.0,1.0,,True
contig_396850,6702,No terminal repeats,,7,11,0.9976,0.0023,4,8.3691,Viruses;Duplodnaviria;Heunggongvirae;Uroviricota;Caudoviricetes;;,6702,No,,7,4,0,Low-quality,Genome-fragment,10.94,AAI-based (high-confidence),0.0,1.0,,False
contig_295234,8509,No terminal repeats,,8,11,0.9976,0.0023,3,11.1902,Viruses;Duplodnaviria;Heunggongvirae;Uroviricota;Caudoviricetes;;,8509,No,,8,6,0,Low-quality,Genome-fragment,13.4,AAI-based (high-confidence),0.0,1.0,,False
contig_402288,16095,No terminal repeats,,22,11,0.9976,0.0023,11,25.0203,Viruses;Duplodnaviria;Heunggongvirae;Uroviricota;Caudoviricetes;;,16095,No,,22,16,1,Low-quality,Genome-fragment,26.39,AAI-based (high-confidence),0.0,1.0,,False
contig_426102,16586,No terminal repeats,,28,11,0.9976,0.0023,2,23.4125,Viruses;Duplodnaviria;Heunggongvirae;Uroviricota;Caudoviricetes;;,16586,No,,28,7,1,Low-quality,Genome-fragment,40.92,AAI-based (high-confidence),0.0,1.0,,False
contig_413036,9878,No terminal repeats,,16,11,0.9976,0.0023,6,21.1645,Viruses;Duplodnaviria;Heunggongvirae;Uroviricota;Caudoviricetes;;,9878,No,,16,7,0,Low-quality,Genome-fragment,31.2,AAI-based (high-confidence),0.0,1.0,,False
contig_404680|provirus_40302_58835,18534,Provirus,40302-58835,33,11,0.9976,0.0023,5,21.755,Viruses;Duplodnaviria;Heunggongvirae;Uroviricota;Caudoviricetes;;,18534,No,,39,10,0,Low-quality,Genome-fragment,43.27,AAI-based (medium-confidence),0.0,1.0,,True
contig_407033,6653,No terminal repeats,,11,11,0.9975,0.0023,3,11.4498,Viruses;Duplodnaviria;Heunggongvirae;Uroviricota;Caudoviricetes;;,6653,No,,11,7,0,Low-quality,Genome-fragment,14.63,AAI-based (medium-confidence),0.0,1.0,,False
contig_394901,5372,No terminal repeats,,7,11,0.9975,0.0023,5,11.4797,Viruses;Duplodnaviria;Heunggongvirae;Uroviricota;Caudoviricetes;;,5372,No,,7,6,0,Low-quality,Genome-fragment,17.22,AAI-based (high-confidence),0.0,1.0,,False
contig_423482,11126,No terminal repeats,,17,11,0.9975,0.0023,8,17.2454,Viruses;Duplodnaviria;Heunggongvirae;Uroviricota;Caudoviricetes;;,11126,No,,17,11,0,Low-quality,Genome-fragment,13.72,HMM-based (lower-bound),0.0,1.0,,False
contig_422995,11893,No terminal repeats,,11,11,0.9975,0.0023,0,12.0224,Viruses;Duplodnaviria;Heunggongvirae;Uroviricota;Caudoviricetes;;,11893,No,,11,1,0,Low-quality,Genome-fragment,26.45,AAI-based (medium-confidence),0.0,1.0,,False
contig_423287,5516,No terminal repeats,,5,11,0.9975,0.0023,2,5.1548,Viruses;Duplodnaviria;Heunggongvirae;Uroviricota;Caudoviricetes;;,5516,No,,5,3,0,Low-quality,Genome-fragment,13.6,AAI-based (high-confidence),0.0,1.0,,False
contig_402410,8199,No terminal repeats,,8,11,0.9975,0.0023,2,7.3918,Viruses;Duplodnaviria;Heunggongvirae;Uroviricota;Caudoviricetes;;Drexlerviridae,8199,No,,8,5,0,Low-quality,Genome-fragment,17.61,AAI-based (high-confidence),0.0,1.0,,False
contig_405977,11902,No terminal repeats,,21,11,0.9974,0.0024,3,10.0833,Viruses;Duplodnaviria;Heunggongvirae;Uroviricota;Caudoviricetes;;,11902,No,,21,4,0,Low-quality,Genome-fragment,36.86,AAI-based (medium-confidence),0.0,1.0,,False
contig_421335|provirus_3_28120,28118,Provirus,3-28120,30,11,0.9973,0.0024,5,38.7559,Viruses;Duplodnaviria;Heunggongvirae;Uroviricota;Caudoviricetes;;,28118,No,,30,7,0,Low-quality,Genome-fragment,49.05,AAI-based (medium-confidence),0.0,1.0,,True
contig_392294|provirus_308_25847,25540,Provirus,308-25847,32,11,0.9973,0.0024,16,33.5441,Viruses;Duplodnaviria;Heunggongvirae;Uroviricota;Caudoviricetes;;,25540,No,,31,24,0,Medium-quality,Genome-fragment,73.13,AAI-based (medium-confidence),0.0,1.0,,True
contig_404507,10290,No terminal repeats,,14,11,0.9973,0.0024,8,15.7413,Viruses;Duplodnaviria;Heunggongvirae;Uroviricota;Caudoviricetes;;,10290,No,,14,7,0,Low-quality,Genome-fragment,23.24,AAI-based (medium-confidence),0.0,1.0,,False
contig_391099,65758,No terminal repeats,,60,11,0.9972,0.0024,3,36.8877,Viruses;Duplodnaviria;Heunggongvirae;Uroviricota;Caudoviricetes;;,65758,No,,60,19,1,Low-quality,Genome-fragment,26.52,AAI-based (medium-confidence),0.0,1.0,,False
contig_423337,50078,No terminal repeats,,72,11,0.9972,0.0024,15,64.9458,Viruses;Duplodnaviria;Heunggongvirae;Uroviricota;Caudoviricetes;;,50078,No,,72,21,1,High-quality,High-quality,100.0,AAI-based (high-confidence),0.0,1.0,,False
contig_308971|provirus_238_20493,20256,Provirus,238-20493,30,11,0.9971,0.0025,20,37.5147,Viruses;Duplodnaviria;Heunggongvirae;Uroviricota;Caudoviricetes;;,20256,No,,30,21,0,Medium-quality,Genome-fragment,61.39,AAI-based (medium-confidence),0.0,1.0,,True
contig_402399|provirus_3_34306,34304,Provirus,3-34306,50,11,0.9971,0.0025,22,54.6111,Viruses;Duplodnaviria;Heunggongvirae;Uroviricota;Caudoviricetes;;,34304,No,,50,30,0,High-quality,High-quality,91.23,AAI-based (medium-confidence),0.0,1.0,,True
contig_236974,5968,No terminal repeats,,12,11,0.9971,0.0025,3,12.6546,Viruses;Duplodnaviria;Heunggongvirae;Uroviricota;Caudoviricetes;;,5968,No,,12,4,0,Low-quality,Genome-fragment,14.16,HMM-based (lower-bound),0.0,1.0,,False
contig_406799,17776,No terminal repeats,,23,11,0.9971,0.0025,6,23.8433,Viruses;Duplodnaviria;Heunggongvirae;Uroviricota;Caudoviricetes;;,17776,No,,23,12,1,Low-quality,Genome-fragment,40.06,AAI-based (medium-confidence),0.0,1.0,,False
contig_313979|provirus_3_60591,60589,Provirus,3-60591,91,11,0.997,0.0025,17,82.0196,Viruses;Duplodnaviria;Heunggongvirae;Uroviricota;Caudoviricetes;;,60589,No,,91,41,2,High-quality,High-quality,100.0,AAI-based (high-confidence),0.0,1.0,,True
contig_416025,43603,No terminal repeats,,60,11,0.997,0.0025,23,72.7581,Viruses;Duplodnaviria;Heunggongvirae;Uroviricota;Caudoviricetes;;,43603,No,,60,29,2,High-quality,High-quality,100.0,AAI-based (high-confidence),0.0,1.0,,False
contig_426290|provirus_346_18694,18349,Provirus,346-18694,32,11,0.9969,0.0026,3,21.8196,Viruses;Duplodnaviria;Heunggongvirae;Uroviricota;Caudoviricetes;;,18349,No,,32,10,1,Low-quality,Genome-fragment,43.81,AAI-based (medium-confidence),0.0,1.01,,True
contig_299549,17262,No terminal repeats,,23,11,0.9969,0.0026,8,24.6333,Viruses;Duplodnaviria;Heunggongvirae;Uroviricota;Caudoviricetes;;,17262,No,,23,1,1,Low-quality,Genome-fragment,28.61,HMM-based (lower-bound),0.0,1.0,,False
contig_427256,5665,No terminal repeats,,8,11,0.9969,0.0026,2,4.7401,Viruses;Duplodnaviria;Heunggongvirae;Uroviricota;Caudoviricetes;;,5665,No,,8,2,0,Low-quality,Genome-fragment,8.46,HMM-based (lower-bound),0.0,1.0,,False
contig_394995,8865,No terminal repeats,,13,11,0.9969,0.0026,5,19.0945,Viruses;Duplodnaviria;Heunggongvirae;Uroviricota;Caudoviricetes;;,8865,No,,13,8,0,Low-quality,Genome-fragment,19.6,AAI-based (high-confidence),0.0,1.0,,False
contig_407157,19638,No terminal repeats,,26,11,0.9968,0.0026,8,27.4179,Viruses;Duplodnaviria;Heunggongvirae;Uroviricota;Caudoviricetes;;,19638,No,,26,11,0,Medium-quality,Genome-fragment,50.81,AAI-based (high-confidence),0.0,1.0,,False
contig_413581,23249,No terminal repeats,,37,11,0.9968,0.0026,11,31.4032,Viruses;Duplodnaviria;Heunggongvirae;Uroviricota;Caudoviricetes;;,23249,No,,37,14,2,Medium-quality,Genome-fragment,62.53,AAI-based (medium-confidence),0.0,1.0,,False
contig_421146,6471,No terminal repeats,,11,11,0.9968,0.0026,3,7.4277,Viruses;Duplodnaviria;Heunggongvirae;Uroviricota;Caudoviricetes;;,6471,No,,11,4,0,Low-quality,Genome-fragment,10.95,HMM-based (lower-bound),0.0,1.0,,False
contig_418204,36829,No terminal repeats,,47,11,0.9967,0.0026,10,57.4582,Viruses;Duplodnaviria;Heunggongvirae;Uroviricota;Caudoviricetes;;,36829,No,,47,7,1,Medium-quality,Genome-fragment,66.64,AAI-based (medium-confidence),0.0,1.0,,False
contig_304067|provirus_8614_54127,45514,Provirus,8614-54127,53,11,0.9966,0.0027,9,39.6873,Viruses;Duplodnaviria;Heunggongvirae;Uroviricota;Caudoviricetes;;,45514,No,,53,14,1,High-quality,High-quality,91.55,AAI-based (medium-confidence),0.0,1.0,,True
contig_402514,5324,No terminal repeats,,5,11,0.9965,0.0027,1,4.2474,Viruses;Duplodnaviria;Heunggongvirae;Uroviricota;Caudoviricetes;;Drexlerviridae,5324,No,,5,2,0,Low-quality,Genome-fragment,11.12,AAI-based (high-confidence),0.0,1.0,,False
contig_426277,52109,No terminal repeats,,81,11,0.9964,0.0027,11,50.1852,Viruses;Duplodnaviria;Heunggongvirae;Uroviricota;Caudoviricetes;;,52109,No,,81,25,1,Medium-quality,Genome-fragment,64.39,HMM-based (lower-bound),0.0,1.0,,False
contig_236983,5332,No terminal repeats,,13,11,0.9963,0.0028,1,9.8817,Viruses;Duplodnaviria;Heunggongvirae;Uroviricota;Caudoviricetes;;,5332,No,,13,4,0,Low-quality,Genome-fragment,7.96,HMM-based (lower-bound),0.0,1.0,,False
contig_406790|provirus_17070_54808,37739,Provirus,17070-54808,56,11,0.9963,0.0028,9,49.4927,Viruses;Duplodnaviria;Heunggongvirae;Uroviricota;Caudoviricetes;;,37739,No,,55,24,0,Medium-quality,Genome-fragment,59.68,AAI-based (high-confidence),0.0,1.0,,True
contig_398731,46434,No terminal repeats,,65,11,0.9962,0.0028,16,54.9167,Viruses;Duplodnaviria;Heunggongvirae;Uroviricota;Caudoviricetes;;,46434,No,,65,22,4,High-quality,High-quality,98.03,AAI-based (medium-confidence),0.0,1.0,,False
contig_407672,20469,No terminal repeats,,27,11,0.9961,0.0028,10,30.971,Viruses;Duplodnaviria;Heunggongvirae;Uroviricota;Caudoviricetes;;,20469,No,,27,10,0,Medium-quality,Genome-fragment,54.44,AAI-based (medium-confidence),0.0,1.0,,False
contig_415963,8014,No terminal repeats,,15,11,0.9961,0.0028,11,17.9451,Viruses;Duplodnaviria;Heunggongvirae;Uroviricota;Caudoviricetes;;,8014,No,,15,12,0,Low-quality,Genome-fragment,22.01,AAI-based (high-confidence),0.0,1.0,,False
contig_398829,40908,DTR,,62,11,0.996,0.0029,10,46.9481,Viruses;Duplodnaviria;Heunggongvirae;Uroviricota;Caudoviricetes;;,40908,No,,62,20,1,Complete,High-quality,100.0,DTR (high-confidence),0.0,1.0,,False
contig_194888,17746,No terminal repeats,,25,11,0.9959,0.0029,8,16.0407,Viruses;Duplodnaviria;Heunggongvirae;Uroviricota;Caudoviricetes;;,17746,No,,25,7,0,Low-quality,Genome-fragment,25.48,HMM-based (lower-bound),0.0,1.0,,False
contig_241906,32797,No terminal repeats,,47,11,0.9958,0.0029,10,39.075,Viruses;Duplodnaviria;Heunggongvirae;Uroviricota;Caudoviricetes;;,32797,No,,47,15,0,Low-quality,Genome-fragment,42.53,AAI-based (medium-confidence),0.0,1.0,,False
contig_390809,6611,No terminal repeats,,10,11,0.9958,0.0029,3,11.9066,Viruses;Duplodnaviria;Heunggongvirae;Uroviricota;Caudoviricetes;;,6611,No,,10,3,0,Low-quality,Genome-fragment,19.11,AAI-based (medium-confidence),0.0,1.0,,False
contig_400529,17442,No terminal repeats,,21,11,0.9958,0.0029,7,24.822,Viruses;Duplodnaviria;Heunggongvirae;Uroviricota;Caudoviricetes;;,17442,No,,21,8,1,Medium-quality,Genome-fragment,55.09,AAI-based (high-confidence),0.0,1.0,,False
contig_247912,9225,No terminal repeats,,12,11,0.9957,0.003,3,8.2893,Viruses;Duplodnaviria;Heunggongvirae;Uroviricota;Caudoviricetes;;,9225,No,,12,5,1,Low-quality,Genome-fragment,20.11,AAI-based (medium-confidence),0.0,1.0,,False
contig_386553|provirus_1_15629,15629,Provirus,1-15629,13,11,0.9956,0.003,2,11.6478,Viruses;Duplodnaviria;Heunggongvirae;Uroviricota;Caudoviricetes;;,15629,No,,13,4,0,Low-quality,Genome-fragment,12.08,HMM-based (lower-bound),0.0,1.0,,True
contig_390820,5647,No terminal repeats,,7,11,0.9954,0.003,2,5.7269,Viruses;Duplodnaviria;Heunggongvirae;Uroviricota;Caudoviricetes;;,5647,No,,7,4,1,Low-quality,Genome-fragment,14.64,AAI-based (medium-confidence),0.0,1.0,,False
contig_308996|provirus_171925_229325,57401,Provirus,171925-229325,74,11,0.9953,0.0031,20,65.8758,Viruses;Duplodnaviria;Heunggongvirae;Uroviricota;Caudoviricetes;;,57401,No,,74,32,5,High-quality,High-quality,100.0,AAI-based (high-confidence),0.0,1.0,,True
contig_395949,6417,No terminal repeats,,5,11,0.9953,0.0031,1,2.7803,Viruses;Duplodnaviria;Heunggongvirae;Uroviricota;Caudoviricetes;;,6417,No,,5,1,0,Low-quality,Genome-fragment,13.48,HMM-based (lower-bound),0.0,1.0,,False
contig_398504,19846,No terminal repeats,,29,11,0.9951,0.0031,13,33.8324,Viruses;Duplodnaviria;Heunggongvirae;Uroviricota;Caudoviricetes;;,19846,No,,29,17,0,Low-quality,Genome-fragment,45.09,AAI-based (medium-confidence),0.0,1.0,,False
contig_407645,27041,No terminal repeats,,36,11,0.9949,0.0032,8,44.3774,Viruses;Duplodnaviria;Heunggongvirae;Uroviricota;Caudoviricetes;;,27041,No,,36,6,2,Low-quality,Genome-fragment,38.87,AAI-based (medium-confidence),0.0,1.0,,False
contig_395011,14861,No terminal repeats,,20,11,0.9947,0.0032,14,22.4262,Viruses;Duplodnaviria;Heunggongvirae;Uroviricota;Caudoviricetes;;,14861,Yes,13587.0,20,17,2,Low-quality,Genome-fragment,41.1,AAI-based (high-confidence),8.57,1.0,,True
contig_227074|provirus_19638_36673,17036,Provirus,19638-36673,17,11,0.9947,0.0032,3,8.2659,Viruses;Duplodnaviria;Heunggongvirae;Uroviricota;Caudoviricetes;;,17036,No,,17,3,1,Low-quality,Genome-fragment,40.23,AAI-based (high-confidence),0.0,1.0,,True
contig_236878|provirus_17389_35731,18343,Provirus,17389-35731,15,11,0.9947,0.0032,2,12.8397,Viruses;Duplodnaviria;Heunggongvirae;Uroviricota;Caudoviricetes;;,18343,No,,15,4,1,Low-quality,Genome-fragment,36.74,AAI-based (medium-confidence),0.0,1.0,,True
contig_15208,8185,No terminal repeats,,10,11,0.994,0.0033,2,4.0771,Viruses;Duplodnaviria;Heunggongvirae;Uroviricota;Caudoviricetes;;,8185,Yes,6699.0,10,3,1,Low-quality,Genome-fragment,10.92,AAI-based (medium-confidence),18.16,1.0,,True
contig_412920,7089,No terminal repeats,,10,11,0.9933,0.0034,1,4.4251,Viruses;Duplodnaviria;Heunggongvirae;Uroviricota;Caudoviricetes;;,7089,No,,10,2,1,Low-quality,Genome-fragment,18.14,AAI-based (high-confidence),0.0,1.0,,False
contig_313868|provirus_151_13636,13486,Provirus,151-13636,22,11,0.9926,0.0036,12,33.13,Viruses;Duplodnaviria;Heunggongvirae;Uroviricota;Caudoviricetes;;,13486,Yes,11762.0,22,16,2,Low-quality,Genome-fragment,30.93,AAI-based (high-confidence),12.78,1.0,,True
contig_419351|provirus_249_37195,36947,Provirus,249-37195,42,11,0.9925,0.0036,8,23.5111,Viruses;Duplodnaviria;Heunggongvirae;Uroviricota;Caudoviricetes;;,36947,No,,42,14,0,Low-quality,Genome-fragment,34.69,AAI-based (medium-confidence),0.0,1.0,,True
contig_402120,7553,No terminal repeats,,12,11,0.9922,0.0037,7,13.479,Viruses;Duplodnaviria;Heunggongvirae;Uroviricota;Caudoviricetes;;,7553,No,,12,6,0,Low-quality,Genome-fragment,19.87,AAI-based (high-confidence),0.0,1.01,,False
contig_414276|provirus_1_30154,30154,Provirus,1-30154,27,11,0.9919,0.0038,3,25.3421,Viruses;Duplodnaviria;Heunggongvirae;Uroviricota;Caudoviricetes;;,30154,No,,27,12,1,Medium-quality,Genome-fragment,73.39,AAI-based (medium-confidence),0.0,1.0,,True
contig_222952,7752,No terminal repeats,,9,11,0.9898,0.0042,1,6.3093,Viruses;Duplodnaviria;Heunggongvirae;Uroviricota;Caudoviricetes;;,7752,Yes,5732.0,9,1,1,Low-quality,Genome-fragment,12.04,HMM-based (lower-bound),26.06,1.0,,True
contig_238625,16925,No terminal repeats,,23,11,0.9871,0.0045,1,9.293,Viruses;Duplodnaviria;Heunggongvirae;Uroviricota;Caudoviricetes;;,16925,No,,23,5,2,Low-quality,Genome-fragment,22.41,AAI-based (medium-confidence),0.0,1.0,,False
contig_402567,7288,No terminal repeats,,10,11,0.987,0.0046,2,6.5238,Viruses;Duplodnaviria;Heunggongvirae;Uroviricota;Caudoviricetes;;,7288,No,,10,0,0,Low-quality,Genome-fragment,18.35,AAI-based (high-confidence),0.0,1.0,no viral genes detected,False
contig_418296,15643,No terminal repeats,,16,11,0.9865,0.0046,9,21.6395,Viruses;Duplodnaviria;Heunggongvirae;Uroviricota;Caudoviricetes;;,15643,No,,16,10,0,Low-quality,Genome-fragment,41.7,AAI-based (medium-confidence),0.0,1.0,,False
contig_423548,9906,No terminal repeats,,14,11,0.9862,0.0047,1,4.3429,Viruses;Duplodnaviria;Heunggongvirae;Uroviricota;Caudoviricetes;;,9906,No,,14,1,0,Low-quality,Genome-fragment,8.89,HMM-based (lower-bound),0.0,1.0,,False
contig_390593,11871,No terminal repeats,,13,11,0.9846,0.005,2,10.9166,Viruses;Duplodnaviria;Heunggongvirae;Uroviricota;Caudoviricetes;;,11871,No,,13,6,1,Low-quality,Genome-fragment,29.54,AAI-based (high-confidence),0.0,1.0,,False
contig_415972,11541,No terminal repeats,,11,11,0.982,0.0054,2,7.4407,Viruses;Duplodnaviria;Heunggongvirae;Uroviricota;Caudoviricetes;;,11541,No,,11,5,1,Low-quality,Genome-fragment,33.11,AAI-based (high-confidence),0.0,1.0,,False
contig_313850,25211,No terminal repeats,,34,11,0.9806,0.0056,2,8.1006,Viruses;Duplodnaviria;Heunggongvirae;Uroviricota;Caudoviricetes;;,25211,Yes,19623.0,34,4,3,Low-quality,Genome-fragment,16.98,HMM-based (lower-bound),22.16,1.0,,True
contig_53567,13834,No terminal repeats,,17,11,0.9792,0.0058,5,15.5595,Viruses;Duplodnaviria;Heunggongvirae;Uroviricota;Caudoviricetes;;,13834,No,,17,6,0,Low-quality,Genome-fragment,28.42,AAI-based (medium-confidence),0.0,1.0,,False
contig_301514|provirus_69350_119718,50369,Provirus,69350-119718,52,11,0.9789,0.0059,3,37.8872,Viruses;Duplodnaviria;Heunggongvirae;Uroviricota;Caudoviricetes;;,50369,Yes,38740.0,52,3,8,Medium-quality,Genome-fragment,88.01,AAI-based (high-confidence),23.09,1.0,,True
contig_421335|provirus_37661_77134,39474,Provirus,37661-77134,29,11,0.9787,0.0059,4,31.9445,Viruses;Duplodnaviria;Heunggongvirae;Uroviricota;Caudoviricetes;;,39474,No,,29,4,2,Medium-quality,Genome-fragment,63.44,AAI-based (high-confidence),0.0,1.0,,True
contig_386487|provirus_1_16086,16086,Provirus,1-16086,13,11,0.9779,0.006,2,13.14,Viruses;Duplodnaviria;Heunggongvirae;Uroviricota;Caudoviricetes;;,16086,No,,13,4,0,Low-quality,Genome-fragment,28.24,AAI-based (medium-confidence),0.0,1.0,,True
contig_407669|provirus_46710_80294,33585,Provirus,46710-80294,26,11,0.9744,0.0064,3,26.7897,Viruses;Duplodnaviria;Heunggongvirae;Uroviricota;Caudoviricetes;;,33585,No,,26,4,1,Medium-quality,Genome-fragment,53.87,AAI-based (high-confidence),0.0,1.0,,True
contig_307921|provirus_7673_27693,20021,Provirus,7673-27693,25,11,0.9718,0.0069,2,10.3283,Viruses;Duplodnaviria;Heunggongvirae;Uroviricota;Caudoviricetes;;,20021,No,,25,3,1,Low-quality,Genome-fragment,48.2,AAI-based (high-confidence),0.0,1.01,,True
contig_416647|provirus_40099_72987,32889,Provirus,40099-72987,34,11,0.9669,0.0077,9,23.0028,Viruses;Duplodnaviria;Heunggongvirae;Uroviricota;Caudoviricetes;;,32889,No,,35,15,0,Medium-quality,Genome-fragment,84.68,AAI-based (medium-confidence),0.0,1.0,,True
contig_421294,26689,No terminal repeats,,28,11,0.9667,0.0077,0,17.6517,Viruses;Duplodnaviria;Heunggongvirae;Uroviricota;Caudoviricetes;;,26689,No,,28,2,2,Medium-quality,Genome-fragment,59.37,AAI-based (medium-confidence),0.0,1.0,,False
contig_261041,9915,No terminal repeats,,12,11,0.9647,0.0079,1,8.9554,Viruses;Duplodnaviria;Heunggongvirae;Uroviricota;Caudoviricetes;;,9915,No,,12,4,0,Low-quality,Genome-fragment,13.01,AAI-based (medium-confidence),0.0,1.0,,False
contig_122792,21346,No terminal repeats,,20,11,0.9614,0.0088,0,8.5002,Viruses;Duplodnaviria;Heunggongvirae;Uroviricota;Caudoviricetes;;,21346,No,,20,2,2,Medium-quality,Genome-fragment,53.9,AAI-based (medium-confidence),0.0,1.0,,False
contig_358936|provirus_92961_153879,60919,Provirus,92961-153879,63,11,0.9603,0.0089,8,39.6733,Viruses;Duplodnaviria;Heunggongvirae;Uroviricota;Caudoviricetes;;,60919,Yes,31123.0,65,8,9,Low-quality,Genome-fragment,44.96,HMM-based (lower-bound),48.91,1.0,,True
contig_418856,6846,No terminal repeats,,6,11,0.9544,0.0097,2,2.9105,Viruses;Duplodnaviria;Heunggongvirae;Uroviricota;Caudoviricetes;;,6846,Yes,5739.0,6,3,1,Low-quality,Genome-fragment,9.37,AAI-based (medium-confidence),16.17,1.01,,True
contig_403573,13217,No terminal repeats,,16,11,0.9538,0.0097,3,12.0725,Viruses;Duplodnaviria;Heunggongvirae;Uroviricota;Caudoviricetes;;,13217,No,,16,6,0,Low-quality,Genome-fragment,30.42,AAI-based (medium-confidence),0.0,1.0,,False
contig_418803,6498,No terminal repeats,,10,11,0.9529,0.0099,3,10.3035,Unclassified,6498,No,,10,1,0,Low-quality,Genome-fragment,5.96,HMM-based (lower-bound),0.0,1.0,,False
contig_14867|provirus_9358_58859,49502,Provirus,9358-58859,44,11,0.9445,0.0111,8,30.6934,Viruses;Duplodnaviria;Heunggongvirae;Uroviricota;Caudoviricetes;;,49502,No,,44,9,2,Medium-quality,Genome-fragment,82.48,HMM-based (lower-bound),0.0,1.0,,True
contig_386579|provirus_28226_49916,21691,Provirus,28226-49916,29,11,0.941,0.0118,6,16.5739,Viruses;Duplodnaviria;Heunggongvirae;Uroviricota;Caudoviricetes;;,21691,No,,29,9,0,Low-quality,Genome-fragment,41.83,AAI-based (medium-confidence),0.0,1.0,,True
contig_407611|provirus_18078_25970,7893,Provirus,18078-25970,9,11,0.9395,0.0121,3,7.8061,Viruses;Duplodnaviria;Heunggongvirae;Uroviricota;Caudoviricetes;;,7893,Yes,5607.0,9,1,1,Low-quality,Genome-fragment,3.04,HMM-based (lower-bound),28.96,1.01,,True
contig_209524|provirus_1_32106,32106,Provirus,1-32106,35,11,0.9343,0.0128,1,15.9692,Viruses;Duplodnaviria;Heunggongvirae;Uroviricota;Caudoviricetes;;,32106,No,,35,6,1,Low-quality,Genome-fragment,40.38,HMM-based (lower-bound),0.0,1.0,,True
contig_124473|provirus_16136_28854,12719,Provirus,16136-28854,12,11,0.9339,0.0128,2,11.2424,Unclassified,12719,No,,12,1,0,Low-quality,Genome-fragment,11.32,HMM-based (lower-bound),0.0,1.0,,True
contig_167375|provirus_235_72104,71870,Provirus,235-72104,96,11,0.9306,0.0134,4,22.2835,Viruses;Duplodnaviria;Heunggongvirae;Uroviricota;Caudoviricetes;;,71870,No,,97,7,4,Medium-quality,Genome-fragment,76.35,HMM-based (lower-bound),0.0,1.0,,True
contig_214361,12559,No terminal repeats,,12,11,0.9294,0.0136,0,5.4822,Viruses;Duplodnaviria;Heunggongvirae;Uroviricota;Caudoviricetes;;,12559,Yes,9131.0,12,2,2,Low-quality,Genome-fragment,8.03,HMM-based (lower-bound),27.3,1.0,,True
contig_411547|provirus_8716_13460,4745,Provirus,8716-13460,7,11,0.9256,0.0141,4,7.0856,Viruses;Duplodnaviria;Heunggongvirae;Uroviricota;Caudoviricetes;;,4745,No,,6,3,0,Low-quality,Genome-fragment,10.31,AAI-based (medium-confidence),0.0,1.0,,True
contig_400647,10602,No terminal repeats,,15,11,0.9232,0.0146,7,19.6447,Viruses;Duplodnaviria;Heunggongvirae;Uroviricota;Caudoviricetes;;,10602,No,,15,9,1,Low-quality,Genome-fragment,25.83,AAI-based (medium-confidence),0.0,1.0,,False
contig_402627,9552,No terminal repeats,,11,11,0.9185,0.0155,4,2.5822,Viruses;Duplodnaviria;Heunggongvirae;Uroviricota;Caudoviricetes;;,9552,No,,11,5,2,Low-quality,Genome-fragment,18.24,AAI-based (high-confidence),0.0,1.0,,False
contig_261033|provirus_762_11006,10245,Provirus,762-11006,13,11,0.9157,0.0164,1,8.519,Viruses;Duplodnaviria;Heunggongvirae;Uroviricota;Caudoviricetes;;,10245,No,,13,1,0,Low-quality,Genome-fragment,15.33,HMM-based (lower-bound),0.0,1.0,,True
contig_406977,13503,No terminal repeats,,15,11,0.9039,0.0185,4,7.6897,Viruses;Duplodnaviria;Heunggongvirae;Uroviricota;Caudoviricetes;;,13503,No,,15,4,1,Low-quality,Genome-fragment,20.73,HMM-based (lower-bound),0.0,1.0,,False
contig_261016,38553,No terminal repeats,,41,11,0.9034,0.0187,1,18.269,Viruses;Duplodnaviria;Heunggongvirae;Uroviricota;Caudoviricetes;;,38553,No,,41,6,2,Low-quality,Genome-fragment,48.48,HMM-based (lower-bound),0.0,1.0,,False
contig_408157,8841,No terminal repeats,,8,11,0.9029,0.0187,0,1.7183,Unclassified,8841,No,,8,0,0,Not-determined,Genome-fragment,,,0.0,1.0,no viral genes detected,False
contig_45312|provirus_18830_35065,16236,Provirus,18830-35065,15,11,0.901,0.0193,6,15.7554,Viruses;Duplodnaviria;Heunggongvirae;Uroviricota;Caudoviricetes;;,16236,No,,15,4,0,Low-quality,Genome-fragment,25.88,AAI-based (medium-confidence),0.0,1.0,,True
contig_212012,9683,No terminal repeats,,13,11,0.8947,0.0202,3,7.6629,Viruses;Duplodnaviria;Heunggongvirae;Uroviricota;Caudoviricetes;;,9683,No,,13,3,0,Low-quality,Genome-fragment,20.51,AAI-based (medium-confidence),0.0,1.0,,False
contig_360107|provirus_232_45784,45553,Provirus,232-45784,38,11,0.8928,0.0205,5,13.4266,Viruses;Duplodnaviria;Heunggongvirae;Uroviricota;Caudoviricetes;;,45553,No,,38,5,2,Medium-quality,Genome-fragment,70.33,AAI-based (medium-confidence),0.0,1.0,,True
contig_407536,5247,No terminal repeats,,7,11,0.886,0.0221,2,8.3007,Viruses;Duplodnaviria;Heunggongvirae;Uroviricota;Caudoviricetes;;,5247,No,,7,4,0,Low-quality,Genome-fragment,8.86,AAI-based (medium-confidence),0.0,1.0,,False
contig_424560,6596,No terminal repeats,,11,11,0.8808,0.0232,1,2.7023,Viruses;Duplodnaviria;Heunggongvirae;Uroviricota;Caudoviricetes;;,6596,No,,11,2,0,Low-quality,Genome-fragment,6.72,HMM-based (lower-bound),0.0,1.0,,False
contig_403320|provirus_110_14042,13933,Provirus,110-14042,12,11,0.8508,0.03,5,13.3328,Viruses;Duplodnaviria;Heunggongvirae;Uroviricota;Caudoviricetes;;,13933,No,,13,2,0,Low-quality,Genome-fragment,20.38,HMM-based (lower-bound),0.0,1.0,,True
contig_175464|provirus_16983_28205,11223,Provirus,16983-28205,13,11,0.8455,0.031,1,10.3743,Viruses;Duplodnaviria;Heunggongvirae;Uroviricota;Caudoviricetes;;,11223,No,,15,4,1,Low-quality,Genome-fragment,15.65,AAI-based (medium-confidence),0.0,1.0,,True
contig_171280,5896,No terminal repeats,,5,11,0.8427,0.0315,1,2.7595,Viruses;Duplodnaviria;Heunggongvirae;Uroviricota;Caudoviricetes;;,5896,Yes,3524.0,5,1,1,Low-quality,Genome-fragment,5.22,HMM-based (lower-bound),40.23,1.01,,True
contig_15492|provirus_36840_63654,26815,Provirus,36840-63654,30,11,0.8184,0.0356,1,17.4556,Viruses;Duplodnaviria;Heunggongvirae;Uroviricota;Caudoviricetes;;,26815,No,,29,6,0,Medium-quality,Genome-fragment,51.53,AAI-based (medium-confidence),0.0,1.0,,True
contig_406569,6839,No terminal repeats,,6,11,0.8078,0.0372,1,3.5463,Viruses;Duplodnaviria;Heunggongvirae;Uroviricota;Caudoviricetes;;,6839,No,,6,1,0,Low-quality,Genome-fragment,6.32,HMM-based (lower-bound),0.0,1.0,,False
contig_368926,8699,No terminal repeats,,11,11,0.794,0.0391,2,2.535,Viruses;Duplodnaviria;Heunggongvirae;Uroviricota;Caudoviricetes;;,8699,No,,11,1,0,Low-quality,Genome-fragment,13.35,HMM-based (lower-bound),0.0,1.0,,False
contig_28854,16812,No terminal repeats,,21,11,0.7807,0.0418,1,4.2428,Viruses;Duplodnaviria;Heunggongvirae;Uroviricota;Caudoviricetes;;,16812,No,,21,1,1,Low-quality,Genome-fragment,15.39,HMM-based (lower-bound),0.0,1.01,,False
contig_407480,11872,No terminal repeats,,13,11,0.7797,0.0419,1,3.0388,Viruses;Duplodnaviria;Heunggongvirae;Uroviricota;Caudoviricetes;;,11872,No,,13,1,4,Low-quality,Genome-fragment,7.31,HMM-based (lower-bound),0.0,1.0,,False
contig_262616,15732,No terminal repeats,,15,11,0.7558,0.0478,1,8.4748,Viruses;Duplodnaviria;Heunggongvirae;Uroviricota;Caudoviricetes;;,15732,Yes,9895.0,15,2,3,Low-quality,Genome-fragment,8.7,HMM-based (lower-bound),37.1,1.0,,True
contig_9575,20589,No terminal repeats,,22,11,0.7461,0.0489,3,4.5293,Viruses;Duplodnaviria;Heunggongvirae;Uroviricota;Caudoviricetes;;,20589,Yes,14660.0,22,3,2,Low-quality,Genome-fragment,34.08,AAI-based (medium-confidence),28.8,1.0,,True
contig_423012,5998,No terminal repeats,,5,11,0.7239,0.053,0,2.767,Viruses;Duplodnaviria;Heunggongvirae;Uroviricota;Caudoviricetes;;,5998,No,,5,1,0,Low-quality,Genome-fragment,3.25,HMM-based (lower-bound),0.0,1.01,,False
contig_144297,49888,No terminal repeats,,42,11,0.7138,0.0547,5,18.6628,Viruses;Duplodnaviria;Heunggongvirae;Uroviricota;Caudoviricetes;;,49888,No,,42,7,2,High-quality,High-quality,100.0,AAI-based (medium-confidence),0.0,1.01,,False
contig_144371|provirus_9806_26026,16221,Provirus,9806-26026,15,11,0.705,0.0566,6,15.8462,Viruses;Duplodnaviria;Heunggongvirae;Uroviricota;Caudoviricetes;;,16221,No,,15,4,0,Low-quality,Genome-fragment,25.86,AAI-based (medium-confidence),0.0,1.0,,True
contig_450121,12318,No terminal repeats,,9,11,0.9981,0.0019,4,11.278,Viruses;Duplodnaviria;Heunggongvirae;Uroviricota;Caudoviricetes;;,12318,No,,9,6,0,Low-quality,Genome-fragment,17.72,AAI-based (medium-confidence),0.0,1.0,,False
contig_434243,9280,No terminal repeats,,14,11,0.998,0.0019,4,12.52,Viruses;Duplodnaviria;Heunggongvirae;Uroviricota;Caudoviricetes;;,9280,No,,14,7,0,Low-quality,Genome-fragment,25.87,AAI-based (medium-confidence),0.0,1.0,,False
contig_451771,6001,No terminal repeats,,13,11,0.998,0.0019,2,9.7616,Viruses;Duplodnaviria;Heunggongvirae;Uroviricota;Caudoviricetes;;,6001,No,,13,5,0,Low-quality,Genome-fragment,13.48,AAI-based (high-confidence),0.0,1.0,,False
contig_434532,5949,No terminal repeats,,7,11,0.998,0.0019,5,10.5298,Viruses;Duplodnaviria;Heunggongvirae;Uroviricota;Caudoviricetes;;,5949,No,,7,6,0,Low-quality,Genome-fragment,14.6,AAI-based (medium-confidence),0.0,1.0,,False
contig_454264,7653,No terminal repeats,,8,11,0.9979,0.0019,3,9.6636,Viruses;Duplodnaviria;Heunggongvirae;Uroviricota;Caudoviricetes;;,7653,No,,8,5,0,Low-quality,Genome-fragment,17.53,AAI-based (medium-confidence),0.0,1.0,,False
contig_433609,5686,No terminal repeats,,9,11,0.9979,0.002,2,4.6206,Viruses;Duplodnaviria;Heunggongvirae;Uroviricota;Caudoviricetes;;,5686,No,,9,2,0,Low-quality,Genome-fragment,11.99,AAI-based (high-confidence),0.0,1.0,,False
contig_446764,5744,No terminal repeats,,6,11,0.9979,0.002,1,6.122,Viruses;Duplodnaviria;Heunggongvirae;Uroviricota;Caudoviricetes;;,5744,No,,6,5,0,Low-quality,Genome-fragment,10.26,HMM-based (lower-bound),0.0,1.0,,False
contig_434947,111055,DTR,,148,11,0.9979,0.002,9,109.0422,Viruses;Duplodnaviria;Heunggongvirae;Uroviricota;Caudoviricetes;;,111055,No,,148,31,3,Medium-quality,Genome-fragment,73.89,AAI-based (medium-confidence),0.0,1.0,low-confidence DTR,False
contig_452785,32763,No terminal repeats,,55,11,0.9979,0.002,10,43.0543,Viruses;Duplodnaviria;Heunggongvirae;Uroviricota;Caudoviricetes;;,32763,No,,55,17,0,Medium-quality,Genome-fragment,50.43,HMM-based (lower-bound),0.0,1.01,,False
contig_453006,23518,No terminal repeats,,30,11,0.9978,0.002,18,38.5328,Viruses;Duplodnaviria;Heunggongvirae;Uroviricota;Caudoviricetes;;,23518,No,,30,23,1,Medium-quality,Genome-fragment,65.65,AAI-based (high-confidence),0.0,1.0,,False
contig_439997|provirus_1_47770,47770,Provirus,1-47770,69,11,0.9978,0.002,11,78.509,Viruses;Duplodnaviria;Heunggongvirae;Uroviricota;Caudoviricetes;;,47770,No,,69,42,1,High-quality,High-quality,100.0,AAI-based (high-confidence),0.0,1.0,,True
contig_433142,7081,No terminal repeats,,14,11,0.9978,0.002,9,16.5259,Viruses;Duplodnaviria;Heunggongvirae;Uroviricota;Caudoviricetes;;,7081,No,,14,11,0,Low-quality,Genome-fragment,19.38,AAI-based (high-confidence),0.0,1.0,,False
contig_434113|provirus_39525_52598,13074,Provirus,39525-52598,20,11,0.9978,0.002,2,14.6166,Viruses;Duplodnaviria;Heunggongvirae;Uroviricota;Caudoviricetes;;,13074,No,,24,6,0,Low-quality,Genome-fragment,29.63,AAI-based (medium-confidence),0.0,1.0,,True
contig_442639,42936,No terminal repeats,,62,11,0.9978,0.002,14,39.3311,Viruses;Duplodnaviria;Heunggongvirae;Uroviricota;Caudoviricetes;;,42936,No,,62,16,3,High-quality,High-quality,100.0,AAI-based (medium-confidence),0.0,1.0,,False
contig_440991,12181,No terminal repeats,,17,11,0.9977,0.002,5,15.4839,Viruses;Duplodnaviria;Heunggongvirae;Uroviricota;Caudoviricetes;;,12181,No,,17,5,0,Low-quality,Genome-fragment,17.0,AAI-based (medium-confidence),0.0,1.0,,False
contig_436205,11486,No terminal repeats,,20,11,0.9977,0.0021,8,23.6226,Viruses;Duplodnaviria;Heunggongvirae;Uroviricota;Caudoviricetes;;,11486,No,,20,10,0,Low-quality,Genome-fragment,25.57,AAI-based (medium-confidence),0.0,1.0,,False
contig_434603,12177,No terminal repeats,,15,11,0.9977,0.0021,8,14.6625,Viruses;Duplodnaviria;Heunggongvirae;Uroviricota;Caudoviricetes;;,12177,No,,15,12,1,Low-quality,Genome-fragment,36.13,AAI-based (high-confidence),0.0,1.0,,False
contig_443799,26636,No terminal repeats,,36,11,0.9977,0.0021,8,29.5694,Viruses;Duplodnaviria;Heunggongvirae;Uroviricota;Caudoviricetes;;,26636,No,,36,15,0,Medium-quality,Genome-fragment,58.66,AAI-based (high-confidence),0.0,1.0,,False
contig_455197,56418,No terminal repeats,,84,11,0.9975,0.0021,14,72.2501,Viruses;Duplodnaviria;Heunggongvirae;Uroviricota;Caudoviricetes;;,56418,No,,84,22,4,Medium-quality,Genome-fragment,73.32,HMM-based (lower-bound),0.0,1.0,,False
contig_442893,5791,No terminal repeats,,6,11,0.9975,0.0021,4,7.4266,Viruses;Duplodnaviria;Heunggongvirae;Uroviricota;Caudoviricetes;;,5791,No,,6,4,0,Low-quality,Genome-fragment,14.58,AAI-based (medium-confidence),0.0,1.0,,False
contig_447034,20618,No terminal repeats,,32,11,0.9974,0.0021,3,13.5373,Viruses;Duplodnaviria;Heunggongvirae;Uroviricota;Caudoviricetes;;,20618,No,,32,4,0,Low-quality,Genome-fragment,21.11,AAI-based (medium-confidence),0.0,1.0,,False
contig_434170,5963,No terminal repeats,,9,11,0.9974,0.0022,2,7.7992,Viruses;Duplodnaviria;Heunggongvirae;Uroviricota;Caudoviricetes;;,5963,No,,9,3,0,Low-quality,Genome-fragment,9.31,AAI-based (medium-confidence),0.0,1.0,,False
contig_438515,34113,No terminal repeats,,49,11,0.9974,0.0022,11,32.89,Viruses;Duplodnaviria;Heunggongvirae;Uroviricota;Caudoviricetes;;,34113,No,,49,18,0,Medium-quality,Genome-fragment,83.31,AAI-based (medium-confidence),0.0,1.0,,False
contig_439872,6935,No terminal repeats,,7,11,0.9973,0.0022,2,5.6116,Viruses;Duplodnaviria;Heunggongvirae;Uroviricota;Caudoviricetes;;,6935,No,,7,2,0,Low-quality,Genome-fragment,8.44,AAI-based (medium-confidence),0.0,1.0,,False
contig_449530|provirus_5564_40730,35167,Provirus,5564-40730,48,11,0.9973,0.0022,10,41.9586,Viruses;Duplodnaviria;Heunggongvirae;Uroviricota;Caudoviricetes;;,35167,No,,48,20,0,Medium-quality,Genome-fragment,75.46,AAI-based (high-confidence),0.0,1.0,,True
contig_454812,5558,No terminal repeats,,8,11,0.9972,0.0022,4,6.6716,Viruses;Duplodnaviria;Heunggongvirae;Uroviricota;Caudoviricetes;;,5558,No,,8,4,0,Low-quality,Genome-fragment,11.22,AAI-based (medium-confidence),0.0,1.0,,False
contig_437836,6536,No terminal repeats,,14,11,0.997,0.0023,2,10.0767,Viruses;Duplodnaviria;Heunggongvirae;Uroviricota;Caudoviricetes;;,6536,No,,14,3,1,Low-quality,Genome-fragment,16.82,AAI-based (medium-confidence),0.0,1.0,,False
contig_441911,43652,DTR,,55,11,0.9969,0.0023,7,58.2108,Viruses;Duplodnaviria;Heunggongvirae;Uroviricota;Caudoviricetes;;,43652,No,,55,14,0,Complete,High-quality,100.0,DTR (high-confidence),0.0,1.0,,False
contig_446000,18170,No terminal repeats,,18,11,0.9964,0.0024,2,7.1733,Viruses;Duplodnaviria;Heunggongvirae;Uroviricota;Caudoviricetes;;,18170,No,,18,1,0,Low-quality,Genome-fragment,32.87,AAI-based (high-confidence),0.0,1.0,,False
contig_448659,16679,No terminal repeats,,25,11,0.9961,0.0025,1,8.3141,Viruses;Duplodnaviria;Heunggongvirae;Uroviricota;Caudoviricetes;;,16679,No,,25,5,1,Low-quality,Genome-fragment,36.49,AAI-based (medium-confidence),0.0,1.0,,False
contig_442613,14344,No terminal repeats,,15,11,0.9957,0.0026,4,13.3514,Viruses;Duplodnaviria;Heunggongvirae;Uroviricota;Caudoviricetes;;,14344,No,,15,4,0,Low-quality,Genome-fragment,22.99,AAI-based (medium-confidence),0.0,1.0,,False
contig_444664,10909,DTR,,17,11,0.9951,0.0027,1,6.8608,Viruses;Duplodnaviria;Heunggongvirae;Uroviricota;Caudoviricetes;;,10909,No,,17,1,0,Low-quality,Genome-fragment,20.95,HMM-based (lower-bound),0.0,1.01,low-confidence DTR,False
contig_455082,15330,No terminal repeats,,15,11,0.9949,0.0027,3,15.0259,Viruses;Duplodnaviria;Heunggongvirae;Uroviricota;Caudoviricetes;;,15330,No,,15,3,0,Low-quality,Genome-fragment,33.38,AAI-based (medium-confidence),0.0,1.0,,False
contig_454509,58183,No terminal repeats,,70,11,0.9948,0.0027,10,55.923,Viruses;Duplodnaviria;Heunggongvirae;Uroviricota;Caudoviricetes;;,58183,No,,70,8,3,High-quality,High-quality,100.0,AAI-based (high-confidence),0.0,1.0,,False
contig_453339,6233,No terminal repeats,,6,11,0.9936,0.0029,3,6.839,Viruses;Duplodnaviria;Heunggongvirae;Uroviricota;Caudoviricetes;;,6233,No,,6,5,0,Low-quality,Genome-fragment,14.02,AAI-based (medium-confidence),0.0,1.0,,False
contig_438320,5097,No terminal repeats,,8,11,0.9928,0.003,1,9.0497,Viruses;Duplodnaviria;Heunggongvirae;Uroviricota;Caudoviricetes;;,5097,No,,8,4,0,Low-quality,Genome-fragment,6.59,HMM-based (lower-bound),0.0,1.0,,False
contig_455526,8516,DTR,,11,11,0.9925,0.0031,1,4.6505,Viruses;Duplodnaviria;Heunggongvirae;Uroviricota;Caudoviricetes;;,8516,No,,11,2,0,Low-quality,Genome-fragment,20.21,AAI-based (medium-confidence),0.0,1.01,low-confidence DTR,False
contig_435339,6762,No terminal repeats,,3,11,0.9908,0.0034,1,3.4041,Viruses;Duplodnaviria;Heunggongvirae;Uroviricota;Caudoviricetes;;,6762,No,,3,1,0,Low-quality,Genome-fragment,10.03,HMM-based (lower-bound),0.0,1.0,,False
contig_453805,14910,No terminal repeats,,24,11,0.9907,0.0034,1,4.9028,Viruses;Duplodnaviria;Heunggongvirae;Uroviricota;Caudoviricetes;;,14910,No,,24,2,0,Low-quality,Genome-fragment,29.28,HMM-based (lower-bound),0.0,1.0,,False
contig_446109,12792,No terminal repeats,,14,11,0.9903,0.0035,2,5.3189,Viruses;Duplodnaviria;Heunggongvirae;Uroviricota;Caudoviricetes;;,12792,No,,14,3,1,Low-quality,Genome-fragment,23.13,HMM-based (lower-bound),0.0,1.0,,False
contig_437051,6193,No terminal repeats,,10,11,0.989,0.0038,2,7.8647,Viruses;Duplodnaviria;Heunggongvirae;Uroviricota;Caudoviricetes;;,6193,No,,10,1,0,Low-quality,Genome-fragment,10.08,AAI-based (medium-confidence),0.0,1.0,,False
contig_441101,5544,No terminal repeats,,11,11,0.9875,0.0039,1,1.7183,Unclassified,5544,No,,11,0,0,Not-determined,Genome-fragment,,,0.0,1.0,no viral genes detected,False
contig_452301,37721,No terminal repeats,,52,11,0.9856,0.0041,3,15.3258,Viruses;Duplodnaviria;Heunggongvirae;Uroviricota;Caudoviricetes;;,37721,No,,52,7,1,Medium-quality,Genome-fragment,58.72,AAI-based (high-confidence),0.0,1.0,,False
contig_449345,9991,No terminal repeats,,14,11,0.9845,0.0043,6,17.109,Viruses;Duplodnaviria;Heunggongvirae;Uroviricota;Caudoviricetes;;,9991,No,,14,8,0,Low-quality,Genome-fragment,15.59,HMM-based (lower-bound),0.0,1.0,,False
contig_448457,11940,No terminal repeats,,14,11,0.9687,0.0058,9,21.7363,Viruses;Duplodnaviria;Heunggongvirae;Uroviricota;Caudoviricetes;;,11940,No,,14,12,0,Low-quality,Genome-fragment,31.36,AAI-based (high-confidence),0.0,1.0,,False
contig_451450,5879,No terminal repeats,,10,11,0.893,0.0157,0,2.931,Viruses;Duplodnaviria;Heunggongvirae;Uroviricota;Caudoviricetes;;,5879,No,,10,1,0,Low-quality,Genome-fragment,10.47,AAI-based (medium-confidence),0.0,1.0,,False
contig_446703|provirus_55101_78230,23130,Provirus,55101-78230,20,11,0.7205,0.0416,1,6.9672,Viruses;Duplodnaviria;Heunggongvirae;Uroviricota;Caudoviricetes;;,23130,No,,20,1,12,Low-quality,Genome-fragment,12.76,HMM-based (lower-bound),0.0,1.06,,True
contig_469331|provirus_55101_78230,23130,Provirus,55101-78230,20,11,0.7204,0.0416,1,6.9672,Viruses;Duplodnaviria;Heunggongvirae;Uroviricota;Caudoviricetes;;,23130,No,,20,1,12,Low-quality,Genome-fragment,12.76,HMM-based (lower-bound),0.0,1.06,,True
contig_479909,41376,No terminal repeats,,64,11,0.9978,0.002,15,61.6055,Viruses;Duplodnaviria;Heunggongvirae;Uroviricota;Caudoviricetes;;,41376,No,,64,31,1,High-quality,High-quality,100.0,AAI-based (medium-confidence),0.0,1.0,,False
contig_487366,24096,No terminal repeats,,30,11,0.9951,0.0028,7,31.6927,Viruses;Duplodnaviria;Heunggongvirae;Uroviricota;Caudoviricetes;;,24096,Yes,19433.0,30,12,2,Low-quality,Genome-fragment,31.72,AAI-based (high-confidence),19.35,1.0,,True
contig_479057,9224,No terminal repeats,,14,11,0.9941,0.003,3,12.3453,Viruses;Duplodnaviria;Heunggongvirae;Uroviricota;Caudoviricetes;;,9224,No,,14,4,0,Low-quality,Genome-fragment,20.26,AAI-based (medium-confidence),0.0,1.0,,False
contig_479462,5587,No terminal repeats,,5,11,0.8984,0.0142,0,2.1494,Viruses;Duplodnaviria;Heunggongvirae;Uroviricota;Caudoviricetes;;,5587,No,,5,0,1,Not-determined,Genome-fragment,,,0.0,1.0,no viral genes detected,False
contig_492656|provirus_55101_78230,23130,Provirus,55101-78230,20,11,0.8227,0.0255,1,10.0546,Viruses;Duplodnaviria;Heunggongvirae;Uroviricota;Caudoviricetes;;,23130,No,,20,1,12,Low-quality,Genome-fragment,12.76,HMM-based (lower-bound),0.0,1.06,,True
contig_483527,7012,No terminal repeats,,4,11,0.7657,0.0358,1,3.4366,Viruses;Duplodnaviria;Heunggongvirae;Uroviricota;Caudoviricetes;;,7012,No,,4,1,2,Low-quality,Genome-fragment,1.75,HMM-based (lower-bound),0.0,1.0,,False
contig_507316,10128,ITR,,11,11,0.9982,0.0017,3,13.332,Viruses;Duplodnaviria;Heunggongvirae;Uroviricota;Caudoviricetes;;,10128,No,,11,8,0,Low-quality,Genome-fragment,24.73,AAI-based (medium-confidence),0.0,1.0,low-confidence ITR,False
contig_512262,5846,No terminal repeats,,11,11,0.9982,0.0018,8,15.9152,Viruses;Duplodnaviria;Heunggongvirae;Uroviricota;Caudoviricetes;;,5846,No,,11,7,0,Low-quality,Genome-fragment,15.37,AAI-based (high-confidence),0.0,1.0,,False
contig_505312,7072,No terminal repeats,,10,11,0.9979,0.0018,4,10.5352,Viruses;Duplodnaviria;Heunggongvirae;Uroviricota;Caudoviricetes;;,7072,No,,10,2,0,Low-quality,Genome-fragment,5.9,HMM-based (lower-bound),0.0,1.01,,False
contig_507029,5528,No terminal repeats,,7,11,0.9906,0.0033,1,5.1548,Viruses;Duplodnaviria;Heunggongvirae;Uroviricota;Caudoviricetes;;,5528,Yes,4635.0,7,2,1,Low-quality,Genome-fragment,5.63,HMM-based (lower-bound),16.15,1.0,,True
contig_507655,9748,No terminal repeats,,13,11,0.9539,0.0076,9,16.83,Viruses;Duplodnaviria;Heunggongvirae;Uroviricota;Caudoviricetes;;,9748,No,,13,9,0,Low-quality,Genome-fragment,15.11,AAI-based (medium-confidence),0.0,1.0,,False
contig_510357,5314,No terminal repeats,,6,11,0.8088,0.0298,1,1.7159,Viruses;Duplodnaviria;Heunggongvirae;Uroviricota;Caudoviricetes;;,5314,No,,6,0,1,Not-determined,Genome-fragment,,,0.0,1.0,no viral genes detected,False
contig_515548,54314,No terminal repeats,,84,11,0.9971,0.002,14,50.2878,Viruses;Duplodnaviria;Heunggongvirae;Uroviricota;Caudoviricetes;;,54314,No,,84,18,3,Medium-quality,Genome-fragment,80.55,HMM-based (lower-bound),0.0,1.0,,False
contig_516955|provirus_17734_39234,21501,Provirus,17734-39234,31,11,0.9953,0.0025,6,15.1111,Viruses;Duplodnaviria;Heunggongvirae;Uroviricota;Caudoviricetes;;,21501,Yes,18206.0,31,9,3,Low-quality,Genome-fragment,46.24,AAI-based (medium-confidence),15.32,1.0,,True
contig_517948,12130,No terminal repeats,,18,11,0.7361,0.0394,7,14.1736,Viruses;Duplodnaviria;Heunggongvirae;Uroviricota;Caudoviricetes;;,12130,No,,18,3,0,Low-quality,Genome-fragment,12.37,HMM-based (lower-bound),0.0,1.0,,False
contig_530711,13497,No terminal repeats,,11,11,0.9979,0.002,0,13.7406,Viruses;Duplodnaviria;Heunggongvirae;Uroviricota;Caudoviricetes;;,13497,No,,11,2,0,Low-quality,Genome-fragment,30.02,AAI-based (medium-confidence),0.0,1.0,,False
contig_523053,40059,No terminal repeats,,44,11,0.9977,0.0021,2,20.2827,Viruses;Duplodnaviria;Heunggongvirae;Uroviricota;Caudoviricetes;;,40059,No,,44,9,0,Low-quality,Genome-fragment,15.21,AAI-based (medium-confidence),0.0,1.0,,False
contig_535391,35479,No terminal repeats,,35,11,0.9977,0.0021,5,28.3526,Viruses;Duplodnaviria;Heunggongvirae;Uroviricota;Caudoviricetes;;,35479,No,,35,13,2,Low-quality,Genome-fragment,14.4,AAI-based (medium-confidence),0.0,1.0,,False
contig_529517,5893,No terminal repeats,,8,11,0.9976,0.0021,3,6.2307,Viruses;Duplodnaviria;Heunggongvirae;Uroviricota;Caudoviricetes;;,5893,No,,8,3,0,Low-quality,Genome-fragment,12.09,AAI-based (high-confidence),0.0,1.0,,False
contig_526645,5379,No terminal repeats,,8,11,0.9972,0.0024,2,5.1497,Viruses;Duplodnaviria;Heunggongvirae;Uroviricota;Caudoviricetes;;,5379,No,,8,3,0,Low-quality,Genome-fragment,8.5,AAI-based (medium-confidence),0.0,1.0,,False
contig_530547,17224,No terminal repeats,,27,11,0.9972,0.0024,3,16.0025,Viruses;Duplodnaviria;Heunggongvirae;Uroviricota;Caudoviricetes;;,17224,No,,27,10,0,Low-quality,Genome-fragment,43.32,AAI-based (medium-confidence),0.0,1.01,,False
contig_531259,5460,No terminal repeats,,8,11,0.9969,0.0024,2,5.8808,Viruses;Duplodnaviria;Heunggongvirae;Uroviricota;Caudoviricetes;;,5460,No,,8,3,0,Low-quality,Genome-fragment,5.98,AAI-based (high-confidence),0.0,1.0,,False
contig_528919,32688,No terminal repeats,,51,11,0.9965,0.0026,1,16.63,Viruses;Duplodnaviria;Heunggongvirae;Uroviricota;Caudoviricetes;;,32688,No,,51,3,1,Low-quality,Genome-fragment,11.4,HMM-based (lower-bound),0.0,1.0,,False
contig_526054,130878,No terminal repeats,,170,11,0.995,0.0029,2,75.5967,Viruses;Duplodnaviria;Heunggongvirae;Uroviricota;Caudoviricetes;;,130878,No,,170,25,5,Low-quality,Genome-fragment,49.6,AAI-based (medium-confidence),0.0,1.0,,False
contig_534260,8212,No terminal repeats,,17,11,0.9947,0.003,1,15.2199,Viruses;Duplodnaviria;Heunggongvirae;Uroviricota;Caudoviricetes;;,8212,No,,17,3,0,Low-quality,Genome-fragment,17.74,AAI-based (high-confidence),0.0,1.0,,False
contig_537406,5005,No terminal repeats,,4,11,0.9425,0.0121,1,2.7638,Viruses;Duplodnaviria;Heunggongvirae;Uroviricota;Caudoviricetes;;,5005,No,,4,0,1,Not-determined,Genome-fragment,,,0.0,1.0,no viral genes detected,False
contig_536377,6893,No terminal repeats,,4,15,0.8589,0.0293,0,1.7161,Viruses;Duplodnaviria;Heunggongvirae;Uroviricota;Caudoviricetes;;,6893,No,,4,1,0,Low-quality,Genome-fragment,3.84,HMM-based (lower-bound),0.0,1.0,,False
contig_527912,7284,No terminal repeats,,8,11,0.8276,0.0356,2,5.6512,Viruses;Duplodnaviria;Heunggongvirae;Uroviricota;Caudoviricetes;;,7284,No,,8,3,0,Low-quality,Genome-fragment,18.76,AAI-based (high-confidence),0.0,1.0,,False
contig_531396,6951,No terminal repeats,,5,11,0.7625,0.0489,1,2.8206,Viruses;Duplodnaviria;Heunggongvirae;Uroviricota;Caudoviricetes;;,6951,No,,5,1,2,Low-quality,Genome-fragment,4.66,HMM-based (lower-bound),0.0,1.0,,False
contig_526370,12337,No terminal repeats,,14,11,0.7494,0.0517,1,6.9621,Viruses;Duplodnaviria;Heunggongvirae;Uroviricota;Caudoviricetes;;,12337,No,,14,1,3,Low-quality,Genome-fragment,10.11,HMM-based (lower-bound),0.0,1.0,,False
contig_535315,8222,No terminal repeats,,9,11,0.7448,0.0535,1,2.2803,Viruses;Duplodnaviria;Heunggongvirae;Uroviricota;Caudoviricetes;;Demerecviridae,8222,No,,9,3,0,Low-quality,Genome-fragment,17.22,AAI-based (medium-confidence),0.0,1.0,,False
contig_545169,7573,No terminal repeats,,8,11,0.9981,0.0018,3,9.367,Viruses;Duplodnaviria;Heunggongvirae;Uroviricota;Caudoviricetes;;,7573,No,,8,6,0,Low-quality,Genome-fragment,17.7,AAI-based (medium-confidence),0.0,1.0,,False
contig_546687,16464,No terminal repeats,,26,11,0.998,0.0019,5,17.5709,Viruses;Duplodnaviria;Heunggongvirae;Uroviricota;Caudoviricetes;;,16464,No,,26,6,1,Low-quality,Genome-fragment,39.24,AAI-based (medium-confidence),0.0,1.0,,False
contig_545734,15748,No terminal repeats,,24,11,0.9977,0.002,6,21.6719,Viruses;Duplodnaviria;Heunggongvirae;Uroviricota;Caudoviricetes;;,15748,No,,24,10,1,Low-quality,Genome-fragment,34.08,AAI-based (medium-confidence),0.0,1.0,,False
contig_549771,11364,No terminal repeats,,13,11,0.9977,0.002,4,11.7477,Viruses;Duplodnaviria;Heunggongvirae;Uroviricota;Caudoviricetes;;,11364,No,,13,2,0,Low-quality,Genome-fragment,14.29,HMM-based (lower-bound),0.0,1.0,,False
contig_555518,6038,No terminal repeats,,6,11,0.9973,0.0022,4,5.7329,Viruses;Duplodnaviria;Heunggongvirae;Uroviricota;Caudoviricetes;;,6038,No,,6,4,0,Low-quality,Genome-fragment,15.35,AAI-based (medium-confidence),0.0,1.0,,False
contig_545159,11912,No terminal repeats,,17,11,0.9966,0.0024,4,13.2065,Viruses;Duplodnaviria;Heunggongvirae;Uroviricota;Caudoviricetes;;,11912,No,,17,6,0,Low-quality,Genome-fragment,30.67,AAI-based (medium-confidence),0.0,1.0,,False
contig_549080,5030,No terminal repeats,,6,11,0.9934,0.0031,4,7.104,Viruses;Duplodnaviria;Heunggongvirae;Uroviricota;Caudoviricetes;;,5030,No,,6,3,0,Low-quality,Genome-fragment,11.13,AAI-based (medium-confidence),0.0,1.0,,False
contig_551388|provirus_5291_23244,17954,Provirus,5291-23244,22,11,0.9912,0.0034,6,23.0592,Viruses;Duplodnaviria;Heunggongvirae;Uroviricota;Caudoviricetes;;,17954,No,,22,12,0,Low-quality,Genome-fragment,49.12,AAI-based (medium-confidence),0.0,1.0,,True
contig_549104,10921,No terminal repeats,,13,11,0.9892,0.0037,8,18.8134,Viruses;Duplodnaviria;Heunggongvirae;Uroviricota;Caudoviricetes;;,10921,No,,13,10,0,Low-quality,Genome-fragment,28.41,AAI-based (medium-confidence),0.0,1.0,,False
contig_553868,10848,No terminal repeats,,11,11,0.9773,0.0053,1,6.7265,Viruses;Duplodnaviria;Heunggongvirae;Uroviricota;Caudoviricetes;;,10848,No,,11,2,1,Low-quality,Genome-fragment,9.54,HMM-based (lower-bound),0.0,1.0,,False
contig_551640,5195,No terminal repeats,,6,11,0.9203,0.014,0,4.3499,Viruses;Duplodnaviria;Heunggongvirae;Uroviricota;Caudoviricetes;;,5195,Yes,3945.0,6,1,1,Low-quality,Genome-fragment,8.6,HMM-based (lower-bound),24.06,1.0,,True
contig_540324,8882,No terminal repeats,,14,11,0.8848,0.0216,1,3.4366,Viruses;Duplodnaviria;Heunggongvirae;Uroviricota;Caudoviricetes;;,8882,No,,14,1,1,Low-quality,Genome-fragment,14.52,HMM-based (lower-bound),0.0,1.0,,False
contig_545933,6416,No terminal repeats,,4,11,0.8757,0.0235,0,3.0432,Viruses;Duplodnaviria;Heunggongvirae;Uroviricota;Caudoviricetes;;,6416,Yes,1626.0,4,1,2,Low-quality,Genome-fragment,1.09,HMM-based (lower-bound),74.66,1.05,,True
contig_555906,5467,No terminal repeats,,7,11,0.8684,0.0247,1,1.7183,Viruses;Duplodnaviria;Heunggongvirae;Uroviricota;Caudoviricetes;;,5467,No,,7,0,1,Not-determined,Genome-fragment,,,0.0,1.0,no viral genes detected,False
contig_547260,5046,No terminal repeats,,3,11,0.8443,0.0278,2,3.4338,Viruses;Duplodnaviria;Heunggongvirae;Uroviricota;Caudoviricetes;;,5046,No,,3,0,0,Low-quality,Genome-fragment,6.0,AAI-based (high-confidence),0.0,1.0,no viral genes detected,False
contig_546429,5645,No terminal repeats,,8,11,0.8176,0.031,3,5.5464,Viruses;Duplodnaviria;Heunggongvirae;Uroviricota;Caudoviricetes;;,5645,No,,8,4,0,Low-quality,Genome-fragment,8.55,HMM-based (lower-bound),0.0,1.0,,False
contig_541815,6317,No terminal repeats,,8,11,0.7298,0.044,2,6.709,Viruses;Duplodnaviria;Heunggongvirae;Uroviricota;Caudoviricetes;;,6317,No,,8,3,0,Low-quality,Genome-fragment,16.87,AAI-based (medium-confidence),0.0,1.0,,False
contig_570106,5189,No terminal repeats,,5,11,0.9975,0.0021,3,4.2872,Viruses;Duplodnaviria;Heunggongvirae;Uroviricota;Caudoviricetes;;,5189,No,,5,3,0,Low-quality,Genome-fragment,12.26,AAI-based (medium-confidence),0.0,1.0,,False
contig_565417,6965,No terminal repeats,,7,11,0.9923,0.0033,1,3.3284,Viruses;Duplodnaviria;Heunggongvirae;Uroviricota;Caudoviricetes;;,6965,No,,7,1,0,Low-quality,Genome-fragment,8.01,HMM-based (lower-bound),0.0,1.0,,False
contig_571793,28758,No terminal repeats,,31,11,0.9908,0.0035,8,38.3197,Viruses;Duplodnaviria;Heunggongvirae;Uroviricota;Caudoviricetes;;,28758,No,,31,17,0,Medium-quality,Genome-fragment,69.28,AAI-based (high-confidence),0.0,1.0,,False
contig_561908,5908,No terminal repeats,,10,11,0.9334,0.0121,1,4.4067,Viruses;Duplodnaviria;Heunggongvirae;Uroviricota;Caudoviricetes;;,5908,No,,10,0,0,Not-determined,Genome-fragment,,,0.0,1.0,no viral genes detected,False
contig_575850,5472,No terminal repeats,,6,11,0.9039,0.0176,1,5.8388,Viruses;Duplodnaviria;Heunggongvirae;Uroviricota;Caudoviricetes;;,5472,No,,6,1,0,Low-quality,Genome-fragment,11.25,AAI-based (high-confidence),0.0,1.0,,False
contig_564339,6416,No terminal repeats,,4,11,0.8719,0.0253,0,3.0432,Viruses;Duplodnaviria;Heunggongvirae;Uroviricota;Caudoviricetes;;,6416,Yes,1626.0,4,1,2,Low-quality,Genome-fragment,1.09,HMM-based (lower-bound),74.66,1.05,,True
contig_568448,5421,No terminal repeats,,6,11,0.8044,0.0337,1,3.3988,Viruses;Duplodnaviria;Heunggongvirae;Uroviricota;Caudoviricetes;;,5421,No,,6,0,0,Not-determined,Genome-fragment,,,0.0,1.01,no viral genes detected,False
contig_581343,5956,No terminal repeats,,11,11,0.9983,0.0017,2,16.0399,Viruses;Duplodnaviria;Heunggongvirae;Uroviricota;Caudoviricetes;;,5956,No,,11,6,0,Low-quality,Genome-fragment,13.24,AAI-based (medium-confidence),0.0,1.0,,False
contig_596423,5164,No terminal repeats,,8,11,0.9982,0.0017,3,13.4382,Viruses;Duplodnaviria;Heunggongvirae;Uroviricota;Caudoviricetes;;,5164,No,,8,4,1,Low-quality,Genome-fragment,12.96,AAI-based (medium-confidence),0.0,1.0,,False
contig_597675,6522,No terminal repeats,,14,11,0.9982,0.0018,5,19.4364,Viruses;Duplodnaviria;Heunggongvirae;Uroviricota;Caudoviricetes;;,6522,No,,14,7,0,Low-quality,Genome-fragment,8.54,HMM-based (lower-bound),0.0,1.0,,False
contig_591846,40862,No terminal repeats,,63,11,0.9981,0.0018,17,63.3295,Viruses;Duplodnaviria;Heunggongvirae;Uroviricota;Caudoviricetes;;,40862,No,,63,30,1,High-quality,High-quality,93.67,AAI-based (medium-confidence),0.0,1.0,,False
contig_594510,10394,No terminal repeats,,16,11,0.998,0.0019,3,11.361,Viruses;Duplodnaviria;Heunggongvirae;Uroviricota;Caudoviricetes;;,10394,No,,16,4,0,Low-quality,Genome-fragment,25.37,AAI-based (high-confidence),0.0,1.0,,False
contig_596198,5455,No terminal repeats,,6,11,0.9979,0.0019,2,4.9224,Viruses;Duplodnaviria;Heunggongvirae;Uroviricota;Caudoviricetes;;,5455,No,,6,2,0,Low-quality,Genome-fragment,9.13,HMM-based (lower-bound),0.0,1.0,,False
contig_594263,18341,No terminal repeats,,19,11,0.9976,0.002,7,14.4032,Viruses;Duplodnaviria;Heunggongvirae;Uroviricota;Caudoviricetes;;,18341,No,,19,7,0,Low-quality,Genome-fragment,26.62,HMM-based (lower-bound),0.0,1.0,,False
contig_579244,6669,No terminal repeats,,8,11,0.9975,0.002,3,10.9966,Viruses;Duplodnaviria;Heunggongvirae;Uroviricota;Caudoviricetes;;,6669,No,,8,7,0,Low-quality,Genome-fragment,8.97,HMM-based (lower-bound),0.0,1.0,,False
contig_596363,10404,No terminal repeats,,12,11,0.9975,0.0021,2,10.1167,Viruses;Duplodnaviria;Heunggongvirae;Uroviricota;Caudoviricetes;;,10404,No,,12,5,1,Low-quality,Genome-fragment,12.8,HMM-based (lower-bound),0.0,1.0,,False
contig_587857|provirus_10404_23958,13555,Provirus,10404-23958,15,11,0.9971,0.0022,2,7.8892,Viruses;Duplodnaviria;Heunggongvirae;Uroviricota;Caudoviricetes;;,13555,No,,15,4,0,Low-quality,Genome-fragment,17.75,HMM-based (lower-bound),0.0,1.0,,True
contig_588865,50160,No terminal repeats,,92,11,0.997,0.0022,13,52.058,Viruses;Duplodnaviria;Heunggongvirae;Uroviricota;Caudoviricetes;;,50160,No,,92,20,2,High-quality,High-quality,90.69,AAI-based (high-confidence),0.0,1.0,,False
contig_587170|provirus_37269_63560,26292,Provirus,37269-63560,37,11,0.9969,0.0022,12,24.2072,Viruses;Duplodnaviria;Heunggongvirae;Uroviricota;Caudoviricetes;;,26292,No,,30,10,1,Medium-quality,Genome-fragment,67.73,AAI-based (high-confidence),0.0,1.0,,True
contig_599389|provirus_6403_23288,16886,Provirus,6403-23288,25,11,0.9967,0.0023,4,15.032,Viruses;Duplodnaviria;Heunggongvirae;Uroviricota;Caudoviricetes;;,16886,No,,25,6,0,Low-quality,Genome-fragment,43.48,AAI-based (medium-confidence),0.0,1.0,,True
contig_589775,16855,No terminal repeats,,29,11,0.9964,0.0024,2,6.5787,Viruses;Varidnaviria;Bamfordvirae;Preplasmiviricota;Tectiliviricetes;Kalamavirales;Tectiviridae,16855,No,,29,1,0,High-quality,High-quality,100.0,AAI-based (medium-confidence),0.0,1.01,,False
contig_596446|provirus_13678_60855,47178,Provirus,13678-60855,54,11,0.9954,0.0026,4,61.4832,Viruses;Duplodnaviria;Heunggongvirae;Uroviricota;Caudoviricetes;;,47178,No,,54,1,4,High-quality,High-quality,100.0,AAI-based (high-confidence),0.0,1.0,,True
contig_595569,5148,No terminal repeats,,8,11,0.9933,0.003,1,4.9051,Viruses;Duplodnaviria;Heunggongvirae;Uroviricota;Caudoviricetes;;,5148,No,,8,1,0,Low-quality,Genome-fragment,8.87,HMM-based (lower-bound),0.0,1.0,,False
contig_581547,19931,No terminal repeats,,28,11,0.9916,0.0032,3,11.2346,Viruses;Duplodnaviria;Heunggongvirae;Uroviricota;Caudoviricetes;;,19931,No,,28,5,1,Low-quality,Genome-fragment,35.84,HMM-based (lower-bound),0.0,1.0,,False
contig_599383,10957,No terminal repeats,,15,11,0.9769,0.0049,3,7.851,Viruses;Duplodnaviria;Heunggongvirae;Uroviricota;Caudoviricetes;;,10957,No,,15,2,0,Low-quality,Genome-fragment,12.72,HMM-based (lower-bound),0.0,1.0,,False
contig_579836,6477,No terminal repeats,,6,11,0.9625,0.0068,1,1.6802,Viruses;Duplodnaviria;Heunggongvirae;Uroviricota;Caudoviricetes;;,6477,Yes,1820.0,6,1,1,Low-quality,Genome-fragment,3.07,HMM-based (lower-bound),71.9,1.0,,True
contig_587615,9629,No terminal repeats,,20,11,0.9567,0.0073,1,4.4707,Viruses;Duplodnaviria;Heunggongvirae;Uroviricota;Caudoviricetes;;,9629,No,,20,0,0,Not-determined,Genome-fragment,,,0.0,1.0,no viral genes detected,False
contig_596292,15543,No terminal repeats,,16,11,0.952,0.008,2,3.219,Viruses;Duplodnaviria;Heunggongvirae;Uroviricota;Caudoviricetes;;,15543,No,,16,3,0,Low-quality,Genome-fragment,17.91,AAI-based (medium-confidence),0.0,1.0,,False
contig_590725,5681,No terminal repeats,,10,11,0.8952,0.0176,1,1.6977,Viruses;Duplodnaviria;Heunggongvirae;Uroviricota;Caudoviricetes;;,5681,No,,10,1,0,Low-quality,Genome-fragment,9.2,HMM-based (lower-bound),0.0,1.0,,False
contig_585356,5419,No terminal repeats,,6,11,0.8934,0.0181,1,1.7183,Viruses;Duplodnaviria;Heunggongvirae;Uroviricota;Caudoviricetes;;,5419,No,,6,0,1,Not-determined,Genome-fragment,,,0.0,1.0,no viral genes detected,False
contig_578255,8599,No terminal repeats,,13,11,0.8784,0.021,8,16.3737,Viruses;Duplodnaviria;Heunggongvirae;Uroviricota;Caudoviricetes;;,8599,No,,13,8,1,Low-quality,Genome-fragment,8.79,HMM-based (lower-bound),0.0,1.0,,False
contig_583626,5466,No terminal repeats,,9,11,0.8294,0.0305,1,1.0388,Viruses;Duplodnaviria;Heunggongvirae;Uroviricota;Caudoviricetes;;,5466,No,,9,1,1,Low-quality,Genome-fragment,11.42,AAI-based (medium-confidence),0.0,1.0,,False
contig_617111,7492,No terminal repeats,,11,11,0.9925,0.0031,2,2.4463,Viruses;Duplodnaviria;Heunggongvirae;Uroviricota;Caudoviricetes;;,7492,No,,11,1,0,Low-quality,Genome-fragment,10.87,AAI-based (medium-confidence),0.0,1.0,,False
contig_606678,9078,No terminal repeats,,11,11,0.9797,0.0047,3,8.5914,Viruses;Duplodnaviria;Heunggongvirae;Uroviricota;Caudoviricetes;;,9078,Yes,5603.0,11,3,2,Low-quality,Genome-fragment,12.96,AAI-based (medium-confidence),38.28,1.0,,True
contig_635923,46237,No terminal repeats,,73,11,0.9974,0.0021,6,56.2749,Viruses;Duplodnaviria;Heunggongvirae;Uroviricota;Caudoviricetes;;,46237,No,,73,6,3,High-quality,High-quality,100.0,AAI-based (high-confidence),0.0,1.0,,False
contig_633616,19095,No terminal repeats,,20,11,0.992,0.0032,2,9.0742,Viruses;Duplodnaviria;Heunggongvirae;Uroviricota;Caudoviricetes;;,19095,No,,20,3,0,Low-quality,Genome-fragment,45.1,AAI-based (high-confidence),0.0,1.0,,False
contig_639588,6877,No terminal repeats,,7,11,0.976,0.005,1,2.7633,Viruses;Duplodnaviria;Heunggongvirae;Uroviricota;Caudoviricetes;;,6877,No,,7,1,0,Low-quality,Genome-fragment,13.16,AAI-based (medium-confidence),0.0,1.0,,False
contig_630495,12103,No terminal repeats,,13,11,0.87,0.0234,0,4.9236,Viruses;Duplodnaviria;Heunggongvirae;Uroviricota;Caudoviricetes;;,12103,No,,13,1,0,Low-quality,Genome-fragment,18.25,HMM-based (lower-bound),0.0,1.0,,False
contig_649846,10991,No terminal repeats,,20,11,0.9972,0.0027,0,16.458,Viruses;Duplodnaviria;Heunggongvirae;Uroviricota;Caudoviricetes;;,10991,No,,20,8,0,Low-quality,Genome-fragment,11.93,AAI-based (medium-confidence),0.0,1.0,,False
contig_650820,12340,No terminal repeats,,7,11,0.9707,0.0079,1,1.3074,Viruses;Duplodnaviria;Heunggongvirae;Uroviricota;Caudoviricetes;;,12340,Yes,8851.0,7,1,1,Low-quality,Genome-fragment,18.8,AAI-based (medium-confidence),28.27,1.0,,True
contig_667997,9727,No terminal repeats,,10,11,0.9989,0.0011,5,15.9662,Viruses;Duplodnaviria;Heunggongvirae;Uroviricota;Caudoviricetes;;,9727,No,,10,7,0,Low-quality,Genome-fragment,19.74,AAI-based (medium-confidence),0.0,1.0,,False
contig_668773,14423,No terminal repeats,,19,11,0.9989,0.0011,9,22.3974,Viruses;Duplodnaviria;Heunggongvirae;Uroviricota;Caudoviricetes;;,14423,No,,19,9,0,Low-quality,Genome-fragment,42.18,AAI-based (medium-confidence),0.0,1.0,,False
contig_665610,10755,No terminal repeats,,14,11,0.9989,0.0011,10,21.9582,Viruses;Duplodnaviria;Heunggongvirae;Uroviricota;Caudoviricetes;;,10755,No,,14,10,0,Low-quality,Genome-fragment,28.52,AAI-based (medium-confidence),0.0,1.0,,False
contig_672843,11793,No terminal repeats,,15,11,0.9989,0.0011,8,22.4551,Viruses;Duplodnaviria;Heunggongvirae;Uroviricota;Caudoviricetes;;,11793,No,,15,14,0,Low-quality,Genome-fragment,23.51,AAI-based (medium-confidence),0.0,1.0,,False
contig_666010,6780,No terminal repeats,,9,11,0.9989,0.0011,1,10.5535,Viruses;Duplodnaviria;Heunggongvirae;Uroviricota;Caudoviricetes;;,6780,No,,9,5,0,Low-quality,Genome-fragment,10.48,HMM-based (lower-bound),0.0,1.0,,False
contig_665805,30951,No terminal repeats,,45,11,0.9988,0.0011,12,53.9572,Viruses;Duplodnaviria;Heunggongvirae;Uroviricota;Caudoviricetes;;,30951,No,,45,24,0,Medium-quality,Genome-fragment,68.68,AAI-based (medium-confidence),0.0,1.0,,False
contig_672826,13556,No terminal repeats,,25,11,0.9988,0.0011,4,19.7453,Viruses;Duplodnaviria;Heunggongvirae;Uroviricota;Caudoviricetes;;,13556,No,,25,7,0,Low-quality,Genome-fragment,23.57,AAI-based (high-confidence),0.0,1.0,,False
contig_668238,18542,No terminal repeats,,25,11,0.9986,0.0012,12,30.8347,Viruses;Duplodnaviria;Heunggongvirae;Uroviricota;Caudoviricetes;;,18542,No,,25,13,0,Low-quality,Genome-fragment,39.76,AAI-based (medium-confidence),0.0,1.0,,False
contig_669064,9363,No terminal repeats,,12,11,0.9986,0.0012,3,10.3063,Viruses;Duplodnaviria;Heunggongvirae;Uroviricota;Caudoviricetes;;,9363,No,,12,1,1,Low-quality,Genome-fragment,5.08,HMM-based (lower-bound),0.0,1.0,,False
contig_663660,6473,No terminal repeats,,5,11,0.9985,0.0012,3,6.4137,Viruses;Duplodnaviria;Heunggongvirae;Uroviricota;Caudoviricetes;;,6473,No,,5,4,0,Low-quality,Genome-fragment,12.69,AAI-based (medium-confidence),0.0,1.0,,False
contig_665504,10302,No terminal repeats,,14,11,0.9985,0.0012,7,16.7826,Viruses;Duplodnaviria;Heunggongvirae;Uroviricota;Caudoviricetes;;,10302,No,,14,11,0,Low-quality,Genome-fragment,18.2,AAI-based (high-confidence),0.0,1.0,,False
contig_666446,20086,No terminal repeats,,28,11,0.9984,0.0013,11,34.4753,Viruses;Duplodnaviria;Heunggongvirae;Uroviricota;Caudoviricetes;;,20086,No,,28,11,2,Low-quality,Genome-fragment,43.25,AAI-based (medium-confidence),0.0,1.0,,False
contig_661725,5398,No terminal repeats,,8,11,0.9984,0.0013,2,12.8146,Viruses;Duplodnaviria;Heunggongvirae;Uroviricota;Caudoviricetes;;,5398,No,,8,5,0,Low-quality,Genome-fragment,6.79,HMM-based (lower-bound),0.0,1.0,,False
contig_665730,5349,No terminal repeats,,6,11,0.9984,0.0013,2,5.7022,Viruses;Duplodnaviria;Heunggongvirae;Uroviricota;Caudoviricetes;;,5349,No,,6,4,0,Low-quality,Genome-fragment,10.74,AAI-based (high-confidence),0.0,1.0,,False
contig_662831,42061,No terminal repeats,,60,11,0.9984,0.0013,8,46.5648,Viruses;Duplodnaviria;Heunggongvirae;Uroviricota;Caudoviricetes;;,42061,No,,60,19,0,Medium-quality,Genome-fragment,89.63,AAI-based (high-confidence),0.0,1.0,,False
contig_666400,5240,No terminal repeats,,11,11,0.9982,0.0014,1,7.5476,Viruses;Duplodnaviria;Heunggongvirae;Uroviricota;Caudoviricetes;;,5240,No,,11,2,0,Low-quality,Genome-fragment,11.57,AAI-based (high-confidence),0.0,1.0,,False
contig_662339,11283,No terminal repeats,,13,11,0.9982,0.0014,2,13.6707,Viruses;Duplodnaviria;Heunggongvirae;Uroviricota;Caudoviricetes;;,11283,No,,13,3,0,Low-quality,Genome-fragment,29.53,AAI-based (medium-confidence),0.0,1.0,,False
contig_664123,6502,No terminal repeats,,12,11,0.9981,0.0014,3,9.3533,Viruses;Duplodnaviria;Heunggongvirae;Uroviricota;Caudoviricetes;;,6502,No,,12,3,0,Low-quality,Genome-fragment,14.81,AAI-based (high-confidence),0.0,1.0,,False
contig_668673,8429,No terminal repeats,,6,11,0.998,0.0014,1,2.9624,Viruses;Duplodnaviria;Heunggongvirae;Uroviricota;Caudoviricetes;;,8429,No,,6,1,0,Low-quality,Genome-fragment,3.4,AAI-based (medium-confidence),0.0,1.0,,False
contig_673160,39910,No terminal repeats,,44,11,0.9975,0.0015,17,49.7131,Viruses;Duplodnaviria;Heunggongvirae;Uroviricota;Caudoviricetes;;,39910,No,,44,21,0,High-quality,High-quality,100.0,AAI-based (high-confidence),0.0,1.0,,False
contig_673351,20583,No terminal repeats,,41,11,0.9972,0.0016,2,21.1373,Viruses;Duplodnaviria;Heunggongvirae;Uroviricota;Caudoviricetes;;,20583,No,,41,6,0,Low-quality,Genome-fragment,44.44,AAI-based (medium-confidence),0.0,1.0,,False
contig_666299|provirus_6043_23234,17192,Provirus,6043-23234,23,11,0.9971,0.0016,5,22.106,Viruses;Duplodnaviria;Heunggongvirae;Uroviricota;Caudoviricetes;;,17192,No,,25,6,1,Low-quality,Genome-fragment,36.73,AAI-based (medium-confidence),0.0,1.0,,True
contig_672682,10553,No terminal repeats,,11,11,0.9967,0.0017,2,10.1809,Viruses;Duplodnaviria;Heunggongvirae;Uroviricota;Caudoviricetes;;,10553,No,,11,4,0,Low-quality,Genome-fragment,16.07,HMM-based (lower-bound),0.0,1.0,,False
contig_664612,18589,No terminal repeats,,20,11,0.9964,0.0018,6,14.5367,Viruses;Duplodnaviria;Heunggongvirae;Uroviricota;Caudoviricetes;;,18589,No,,20,9,1,Low-quality,Genome-fragment,32.09,AAI-based (high-confidence),0.0,1.0,,False
contig_673500|provirus_3722_9119,5398,Provirus,3722-9119,9,11,0.9959,0.0019,0,7.2463,Viruses;Duplodnaviria;Heunggongvirae;Uroviricota;Caudoviricetes;;,5398,No,,10,3,0,Low-quality,Genome-fragment,8.49,HMM-based (lower-bound),0.0,1.0,,True
contig_666189,83204,No terminal repeats,,121,11,0.9954,0.002,6,50.0804,Viruses;Duplodnaviria;Heunggongvirae;Uroviricota;Caudoviricetes;;,83204,No,,121,20,0,High-quality,High-quality,97.32,AAI-based (high-confidence),0.0,1.0,,False
contig_670513,9469,No terminal repeats,,8,11,0.9839,0.0035,4,11.5193,Viruses;Duplodnaviria;Heunggongvirae;Uroviricota;Caudoviricetes;;,9469,No,,8,5,0,Low-quality,Genome-fragment,20.35,AAI-based (medium-confidence),0.0,1.0,,False
contig_664663,8208,No terminal repeats,,11,11,0.9769,0.0041,7,15.5622,Viruses;Duplodnaviria;Heunggongvirae;Uroviricota;Caudoviricetes;;,8208,No,,11,8,0,Low-quality,Genome-fragment,21.62,AAI-based (high-confidence),0.0,1.0,,False
contig_661894,22067,No terminal repeats,,24,11,0.972,0.0047,2,7.6495,Viruses;Duplodnaviria;Heunggongvirae;Uroviricota;Caudoviricetes;;,22067,No,,24,0,3,Not-determined,Genome-fragment,,,0.0,1.0,no viral genes detected,False
contig_670656,5139,No terminal repeats,,10,11,0.9201,0.0113,1,6.5184,Viruses;Duplodnaviria;Heunggongvirae;Uroviricota;Caudoviricetes;;,5139,No,,10,2,0,Low-quality,Genome-fragment,9.04,AAI-based (high-confidence),0.0,1.0,,False
contig_665524,7974,No terminal repeats,,9,11,0.8169,0.0209,2,10.1497,Viruses;Duplodnaviria;Heunggongvirae;Uroviricota;Caudoviricetes;;,7974,No,,9,3,0,Low-quality,Genome-fragment,5.97,HMM-based (lower-bound),0.0,1.0,,False
contig_665529,5398,No terminal repeats,,6,11,0.7385,0.0298,1,6.8527,Viruses;Duplodnaviria;Heunggongvirae;Uroviricota;Caudoviricetes;;,5398,No,,6,1,0,Low-quality,Genome-fragment,8.58,AAI-based (high-confidence),0.0,1.05,,False
contig_669675,13245,No terminal repeats,,13,11,0.7083,0.0333,1,1.7183,Unclassified,13245,No,,13,0,0,Not-determined,Genome-fragment,,,0.0,1.0,no viral genes detected,False
contig_700660,5346,No terminal repeats,,10,11,0.9983,0.0016,6,14.8223,Viruses;Duplodnaviria;Heunggongvirae;Uroviricota;Caudoviricetes;;,5346,No,,10,7,0,Low-quality,Genome-fragment,9.48,AAI-based (high-confidence),0.0,1.0,,False
contig_701071,17404,No terminal repeats,,17,11,0.9983,0.0016,9,24.3585,Viruses;Duplodnaviria;Heunggongvirae;Uroviricota;Caudoviricetes;;,17404,No,,17,11,0,Medium-quality,Genome-fragment,50.78,AAI-based (medium-confidence),0.0,1.0,,False
contig_689636,11440,No terminal repeats,,17,11,0.9983,0.0016,7,22.4896,Viruses;Duplodnaviria;Heunggongvirae;Uroviricota;Caudoviricetes;;,11440,No,,17,15,0,Low-quality,Genome-fragment,21.78,AAI-based (high-confidence),0.0,1.0,,False
contig_707063,6086,No terminal repeats,,7,11,0.9983,0.0016,4,10.6554,Viruses;Duplodnaviria;Heunggongvirae;Uroviricota;Caudoviricetes;;,6086,No,,7,6,0,Low-quality,Genome-fragment,15.15,AAI-based (high-confidence),0.0,1.0,,False
contig_706928,5814,No terminal repeats,,5,11,0.9982,0.0017,4,8.5914,Viruses;Duplodnaviria;Heunggongvirae;Uroviricota;Caudoviricetes;;,5814,No,,5,3,0,Low-quality,Genome-fragment,8.48,HMM-based (lower-bound),0.0,1.0,,False
contig_703869,13040,No terminal repeats,,22,11,0.9982,0.0017,4,22.4912,Viruses;Duplodnaviria;Heunggongvirae;Uroviricota;Caudoviricetes;;,13040,No,,22,9,0,Low-quality,Genome-fragment,26.43,AAI-based (high-confidence),0.0,1.0,,False
contig_686008,42849,DTR,,74,11,0.9982,0.0017,13,65.1956,Viruses;Duplodnaviria;Heunggongvirae;Uroviricota;Caudoviricetes;;,42849,No,,74,26,0,Complete,High-quality,100.0,DTR (medium-confidence),0.0,1.0,,False
contig_685940,10529,No terminal repeats,,12,11,0.9982,0.0017,4,17.0894,Viruses;Duplodnaviria;Heunggongvirae;Uroviricota;Caudoviricetes;;,10529,No,,12,7,0,Low-quality,Genome-fragment,33.79,AAI-based (medium-confidence),0.0,1.0,,False
contig_690651,5181,No terminal repeats,,9,11,0.9982,0.0017,3,12.4975,Viruses;Duplodnaviria;Heunggongvirae;Uroviricota;Caudoviricetes;;,5181,No,,9,5,0,Low-quality,Genome-fragment,5.78,HMM-based (lower-bound),0.0,1.0,,False
contig_706784,21800,No terminal repeats,,35,11,0.9982,0.0017,12,41.5711,Viruses;Duplodnaviria;Heunggongvirae;Uroviricota;Caudoviricetes;;,21800,No,,35,24,0,Low-quality,Genome-fragment,37.44,AAI-based (high-confidence),0.0,1.0,,False
contig_676397,18535,No terminal repeats,,28,11,0.9981,0.0017,7,32.6346,Viruses;Duplodnaviria;Heunggongvirae;Uroviricota;Caudoviricetes;;,18535,No,,28,12,0,Low-quality,Genome-fragment,26.98,HMM-based (lower-bound),0.0,1.0,,False
contig_698499,35494,No terminal repeats,,59,11,0.9981,0.0017,1,16.9743,Viruses;Duplodnaviria;Heunggongvirae;Uroviricota;Caudoviricetes;;,35494,No,,59,4,0,Low-quality,Genome-fragment,31.57,AAI-based (medium-confidence),0.0,1.0,,False
contig_699703,6735,No terminal repeats,,8,11,0.9981,0.0018,3,8.0987,Viruses;Duplodnaviria;Heunggongvirae;Uroviricota;Caudoviricetes;;,6735,No,,8,5,0,Low-quality,Genome-fragment,13.33,AAI-based (high-confidence),0.0,1.0,,False
contig_681080,15494,No terminal repeats,,19,11,0.9981,0.0018,10,22.4535,Viruses;Duplodnaviria;Heunggongvirae;Uroviricota;Caudoviricetes;;,15494,No,,19,10,0,Low-quality,Genome-fragment,42.02,AAI-based (high-confidence),0.0,1.0,,False
contig_675166,18289,No terminal repeats,,31,11,0.998,0.0018,3,26.1104,Viruses;Duplodnaviria;Heunggongvirae;Uroviricota;Caudoviricetes;;,18289,No,,31,10,0,Low-quality,Genome-fragment,49.72,AAI-based (medium-confidence),0.0,1.02,,False
contig_709158,89369,No terminal repeats,,102,11,0.9979,0.0018,3,56.0316,Viruses;Duplodnaviria;Heunggongvirae;Uroviricota;Caudoviricetes;;,89369,No,,102,19,2,Medium-quality,Genome-fragment,55.4,AAI-based (medium-confidence),0.0,1.0,,False
contig_683260,5903,No terminal repeats,,3,11,0.9979,0.0018,1,4.1359,Viruses;Duplodnaviria;Heunggongvirae;Uroviricota;Caudoviricetes;;,5903,No,,3,2,0,Low-quality,Genome-fragment,11.51,HMM-based (lower-bound),0.0,1.0,,False
contig_707968,6682,No terminal repeats,,11,11,0.9979,0.0018,1,7.1739,Viruses;Duplodnaviria;Heunggongvirae;Uroviricota;Caudoviricetes;;,6682,No,,11,3,0,Low-quality,Genome-fragment,14.05,AAI-based (high-confidence),0.0,1.0,,False
contig_698850,5148,No terminal repeats,,8,11,0.9978,0.0018,3,9.4995,Viruses;Duplodnaviria;Heunggongvirae;Uroviricota;Caudoviricetes;;,5148,No,,8,5,0,Low-quality,Genome-fragment,13.61,AAI-based (medium-confidence),0.0,1.0,,False
contig_679090,5482,No terminal repeats,,6,11,0.9978,0.0019,5,7.215,Viruses;Duplodnaviria;Heunggongvirae;Uroviricota;Caudoviricetes;;,5482,No,,6,5,0,Low-quality,Genome-fragment,17.63,AAI-based (medium-confidence),0.0,1.0,,False
contig_699224,7500,No terminal repeats,,15,11,0.9977,0.0019,2,15.346,Viruses;Duplodnaviria;Heunggongvirae;Uroviricota;Caudoviricetes;;,7500,No,,15,4,0,Low-quality,Genome-fragment,7.54,AAI-based (high-confidence),0.0,1.0,,False
contig_706473,6770,No terminal repeats,,9,11,0.9977,0.0019,3,10.1937,Viruses;Duplodnaviria;Heunggongvirae;Uroviricota;Caudoviricetes;;,6770,No,,9,4,0,Low-quality,Genome-fragment,9.9,HMM-based (lower-bound),0.0,1.0,,False
contig_683677,30236,No terminal repeats,,40,11,0.9976,0.0019,12,43.3682,Viruses;Duplodnaviria;Heunggongvirae;Uroviricota;Caudoviricetes;;,30236,No,,40,16,0,Medium-quality,Genome-fragment,51.12,AAI-based (medium-confidence),0.0,1.0,,False
contig_684924,21901,No terminal repeats,,29,11,0.9975,0.0019,12,37.0219,Viruses;Duplodnaviria;Heunggongvirae;Uroviricota;Caudoviricetes;;,21901,No,,29,16,0,Medium-quality,Genome-fragment,69.18,AAI-based (high-confidence),0.0,1.0,,False
contig_684371,5189,No terminal repeats,,5,11,0.9973,0.002,2,8.1782,Viruses;Duplodnaviria;Heunggongvirae;Uroviricota;Caudoviricetes;;,5189,No,,5,1,0,Low-quality,Genome-fragment,4.72,AAI-based (medium-confidence),0.0,1.0,,False
contig_688784,38262,No terminal repeats,,50,11,0.9971,0.002,16,44.9914,Viruses;Duplodnaviria;Heunggongvirae;Uroviricota;Caudoviricetes;;,38262,No,,50,25,0,High-quality,High-quality,100.0,AAI-based (high-confidence),0.0,1.0,,False
contig_706836,8921,No terminal repeats,,14,11,0.9971,0.002,2,5.9266,Viruses;Duplodnaviria;Heunggongvirae;Uroviricota;Caudoviricetes;;,8921,No,,14,4,1,Low-quality,Genome-fragment,16.48,AAI-based (high-confidence),0.0,1.0,,False
contig_705345,8770,No terminal repeats,,11,11,0.9971,0.0021,7,12.882,Viruses;Duplodnaviria;Heunggongvirae;Uroviricota;Caudoviricetes;;,8770,No,,11,4,1,Low-quality,Genome-fragment,18.75,AAI-based (medium-confidence),0.0,1.0,,False
contig_682295,9963,No terminal repeats,,11,11,0.9971,0.0021,2,6.7142,Viruses;Duplodnaviria;Heunggongvirae;Uroviricota;Caudoviricetes;;,9963,No,,11,3,0,Low-quality,Genome-fragment,16.78,HMM-based (lower-bound),0.0,1.0,,False
contig_693807,9399,No terminal repeats,,14,11,0.997,0.0021,6,21.202,Viruses;Duplodnaviria;Heunggongvirae;Uroviricota;Caudoviricetes;;,9399,No,,14,7,0,Low-quality,Genome-fragment,13.28,HMM-based (lower-bound),0.0,1.0,,False
contig_689854,5535,No terminal repeats,,7,11,0.9965,0.0022,2,5.968,Viruses;Duplodnaviria;Heunggongvirae;Uroviricota;Caudoviricetes;;,5535,No,,7,1,0,Low-quality,Genome-fragment,6.37,HMM-based (lower-bound),0.0,1.0,,False
contig_677612,5761,No terminal repeats,,8,11,0.9963,0.0023,3,7.7197,Viruses;Duplodnaviria;Heunggongvirae;Uroviricota;Caudoviricetes;;,5761,No,,8,3,0,Low-quality,Genome-fragment,8.75,HMM-based (lower-bound),0.0,1.0,,False
contig_711061,6342,No terminal repeats,,13,11,0.996,0.0023,1,9.7324,Viruses;Duplodnaviria;Heunggongvirae;Uroviricota;Caudoviricetes;;,6342,No,,13,4,0,Low-quality,Genome-fragment,9.41,HMM-based (lower-bound),0.0,1.0,,False
contig_680742,36620,No terminal repeats,,53,11,0.996,0.0023,19,54.9341,Viruses;Duplodnaviria;Heunggongvirae;Uroviricota;Caudoviricetes;;,36620,No,,53,35,1,High-quality,High-quality,98.71,AAI-based (medium-confidence),0.0,1.0,,False
contig_679517|provirus_3833_41670,37838,Provirus,3833-41670,49,11,0.9957,0.0024,7,26.2307,Viruses;Duplodnaviria;Heunggongvirae;Uroviricota;Caudoviricetes;;,37838,No,,49,16,1,Medium-quality,Genome-fragment,66.62,AAI-based (medium-confidence),0.0,1.0,,True
contig_708387,49896,No terminal repeats,,61,11,0.9955,0.0024,11,28.1567,Viruses;Duplodnaviria;Heunggongvirae;Uroviricota;Caudoviricetes;;,49896,No,,61,20,2,Medium-quality,Genome-fragment,89.65,AAI-based (medium-confidence),0.0,1.0,,False
contig_699183,15635,No terminal repeats,,30,11,0.9953,0.0025,3,18.1628,Viruses;Duplodnaviria;Heunggongvirae;Uroviricota;Caudoviricetes;;,15635,No,,30,6,0,Low-quality,Genome-fragment,32.57,AAI-based (medium-confidence),0.0,1.0,,False
contig_680545,7465,No terminal repeats,,12,11,0.995,0.0025,2,9.923,Viruses;Duplodnaviria;Heunggongvirae;Uroviricota;Caudoviricetes;;,7465,No,,12,2,0,Low-quality,Genome-fragment,15.1,AAI-based (medium-confidence),0.0,1.0,,False
contig_678139,5656,No terminal repeats,,10,11,0.994,0.0027,2,10.7823,Viruses;Duplodnaviria;Heunggongvirae;Uroviricota;Caudoviricetes;;,5656,No,,10,6,0,Low-quality,Genome-fragment,11.26,AAI-based (medium-confidence),0.0,1.0,,False
contig_688984,5165,No terminal repeats,,7,11,0.9939,0.0028,1,1.1993,Viruses;Duplodnaviria;Heunggongvirae;Uroviricota;Caudoviricetes;;Demerecviridae,5165,No,,7,1,0,Low-quality,Genome-fragment,11.99,AAI-based (medium-confidence),0.0,1.0,,False
contig_690986,7626,No terminal repeats,,11,11,0.9939,0.0028,2,5.6973,Viruses;Duplodnaviria;Heunggongvirae;Uroviricota;Caudoviricetes;;,7626,No,,11,2,1,Low-quality,Genome-fragment,23.11,AAI-based (medium-confidence),0.0,1.0,,False
contig_710251,6625,No terminal repeats,,8,11,0.9936,0.0028,1,6.0755,Viruses;Duplodnaviria;Heunggongvirae;Uroviricota;Caudoviricetes;;,6625,No,,8,4,1,Low-quality,Genome-fragment,16.41,AAI-based (high-confidence),0.0,1.01,,False
contig_696434,13776,No terminal repeats,,19,11,0.9918,0.0031,3,17.4527,Viruses;Duplodnaviria;Heunggongvirae;Uroviricota;Caudoviricetes;;,13776,No,,19,7,0,Low-quality,Genome-fragment,34.31,AAI-based (high-confidence),0.0,1.0,,False
contig_677311,9526,No terminal repeats,,13,11,0.9904,0.0033,1,6.484,Viruses;Duplodnaviria;Heunggongvirae;Uroviricota;Caudoviricetes;;,9526,No,,13,4,1,Low-quality,Genome-fragment,19.63,AAI-based (medium-confidence),0.0,1.0,,False
contig_689486,10807,No terminal repeats,,13,11,0.9886,0.0035,3,5.4804,Viruses;Duplodnaviria;Heunggongvirae;Uroviricota;Caudoviricetes;;,10807,No,,13,1,1,Low-quality,Genome-fragment,11.06,HMM-based (lower-bound),0.0,1.0,,False
contig_687325,6561,No terminal repeats,,8,11,0.9857,0.0039,4,13.37,Viruses;Duplodnaviria;Heunggongvirae;Uroviricota;Caudoviricetes;;,6561,No,,8,6,0,Low-quality,Genome-fragment,9.52,HMM-based (lower-bound),0.0,1.0,,False
contig_706124|provirus_3_28512,28510,Provirus,3-28512,29,11,0.9787,0.0046,7,14.6146,Viruses;Duplodnaviria;Heunggongvirae;Uroviricota;Caudoviricetes;;,28510,No,,29,8,3,Medium-quality,Genome-fragment,58.05,AAI-based (medium-confidence),0.0,1.0,,True
contig_709720,5103,No terminal repeats,,6,11,0.9785,0.0046,0,2.7248,Unclassified,5103,No,,6,1,0,Low-quality,Genome-fragment,6.79,AAI-based (medium-confidence),0.0,1.0,,False
contig_689558,7485,No terminal repeats,,10,11,0.9692,0.0052,2,7.4006,Viruses;Duplodnaviria;Heunggongvirae;Uroviricota;Caudoviricetes;;,7485,No,,10,6,0,Low-quality,Genome-fragment,10.41,HMM-based (lower-bound),0.0,1.0,,False
contig_680046,6215,No terminal repeats,,9,11,0.9586,0.0064,1,3.4315,Viruses;Duplodnaviria;Heunggongvirae;Uroviricota;Caudoviricetes;;,6215,No,,9,2,0,Low-quality,Genome-fragment,8.97,AAI-based (medium-confidence),0.0,1.0,,False
contig_710991,18831,No terminal repeats,,14,11,0.9548,0.0066,2,10.4291,Viruses;Duplodnaviria;Heunggongvirae;Uroviricota;Caudoviricetes;;,18831,No,,14,2,0,Low-quality,Genome-fragment,31.98,AAI-based (medium-confidence),0.0,1.0,,False
contig_699679,12553,No terminal repeats,,15,11,0.9492,0.0077,2,4.2903,Viruses;Duplodnaviria;Heunggongvirae;Uroviricota;Caudoviricetes;;,12553,No,,15,3,1,Low-quality,Genome-fragment,23.85,HMM-based (lower-bound),0.0,1.0,,False
contig_683993,5773,No terminal repeats,,4,11,0.907,0.0131,0,1.4717,Viruses;Duplodnaviria;Heunggongvirae;Uroviricota;Caudoviricetes;;,5773,No,,4,0,1,Not-determined,Genome-fragment,,,0.0,1.07,no viral genes detected,False
contig_700139,5507,No terminal repeats,,7,11,0.8646,0.0175,7,10.7955,Viruses;Duplodnaviria;Heunggongvirae;Uroviricota;Caudoviricetes;;,5507,No,,7,6,0,Low-quality,Genome-fragment,14.31,AAI-based (medium-confidence),0.0,1.0,,False
contig_683181,7844,No terminal repeats,,10,11,0.761,0.031,1,2.7962,Viruses;Duplodnaviria;Heunggongvirae;Uroviricota;Caudoviricetes;;Ackermannviridae,7844,No,,10,2,1,Low-quality,Genome-fragment,12.91,AAI-based (medium-confidence),0.0,1.0,,False
contig_701922,8992,No terminal repeats,,7,11,0.7579,0.0318,3,3.3257,Viruses;Duplodnaviria;Heunggongvirae;Uroviricota;Caudoviricetes;;,8992,No,,7,0,1,Not-determined,Genome-fragment,,,0.0,1.0,no viral genes detected,False
contig_709641,8277,No terminal repeats,,9,11,0.7029,0.0407,3,5.1248,Viruses;Duplodnaviria;Heunggongvirae;Uroviricota;Caudoviricetes;;,8277,No,,9,0,0,Not-determined,Genome-fragment,,,0.0,1.0,no viral genes detected,False
contig_694834,14839,No terminal repeats,,13,11,0.7029,0.0411,2,0.4397,Viruses;Duplodnaviria;Heunggongvirae;Uroviricota;Caudoviricetes;;,14839,Yes,12539.0,13,3,3,Low-quality,Genome-fragment,9.4,AAI-based (medium-confidence),15.5,1.0,,True
contig_724333,7095,No terminal repeats,,8,11,0.9985,0.0015,4,10.1503,Viruses;Duplodnaviria;Heunggongvirae;Uroviricota;Caudoviricetes;;,7095,No,,8,5,0,Low-quality,Genome-fragment,14.85,AAI-based (high-confidence),0.0,1.0,,False
contig_725092,11801,No terminal repeats,,18,11,0.9985,0.0015,11,28.0548,Viruses;Duplodnaviria;Heunggongvirae;Uroviricota;Caudoviricetes;;,11801,No,,18,11,0,Low-quality,Genome-fragment,19.56,HMM-based (lower-bound),0.0,1.0,,False
contig_728022,15351,No terminal repeats,,25,11,0.9985,0.0015,4,26.7997,Viruses;Duplodnaviria;Heunggongvirae;Uroviricota;Caudoviricetes;;,15351,No,,25,11,0,Low-quality,Genome-fragment,28.8,AAI-based (high-confidence),0.0,1.0,,False
contig_723056,18821,No terminal repeats,,24,11,0.9985,0.0015,7,26.3024,Viruses;Duplodnaviria;Heunggongvirae;Uroviricota;Caudoviricetes;;,18821,No,,24,16,0,Low-quality,Genome-fragment,39.17,AAI-based (medium-confidence),0.0,1.0,,False
contig_720677,7438,No terminal repeats,,12,11,0.9984,0.0015,5,15.219,Viruses;Duplodnaviria;Heunggongvirae;Uroviricota;Caudoviricetes;;,7438,No,,12,3,0,Low-quality,Genome-fragment,10.68,HMM-based (lower-bound),0.0,1.0,,False
contig_718999,6651,No terminal repeats,,7,11,0.9984,0.0015,6,9.9292,Viruses;Duplodnaviria;Heunggongvirae;Uroviricota;Caudoviricetes;;,6651,No,,7,7,0,Low-quality,Genome-fragment,16.56,AAI-based (high-confidence),0.0,1.0,,False
contig_732309,6265,No terminal repeats,,7,11,0.9983,0.0016,4,8.0582,Viruses;Duplodnaviria;Heunggongvirae;Uroviricota;Caudoviricetes;;,6265,No,,7,5,0,Low-quality,Genome-fragment,17.41,AAI-based (medium-confidence),0.0,1.0,,False
contig_731791,7920,No terminal repeats,,9,11,0.9983,0.0016,4,9.5709,Viruses;Duplodnaviria;Heunggongvirae;Uroviricota;Caudoviricetes;;,7920,No,,9,3,0,Low-quality,Genome-fragment,17.41,AAI-based (medium-confidence),0.0,1.0,,False
contig_727458,5762,No terminal repeats,,11,11,0.9982,0.0016,3,7.856,Viruses;Duplodnaviria;Heunggongvirae;Uroviricota;Caudoviricetes;;,5762,No,,11,1,0,Low-quality,Genome-fragment,3.13,HMM-based (lower-bound),0.0,1.0,,False
contig_722894,47215,No terminal repeats,,63,11,0.9978,0.0018,7,50.7471,Viruses;Duplodnaviria;Heunggongvirae;Uroviricota;Caudoviricetes;;,47215,No,,63,20,2,High-quality,High-quality,100.0,AAI-based (medium-confidence),0.0,1.0,,False
contig_717369,32830,No terminal repeats,,51,11,0.9978,0.0018,11,50.752,Viruses;Duplodnaviria;Heunggongvirae;Uroviricota;Caudoviricetes;;,32830,No,,51,26,2,Medium-quality,Genome-fragment,81.79,AAI-based (high-confidence),0.0,1.0,,False
contig_713418,5172,No terminal repeats,,8,11,0.9972,0.0019,1,3.1996,Viruses;Duplodnaviria;Heunggongvirae;Uroviricota;Caudoviricetes;;,5172,No,,8,0,0,Not-determined,Genome-fragment,,,0.0,1.0,no viral genes detected,False
contig_723583,9011,No terminal repeats,,9,11,0.9967,0.002,3,12.7458,Viruses;Duplodnaviria;Heunggongvirae;Uroviricota;Caudoviricetes;;,9011,No,,9,4,0,Low-quality,Genome-fragment,10.72,HMM-based (lower-bound),0.0,1.0,,False
contig_723719,8792,No terminal repeats,,11,11,0.9966,0.0021,4,10.8334,Viruses;Duplodnaviria;Heunggongvirae;Uroviricota;Caudoviricetes;;,8792,No,,11,5,1,Low-quality,Genome-fragment,21.9,AAI-based (high-confidence),0.0,1.0,,False
contig_720824,11469,No terminal repeats,,25,11,0.9961,0.0022,5,16.7538,Viruses;Duplodnaviria;Heunggongvirae;Uroviricota;Caudoviricetes;;,11469,No,,25,10,0,Low-quality,Genome-fragment,20.4,AAI-based (high-confidence),0.0,1.0,,False
contig_713188,6477,No terminal repeats,,6,11,0.9951,0.0024,1,3.3059,Viruses;Duplodnaviria;Heunggongvirae;Uroviricota;Caudoviricetes;;,6477,No,,6,1,0,Low-quality,Genome-fragment,3.11,HMM-based (lower-bound),0.0,1.0,,False
contig_729092,8847,No terminal repeats,,14,11,0.9942,0.0026,1,9.4079,Viruses;Duplodnaviria;Heunggongvirae;Uroviricota;Caudoviricetes;;,8847,No,,14,2,0,Low-quality,Genome-fragment,17.17,AAI-based (medium-confidence),0.0,1.0,,False
contig_729561,11066,No terminal repeats,,13,11,0.9923,0.0028,5,20.8948,Viruses;Duplodnaviria;Heunggongvirae;Uroviricota;Caudoviricetes;;,11066,No,,13,4,0,Low-quality,Genome-fragment,14.0,HMM-based (lower-bound),0.0,1.0,,False
contig_720555,5134,No terminal repeats,,8,11,0.9913,0.003,5,11.7216,Viruses;Duplodnaviria;Heunggongvirae;Uroviricota;Caudoviricetes;;,5134,No,,8,5,0,Low-quality,Genome-fragment,13.52,AAI-based (high-confidence),0.0,1.0,,False
contig_716412,6475,No terminal repeats,,9,11,0.9887,0.0034,2,7.6483,Viruses;Duplodnaviria;Heunggongvirae;Uroviricota;Caudoviricetes;;,6475,No,,9,4,0,Low-quality,Genome-fragment,12.06,AAI-based (high-confidence),0.0,1.0,,False
contig_714179,9623,No terminal repeats,,15,11,0.986,0.0036,2,12.5367,Viruses;Duplodnaviria;Heunggongvirae;Uroviricota;Caudoviricetes;;,9623,No,,15,5,0,Low-quality,Genome-fragment,21.89,AAI-based (medium-confidence),0.0,1.0,,False
contig_722540,6384,No terminal repeats,,10,11,0.9851,0.0037,2,5.716,Viruses;Duplodnaviria;Heunggongvirae;Uroviricota;Caudoviricetes;;,6384,No,,10,3,1,Low-quality,Genome-fragment,15.82,AAI-based (high-confidence),0.0,1.0,,False
contig_724521,16331,No terminal repeats,,5,11,0.9802,0.0041,0,6.5115,Viruses;;;;;;,16331,Yes,15799.0,5,1,1,Low-quality,Genome-fragment,8.65,HMM-based (lower-bound),3.26,1.02,,True
contig_715825,12696,No terminal repeats,,22,11,0.9718,0.0047,0,5.7285,Viruses;Duplodnaviria;Heunggongvirae;Uroviricota;Caudoviricetes;;,12696,No,,22,2,1,Low-quality,Genome-fragment,15.04,HMM-based (lower-bound),0.0,1.0,,False
contig_722473,11207,No terminal repeats,,8,11,0.9645,0.0055,1,4.2645,Viruses;Duplodnaviria;Heunggongvirae;Uroviricota;Caudoviricetes;;,11207,No,,8,2,1,Low-quality,Genome-fragment,14.2,AAI-based (medium-confidence),0.0,1.0,,False
contig_718869,12224,No terminal repeats,,12,11,0.9298,0.0109,4,7.8653,Viruses;Duplodnaviria;Heunggongvirae;Uroviricota;Caudoviricetes;;,12224,No,,12,1,1,Low-quality,Genome-fragment,7.89,HMM-based (lower-bound),0.0,1.01,,False
contig_732768,8497,No terminal repeats,,13,11,0.9127,0.0136,1,6.6078,Viruses;Duplodnaviria;Heunggongvirae;Uroviricota;Caudoviricetes;;,8497,No,,13,0,0,Not-determined,Genome-fragment,,,0.0,1.0,no viral genes detected,False
contig_726255,11423,No terminal repeats,,12,11,0.8315,0.021,3,6.4681,Viruses;Duplodnaviria;Heunggongvirae;Uroviricota;Caudoviricetes;;,11423,No,,12,3,0,Low-quality,Genome-fragment,24.44,AAI-based (medium-confidence),0.0,1.01,,False
contig_712079,5609,No terminal repeats,,3,11,0.8126,0.0255,1,1.6962,Viruses;Duplodnaviria;Heunggongvirae;Uroviricota;Caudoviricetes;;Autographiviridae,5609,No,,3,0,0,Not-determined,Genome-fragment,,,0.0,1.0,no viral genes detected,False
contig_741331,6292,No terminal repeats,,8,11,0.9986,0.0014,6,12.5079,Viruses;Duplodnaviria;Heunggongvirae;Uroviricota;Caudoviricetes;;,6292,No,,8,8,0,Low-quality,Genome-fragment,9.99,AAI-based (high-confidence),0.0,1.0,,False
contig_747596,7183,No terminal repeats,,12,11,0.9986,0.0014,5,16.26,Viruses;Duplodnaviria;Heunggongvirae;Uroviricota;Caudoviricetes;;,7183,No,,12,7,0,Low-quality,Genome-fragment,14.52,AAI-based (medium-confidence),0.0,1.0,,False
contig_743537,7785,No terminal repeats,,10,11,0.9985,0.0015,5,12.4375,Viruses;Duplodnaviria;Heunggongvirae;Uroviricota;Caudoviricetes;;,7785,No,,10,5,0,Low-quality,Genome-fragment,18.67,AAI-based (medium-confidence),0.0,1.0,,False
contig_748367,5028,No terminal repeats,,8,11,0.9985,0.0015,4,13.637,Viruses;Duplodnaviria;Heunggongvirae;Uroviricota;Caudoviricetes;;,5028,No,,8,7,0,Low-quality,Genome-fragment,8.93,AAI-based (high-confidence),0.0,1.0,,False
contig_739112,6159,No terminal repeats,,9,11,0.9985,0.0015,3,9.7784,Viruses;Duplodnaviria;Heunggongvirae;Uroviricota;Caudoviricetes;;,6159,No,,9,6,0,Low-quality,Genome-fragment,9.88,AAI-based (high-confidence),0.0,1.0,,False
contig_740454,15503,No terminal repeats,,21,11,0.9984,0.0015,9,29.7732,Viruses;Duplodnaviria;Heunggongvirae;Uroviricota;Caudoviricetes;;,15503,No,,21,13,0,Low-quality,Genome-fragment,31.41,AAI-based (medium-confidence),0.0,1.0,,False
contig_746470,5781,No terminal repeats,,8,11,0.9983,0.0015,2,5.7546,Viruses;Duplodnaviria;Heunggongvirae;Uroviricota;Caudoviricetes;;,5781,No,,8,5,0,Low-quality,Genome-fragment,12.47,AAI-based (high-confidence),0.0,1.0,,False
contig_748474,5802,No terminal repeats,,9,11,0.9983,0.0015,3,6.9016,Viruses;Duplodnaviria;Heunggongvirae;Uroviricota;Caudoviricetes;;,5802,No,,9,4,0,Low-quality,Genome-fragment,6.24,HMM-based (lower-bound),0.0,1.0,,False
contig_738888,29072,No terminal repeats,,39,11,0.9983,0.0016,7,34.3943,Viruses;Duplodnaviria;Heunggongvirae;Uroviricota;Caudoviricetes;;,29072,No,,39,8,1,Medium-quality,Genome-fragment,65.43,AAI-based (medium-confidence),0.0,1.0,,False
contig_751751,10416,No terminal repeats,,11,11,0.9982,0.0016,2,14.0746,Viruses;Duplodnaviria;Heunggongvirae;Uroviricota;Caudoviricetes;;,10416,No,,11,6,0,Low-quality,Genome-fragment,31.52,AAI-based (medium-confidence),0.0,1.0,,False
contig_744269|provirus_41_28801,28761,Provirus,41-28801,36,11,0.9982,0.0016,15,47.6851,Viruses;Duplodnaviria;Heunggongvirae;Uroviricota;Caudoviricetes;;,28761,No,,37,22,0,Medium-quality,Genome-fragment,50.38,AAI-based (high-confidence),0.0,1.0,,True
contig_748064,5949,No terminal repeats,,4,11,0.9981,0.0016,3,4.3933,Viruses;Duplodnaviria;Heunggongvirae;Uroviricota;Caudoviricetes;;,5949,No,,4,2,0,Low-quality,Genome-fragment,10.58,HMM-based (lower-bound),0.0,1.0,,False
contig_754828,7713,No terminal repeats,,13,11,0.9981,0.0016,4,11.2947,Viruses;Duplodnaviria;Heunggongvirae;Uroviricota;Caudoviricetes;;,7713,No,,13,7,0,Low-quality,Genome-fragment,14.33,AAI-based (high-confidence),0.0,1.0,,False
contig_743084,5183,No terminal repeats,,7,11,0.9981,0.0017,3,7.7402,Viruses;Duplodnaviria;Heunggongvirae;Uroviricota;Caudoviricetes;;,5183,No,,7,3,0,Low-quality,Genome-fragment,14.24,AAI-based (high-confidence),0.0,1.0,,False
contig_745262,5436,No terminal repeats,,7,11,0.998,0.0017,2,8.938,Viruses;Duplodnaviria;Heunggongvirae;Uroviricota;Caudoviricetes;;,5436,Yes,3853.0,7,2,1,Low-quality,Genome-fragment,9.73,AAI-based (high-confidence),29.12,1.0,,True
contig_754587,73982,No terminal repeats,,102,11,0.998,0.0017,9,57.1674,Viruses;Duplodnaviria;Heunggongvirae;Uroviricota;Caudoviricetes;;,73982,No,,102,16,5,Low-quality,Genome-fragment,44.47,AAI-based (medium-confidence),0.0,1.0,,False
contig_743953,16164,No terminal repeats,,21,11,0.998,0.0017,8,21.2744,Viruses;Duplodnaviria;Heunggongvirae;Uroviricota;Caudoviricetes;;,16164,No,,21,9,1,Low-quality,Genome-fragment,44.03,AAI-based (medium-confidence),0.0,1.0,,False
contig_755943,9169,No terminal repeats,,12,11,0.9979,0.0017,5,16.53,Viruses;Duplodnaviria;Heunggongvirae;Uroviricota;Caudoviricetes;;,9169,No,,12,2,0,Low-quality,Genome-fragment,26.57,AAI-based (high-confidence),0.0,1.0,,False
contig_740857,54344,DTR,,73,11,0.9979,0.0017,9,56.5306,Viruses;Duplodnaviria;Heunggongvirae;Uroviricota;Caudoviricetes;;,54344,No,,73,14,0,Complete,High-quality,100.0,DTR (high-confidence),0.0,1.0,,False
contig_733937,9157,No terminal repeats,,16,11,0.9978,0.0018,2,15.8701,Viruses;Duplodnaviria;Heunggongvirae;Uroviricota;Caudoviricetes;;,9157,No,,16,9,0,Low-quality,Genome-fragment,16.99,AAI-based (high-confidence),0.0,1.0,,False
contig_755337,43027,DTR,,66,11,0.9977,0.0018,12,54.3328,Viruses;Duplodnaviria;Heunggongvirae;Uroviricota;Caudoviricetes;;,43027,No,,66,21,1,Medium-quality,Genome-fragment,63.21,HMM-based (lower-bound),0.0,1.0,low-confidence DTR,False
contig_748207,6324,No terminal repeats,,10,11,0.9975,0.0018,1,10.7869,Viruses;Duplodnaviria;Heunggongvirae;Uroviricota;Caudoviricetes;;,6324,No,,10,3,0,Low-quality,Genome-fragment,11.45,AAI-based (high-confidence),0.0,1.0,,False
contig_733463|provirus_2_8967,8966,Provirus,Feb-67,12,11,0.9975,0.0018,4,10.3047,Viruses;Duplodnaviria;Heunggongvirae;Uroviricota;Caudoviricetes;;,8966,No,,12,10,0,Low-quality,Genome-fragment,15.55,AAI-based (high-confidence),0.0,1.0,,True
contig_743737,14675,No terminal repeats,,18,11,0.9973,0.0019,3,26.2929,Viruses;Duplodnaviria;Heunggongvirae;Uroviricota;Caudoviricetes;;,14675,No,,18,3,0,Low-quality,Genome-fragment,31.41,AAI-based (high-confidence),0.0,1.0,,False
contig_751166,35270,No terminal repeats,,41,11,0.9973,0.0019,16,50.9565,Viruses;Duplodnaviria;Heunggongvirae;Uroviricota;Caudoviricetes;;,35270,Yes,29804.0,41,21,2,High-quality,High-quality,93.03,AAI-based (high-confidence),15.5,1.0,,True
contig_746819,25415,No terminal repeats,,29,11,0.9971,0.002,2,30.4273,Viruses;Duplodnaviria;Heunggongvirae;Uroviricota;Caudoviricetes;;,25415,No,,29,2,0,Medium-quality,Genome-fragment,59.49,AAI-based (medium-confidence),0.0,1.0,,False
contig_735618,21744,No terminal repeats,,43,11,0.9967,0.002,1,17.889,Viruses;Duplodnaviria;Heunggongvirae;Uroviricota;Caudoviricetes;;,21744,No,,43,4,1,Low-quality,Genome-fragment,44.46,AAI-based (medium-confidence),0.0,1.0,,False
contig_734540,12293,No terminal repeats,,22,11,0.9961,0.0022,3,13.2848,Viruses;Duplodnaviria;Heunggongvirae;Uroviricota;Caudoviricetes;;,12293,No,,22,7,0,Low-quality,Genome-fragment,24.89,AAI-based (medium-confidence),0.0,1.0,,False
contig_743593,12804,No terminal repeats,,17,11,0.995,0.0024,8,19.3639,Viruses;Duplodnaviria;Heunggongvirae;Uroviricota;Caudoviricetes;;,12804,No,,17,10,0,Low-quality,Genome-fragment,26.89,AAI-based (medium-confidence),0.0,1.0,,False
contig_737902,8066,No terminal repeats,,12,11,0.9942,0.0026,2,11.3504,Viruses;Duplodnaviria;Heunggongvirae;Uroviricota;Caudoviricetes;;,8066,No,,12,0,0,Not-determined,Genome-fragment,,,0.0,1.0,no viral genes detected,False
contig_752690,18014,No terminal repeats,,28,11,0.9934,0.0028,1,9.4345,Viruses;Duplodnaviria;Heunggongvirae;Uroviricota;Caudoviricetes;;,18014,No,,28,4,2,Low-quality,Genome-fragment,30.1,AAI-based (medium-confidence),0.0,1.0,,False
contig_746018,5401,No terminal repeats,,10,11,0.9929,0.0029,2,6.2702,Viruses;Duplodnaviria;Heunggongvirae;Uroviricota;Caudoviricetes;;,5401,No,,10,4,0,Low-quality,Genome-fragment,10.69,AAI-based (medium-confidence),0.0,1.0,,False
contig_750568,6728,No terminal repeats,,7,11,0.9922,0.0029,1,4.3527,Viruses;Duplodnaviria;Heunggongvirae;Uroviricota;Caudoviricetes;;,6728,No,,7,1,0,Low-quality,Genome-fragment,11.01,HMM-based (lower-bound),0.0,1.0,,False
contig_744971|provirus_2_35744,35743,Provirus,2-35744,42,11,0.9915,0.003,3,26.854,Viruses;Duplodnaviria;Heunggongvirae;Uroviricota;Caudoviricetes;;,35743,Yes,20562.0,41,12,3,Medium-quality,Genome-fragment,50.87,AAI-based (medium-confidence),42.47,1.0,,True
contig_753913,36273,No terminal repeats,,43,11,0.9914,0.0031,3,35.9652,Viruses;Duplodnaviria;Heunggongvirae;Uroviricota;Caudoviricetes;;,36273,No,,43,2,0,Medium-quality,Genome-fragment,80.68,AAI-based (medium-confidence),0.0,1.0,,False
contig_733883,9614,No terminal repeats,,14,11,0.9911,0.0031,4,13.2068,Viruses;Duplodnaviria;Heunggongvirae;Uroviricota;Caudoviricetes;;,9614,No,,14,8,0,Low-quality,Genome-fragment,16.71,AAI-based (high-confidence),0.0,1.0,,False
contig_734298,5227,No terminal repeats,,7,11,0.9911,0.0031,2,6.8731,Viruses;Duplodnaviria;Heunggongvirae;Uroviricota;Caudoviricetes;;,5227,No,,7,2,0,Low-quality,Genome-fragment,12.51,AAI-based (medium-confidence),0.0,1.0,,False
contig_749588,28536,No terminal repeats,,42,11,0.9907,0.0031,8,31.9243,Viruses;Duplodnaviria;Heunggongvirae;Uroviricota;Caudoviricetes;;,28536,Yes,20091.0,42,9,7,Medium-quality,Genome-fragment,70.47,AAI-based (high-confidence),29.59,1.0,,True
contig_756200,6943,No terminal repeats,,9,11,0.99,0.0032,6,9.3081,Viruses;Duplodnaviria;Heunggongvirae;Uroviricota;Caudoviricetes;;,6943,No,,9,6,0,Low-quality,Genome-fragment,14.38,AAI-based (medium-confidence),0.0,1.0,,False
contig_749867,16003,No terminal repeats,,12,11,0.9885,0.0035,0,8.5735,Viruses;Duplodnaviria;Heunggongvirae;Uroviricota;Caudoviricetes;;,16003,No,,12,2,0,Low-quality,Genome-fragment,37.25,AAI-based (medium-confidence),0.0,1.0,,False
contig_747380,13412,No terminal repeats,,14,11,0.9851,0.0038,3,6.7004,Viruses;Duplodnaviria;Heunggongvirae;Uroviricota;Caudoviricetes;;,13412,No,,14,3,1,Low-quality,Genome-fragment,14.77,HMM-based (lower-bound),0.0,1.01,,False
contig_745877,8870,No terminal repeats,,13,11,0.9767,0.005,2,4.3046,Viruses;Duplodnaviria;Heunggongvirae;Uroviricota;Caudoviricetes;;,8870,No,,13,0,0,Not-determined,Genome-fragment,,,0.0,1.0,no viral genes detected,False
contig_738484,9983,No terminal repeats,,16,11,0.9764,0.0051,11,25.5528,Viruses;Duplodnaviria;Heunggongvirae;Uroviricota;Caudoviricetes;;,9983,No,,16,12,0,Low-quality,Genome-fragment,26.22,AAI-based (high-confidence),0.0,1.0,,False
contig_755764,8138,No terminal repeats,,7,11,0.9728,0.0054,3,9.7198,Viruses;Duplodnaviria;Heunggongvirae;Uroviricota;Caudoviricetes;;,8138,No,,7,5,0,Low-quality,Genome-fragment,16.87,AAI-based (medium-confidence),0.0,1.0,,False
contig_744370,5570,No terminal repeats,,7,11,0.91,0.0111,0,1.5302,Viruses;Duplodnaviria;Heunggongvirae;Uroviricota;Caudoviricetes;;,5570,No,,7,2,0,Low-quality,Genome-fragment,4.97,HMM-based (lower-bound),0.0,1.0,,False
contig_748447,9908,No terminal repeats,,11,11,0.9065,0.012,3,2.9681,Viruses;Duplodnaviria;Heunggongvirae;Uroviricota;Caudoviricetes;;,9908,No,,11,1,4,Low-quality,Genome-fragment,19.47,HMM-based (lower-bound),0.0,1.0,,False
contig_753879,5227,No terminal repeats,,5,11,0.8895,0.0148,1,2.9654,Viruses;Duplodnaviria;Heunggongvirae;Uroviricota;Caudoviricetes;;,5227,No,,5,1,0,Low-quality,Genome-fragment,1.8,HMM-based (lower-bound),0.0,1.0,,False
contig_755293,6230,No terminal repeats,,5,11,0.8777,0.0164,0,3.4366,Viruses;Duplodnaviria;Heunggongvirae;Uroviricota;Caudoviricetes;;,6230,No,,5,3,0,Low-quality,Genome-fragment,2.13,HMM-based (lower-bound),0.0,1.0,,False
contig_750308,5404,No terminal repeats,,7,11,0.8719,0.0183,2,3.0633,Viruses;Duplodnaviria;Heunggongvirae;Uroviricota;Caudoviricetes;;,5404,No,,7,0,2,Not-determined,Genome-fragment,,,0.0,1.0,no viral genes detected,False
contig_769120,19219,No terminal repeats,,21,11,0.9986,0.0013,11,23.0673,Viruses;Duplodnaviria;Heunggongvirae;Uroviricota;Caudoviricetes;;,19219,No,,21,12,0,Low-quality,Genome-fragment,42.92,AAI-based (medium-confidence),0.0,1.0,,False
contig_773239,10785,No terminal repeats,,18,11,0.9986,0.0014,5,20.7471,Viruses;Duplodnaviria;Heunggongvirae;Uroviricota;Caudoviricetes;;,10785,No,,18,13,0,Low-quality,Genome-fragment,29.33,AAI-based (medium-confidence),0.0,1.0,,False
contig_761476,9767,No terminal repeats,,12,11,0.9986,0.0014,10,20.025,Viruses;Duplodnaviria;Heunggongvirae;Uroviricota;Caudoviricetes;;,9767,No,,12,11,0,Low-quality,Genome-fragment,27.83,AAI-based (medium-confidence),0.0,1.0,,False
contig_772333,8214,No terminal repeats,,9,11,0.9986,0.0014,6,10.6709,Viruses;Duplodnaviria;Heunggongvirae;Uroviricota;Caudoviricetes;;,8214,No,,9,6,0,Low-quality,Genome-fragment,19.9,AAI-based (medium-confidence),0.0,1.0,,False
contig_763627,36269,No terminal repeats,,58,11,0.9985,0.0014,17,61.9231,Viruses;Duplodnaviria;Heunggongvirae;Uroviricota;Caudoviricetes;;,36269,No,,58,25,0,Medium-quality,Genome-fragment,84.12,AAI-based (medium-confidence),0.0,1.0,,False
contig_764047,22851,No terminal repeats,,40,11,0.9985,0.0014,8,37.7325,Viruses;Duplodnaviria;Heunggongvirae;Uroviricota;Caudoviricetes;;,22851,No,,40,17,2,Medium-quality,Genome-fragment,56.26,AAI-based (high-confidence),0.0,1.01,,False
contig_761332,6792,No terminal repeats,,13,11,0.9983,0.0015,3,8.3957,Viruses;Duplodnaviria;Heunggongvirae;Uroviricota;Caudoviricetes;;,6792,No,,13,4,0,Low-quality,Genome-fragment,9.5,HMM-based (lower-bound),0.0,1.0,,False
contig_757603,6923,No terminal repeats,,9,11,0.9982,0.0016,1,10.7172,Viruses;Duplodnaviria;Heunggongvirae;Uroviricota;Caudoviricetes;;,6923,No,,9,4,0,Low-quality,Genome-fragment,18.74,AAI-based (high-confidence),0.0,1.0,,False
contig_771447,15569,No terminal repeats,,23,11,0.9981,0.0016,8,28.9363,Viruses;Duplodnaviria;Heunggongvirae;Uroviricota;Caudoviricetes;;,15569,No,,23,9,0,Low-quality,Genome-fragment,28.88,AAI-based (high-confidence),0.0,1.0,,False
contig_771149,36948,No terminal repeats,,42,11,0.9981,0.0016,3,34.5197,Viruses;Duplodnaviria;Heunggongvirae;Uroviricota;Caudoviricetes;;,36948,No,,42,15,1,Low-quality,Genome-fragment,25.07,AAI-based (high-confidence),0.0,1.0,,False
contig_765927,5369,No terminal repeats,,4,11,0.998,0.0016,3,4.4335,Viruses;Duplodnaviria;Heunggongvirae;Uroviricota;Caudoviricetes;;,5369,No,,4,2,0,Low-quality,Genome-fragment,9.55,HMM-based (lower-bound),0.0,1.0,,False
contig_770821,6881,No terminal repeats,,9,11,0.998,0.0016,1,5.346,Viruses;Duplodnaviria;Heunggongvirae;Uroviricota;Caudoviricetes;;,6881,No,,9,1,0,Low-quality,Genome-fragment,11.27,HMM-based (lower-bound),0.0,1.0,,False
contig_774022,19058,No terminal repeats,,28,11,0.9977,0.0017,3,17.6031,Viruses;Duplodnaviria;Heunggongvirae;Uroviricota;Caudoviricetes;;,19058,No,,28,3,1,Low-quality,Genome-fragment,36.49,AAI-based (medium-confidence),0.0,1.0,,False
contig_773831,11492,No terminal repeats,,8,11,0.9977,0.0017,1,6.5487,Viruses;Duplodnaviria;Heunggongvirae;Uroviricota;Caudoviricetes;;,11492,No,,8,0,0,Not-determined,Genome-fragment,,,0.0,1.0,no viral genes detected,False
contig_770877,28268,No terminal repeats,,50,11,0.9975,0.0018,4,29.3069,Viruses;Duplodnaviria;Heunggongvirae;Uroviricota;Caudoviricetes;;,28268,No,,50,9,1,Medium-quality,Genome-fragment,60.69,AAI-based (medium-confidence),0.0,1.0,,False
contig_772634,13725,No terminal repeats,,17,11,0.9972,0.0018,4,24.3654,Viruses;Duplodnaviria;Heunggongvirae;Uroviricota;Caudoviricetes;;,13725,No,,17,5,0,Low-quality,Genome-fragment,29.38,AAI-based (medium-confidence),0.0,1.0,,False
contig_757342,18069,No terminal repeats,,24,11,0.9969,0.0019,5,22.1419,Viruses;Duplodnaviria;Heunggongvirae;Uroviricota;Caudoviricetes;;,18069,No,,24,6,1,Medium-quality,Genome-fragment,50.35,AAI-based (high-confidence),0.0,1.0,,False
contig_758605,19381,No terminal repeats,,35,11,0.9965,0.002,9,32.9373,Viruses;Duplodnaviria;Heunggongvirae;Uroviricota;Caudoviricetes;;,19381,No,,35,5,1,Low-quality,Genome-fragment,45.25,AAI-based (medium-confidence),0.0,1.0,,False
contig_760512,9600,No terminal repeats,,15,11,0.9963,0.002,3,16.6785,Viruses;Duplodnaviria;Heunggongvirae;Uroviricota;Caudoviricetes;;,9600,No,,15,6,0,Low-quality,Genome-fragment,25.4,AAI-based (medium-confidence),0.0,1.0,,False
contig_766269,8096,No terminal repeats,,8,11,0.9958,0.0021,4,7.6342,Viruses;Duplodnaviria;Heunggongvirae;Uroviricota;Caudoviricetes;;,8096,No,,8,4,0,Low-quality,Genome-fragment,18.17,AAI-based (medium-confidence),0.0,1.0,,False
contig_758795,5674,No terminal repeats,,8,11,0.9955,0.0022,1,2.5008,Viruses;Duplodnaviria;Heunggongvirae;Uroviricota;Caudoviricetes;;,5674,No,,8,1,0,Low-quality,Genome-fragment,15.03,AAI-based (medium-confidence),0.0,1.0,,False
contig_772996,28953,No terminal repeats,,47,11,0.9951,0.0023,14,50.6513,Viruses;Duplodnaviria;Heunggongvirae;Uroviricota;Caudoviricetes;;,28953,No,,47,16,0,Medium-quality,Genome-fragment,80.89,AAI-based (medium-confidence),0.0,1.0,,False
contig_763283|provirus_3_15454,15452,Provirus,3-15454,23,11,0.9946,0.0024,4,8.6853,Viruses;Duplodnaviria;Heunggongvirae;Uroviricota;Caudoviricetes;;,15452,No,,23,3,1,Low-quality,Genome-fragment,21.21,AAI-based (medium-confidence),0.0,1.0,,True
contig_766878,7332,No terminal repeats,,11,11,0.9934,0.0025,2,9.2455,Viruses;Duplodnaviria;Heunggongvirae;Uroviricota;Caudoviricetes;;,7332,No,,11,2,0,Low-quality,Genome-fragment,18.96,AAI-based (high-confidence),0.0,1.01,,False
contig_761193,5109,No terminal repeats,,2,11,0.9928,0.0026,1,1.274,Viruses;Duplodnaviria;Heunggongvirae;Uroviricota;Caudoviricetes;;,5109,No,,2,1,0,Low-quality,Genome-fragment,11.23,AAI-based (medium-confidence),0.0,1.0,,False
contig_762131,16995,No terminal repeats,,25,11,0.9897,0.003,1,10.5325,Viruses;Duplodnaviria;Heunggongvirae;Uroviricota;Caudoviricetes;;,16995,Yes,6111.0,25,3,4,Low-quality,Genome-fragment,10.34,AAI-based (medium-confidence),64.04,1.0,,True
contig_772136,7557,No terminal repeats,,8,11,0.9863,0.0035,1,5.9389,Viruses;;;;;;,7557,No,,8,0,1,Not-determined,Genome-fragment,,,0.0,1.0,no viral genes detected,False
contig_773937,12568,No terminal repeats,,15,11,0.9757,0.0044,2,8.3877,Viruses;Duplodnaviria;Heunggongvirae;Uroviricota;Caudoviricetes;;,12568,No,,15,1,2,Low-quality,Genome-fragment,23.09,AAI-based (medium-confidence),0.0,1.0,,False
contig_756765,18180,No terminal repeats,,17,11,0.9709,0.0051,4,8.3909,Viruses;Duplodnaviria;Heunggongvirae;Uroviricota;Caudoviricetes;;,18180,Yes,6628.0,17,7,3,Low-quality,Genome-fragment,18.99,AAI-based (high-confidence),63.54,1.0,,True
contig_769362,14495,No terminal repeats,,16,11,0.9632,0.0061,4,18.2459,Viruses;Duplodnaviria;Heunggongvirae;Uroviricota;Caudoviricetes;;,14495,No,,16,8,0,Low-quality,Genome-fragment,20.58,HMM-based (lower-bound),0.0,1.01,,False
contig_766451,6389,No terminal repeats,,12,11,0.9625,0.0063,1,7.196,Viruses;Duplodnaviria;Heunggongvirae;Uroviricota;Caudoviricetes;;,6389,No,,12,0,0,Not-determined,Genome-fragment,,,0.0,1.0,no viral genes detected,False
contig_770832,9390,No terminal repeats,,3,11,0.9336,0.0102,1,3.3892,Viruses;Duplodnaviria;Heunggongvirae;Uroviricota;Caudoviricetes;;,9390,No,,3,1,0,Low-quality,Genome-fragment,13.92,HMM-based (lower-bound),0.0,1.0,,False
contig_765900,41533,No terminal repeats,,24,11,0.9285,0.0109,0,12.6576,Viruses;Duplodnaviria;Heunggongvirae;Uroviricota;Caudoviricetes;;,41533,No,,24,1,1,Low-quality,Genome-fragment,22.53,HMM-based (lower-bound),0.0,1.01,,False
contig_765649,8984,No terminal repeats,,12,11,0.9213,0.0124,8,16.7017,Viruses;Duplodnaviria;Heunggongvirae;Uroviricota;Caudoviricetes;;,8984,No,,12,10,0,Low-quality,Genome-fragment,23.67,AAI-based (medium-confidence),0.0,1.0,,False
contig_761880,8813,No terminal repeats,,3,11,0.917,0.0136,1,3.4034,Viruses;Duplodnaviria;Heunggongvirae;Uroviricota;Caudoviricetes;;,8813,No,,3,1,0,Low-quality,Genome-fragment,13.07,HMM-based (lower-bound),0.0,1.0,,False
contig_762548,6669,No terminal repeats,,11,11,0.9089,0.0145,2,3.4727,Viruses;Duplodnaviria;Heunggongvirae;Uroviricota;Caudoviricetes;;,6669,No,,11,4,0,Low-quality,Genome-fragment,10.54,HMM-based (lower-bound),0.0,1.0,,False
contig_761292,7556,No terminal repeats,,13,11,0.8976,0.0167,0,3.6512,Viruses;Duplodnaviria;Heunggongvirae;Uroviricota;Caudoviricetes;;,7556,No,,13,1,0,Low-quality,Genome-fragment,12.05,HMM-based (lower-bound),0.0,1.01,,False
contig_765578,6378,No terminal repeats,,4,11,0.8869,0.018,0,1.7183,Viruses;Duplodnaviria;Heunggongvirae;Uroviricota;Caudoviricetes;;,6378,No,,4,1,0,Low-quality,Genome-fragment,2.01,HMM-based (lower-bound),0.0,1.0,,False
contig_766680,5319,No terminal repeats,,8,11,0.8806,0.0189,1,4.0387,Viruses;Duplodnaviria;Heunggongvirae;Uroviricota;Caudoviricetes;;,5319,Yes,3860.0,8,1,2,Low-quality,Genome-fragment,6.3,AAI-based (medium-confidence),27.43,1.0,,True
contig_783147,9838,No terminal repeats,,14,11,0.9986,0.0013,4,23.3414,Viruses;Duplodnaviria;Heunggongvirae;Uroviricota;Caudoviricetes;;,9838,No,,14,10,0,Low-quality,Genome-fragment,15.77,AAI-based (high-confidence),0.0,1.0,,False
contig_793066,11261,No terminal repeats,,17,11,0.9985,0.0014,15,22.0267,Viruses;Duplodnaviria;Heunggongvirae;Uroviricota;Caudoviricetes;;,11261,No,,17,15,0,Low-quality,Genome-fragment,31.09,AAI-based (high-confidence),0.0,1.0,,False
contig_789214,9913,No terminal repeats,,13,11,0.9979,0.0016,4,13.4966,Viruses;Duplodnaviria;Heunggongvirae;Uroviricota;Caudoviricetes;;,9913,No,,13,6,0,Low-quality,Genome-fragment,20.54,AAI-based (high-confidence),0.0,1.0,,False
contig_777090,13465,No terminal repeats,,19,11,0.9979,0.0017,14,24.7917,Viruses;Duplodnaviria;Heunggongvirae;Uroviricota;Caudoviricetes;;,13465,No,,19,17,0,Low-quality,Genome-fragment,38.97,AAI-based (high-confidence),0.0,1.0,,False
contig_780201,8091,No terminal repeats,,11,11,0.9976,0.0017,7,13.8851,Viruses;Duplodnaviria;Heunggongvirae;Uroviricota;Caudoviricetes;;,8091,No,,11,5,0,Low-quality,Genome-fragment,18.41,AAI-based (medium-confidence),0.0,1.0,,False
contig_776767,7366,No terminal repeats,,7,11,0.9971,0.0018,1,6.6812,Viruses;Duplodnaviria;Heunggongvirae;Uroviricota;Caudoviricetes;;,7366,No,,7,0,1,Not-determined,Genome-fragment,,,0.0,1.0,no viral genes detected,False
contig_782822,12662,No terminal repeats,,21,11,0.9966,0.002,6,22.3892,Viruses;Duplodnaviria;Heunggongvirae;Uroviricota;Caudoviricetes;;,12662,No,,21,7,0,Low-quality,Genome-fragment,35.13,AAI-based (high-confidence),0.0,1.0,,False
contig_782873,5646,No terminal repeats,,7,11,0.8811,0.0182,3,11.1436,Viruses;Duplodnaviria;Heunggongvirae;Uroviricota;Caudoviricetes;;,5646,No,,7,7,0,Low-quality,Genome-fragment,14.86,AAI-based (high-confidence),0.0,1.0,,False
contig_789669,14109,No terminal repeats,,13,11,0.8642,0.0222,2,9.2536,Viruses;Duplodnaviria;Heunggongvirae;Uroviricota;Caudoviricetes;;,14109,No,,13,2,1,Low-quality,Genome-fragment,18.2,HMM-based (lower-bound),0.0,1.0,,False
contig_785093,6233,No terminal repeats,,5,11,0.7495,0.0372,1,1.3074,Viruses;Duplodnaviria;Heunggongvirae;Uroviricota;Caudoviricetes;;,6233,No,,5,1,0,Low-quality,Genome-fragment,5.71,HMM-based (lower-bound),0.0,1.0,,False
contig_799923,6465,No terminal repeats,,7,11,0.9981,0.0019,5,9.2539,Viruses;Duplodnaviria;Heunggongvirae;Uroviricota;Caudoviricetes;;,6465,No,,7,6,0,Low-quality,Genome-fragment,19.62,AAI-based (high-confidence),0.0,1.0,,False
contig_794844|provirus_2754_9587,6834,Provirus,2754-9587,9,11,0.9979,0.002,6,10.3712,Viruses;Duplodnaviria;Heunggongvirae;Uroviricota;Caudoviricetes;;,6834,No,,9,6,0,Low-quality,Genome-fragment,21.16,AAI-based (high-confidence),0.0,1.0,,True
contig_797971,7167,No terminal repeats,,8,11,0.9978,0.002,5,8.7142,Viruses;Duplodnaviria;Heunggongvirae;Uroviricota;Caudoviricetes;;,7167,Yes,6786.0,8,7,1,Low-quality,Genome-fragment,20.9,AAI-based (high-confidence),5.32,1.0,,True
contig_795553,5066,No terminal repeats,,7,11,0.9968,0.0023,1,7.7416,Viruses;Duplodnaviria;Heunggongvirae;Uroviricota;Caudoviricetes;;,5066,No,,7,4,0,Low-quality,Genome-fragment,16.11,AAI-based (high-confidence),0.0,1.0,,False
contig_797611,5282,No terminal repeats,,7,11,0.996,0.0027,1,3.0796,Viruses;Duplodnaviria;Heunggongvirae;Uroviricota;Caudoviricetes;;,5282,No,,7,2,0,Low-quality,Genome-fragment,8.33,HMM-based (lower-bound),0.0,1.0,,False
contig_805341,40255,No terminal repeats,,48,11,0.9959,0.0027,10,25.5305,Viruses;Duplodnaviria;Heunggongvirae;Uroviricota;Caudoviricetes;;,40255,No,,48,11,2,High-quality,High-quality,100.0,AAI-based (medium-confidence),0.0,1.0,,False
contig_797724,6470,No terminal repeats,,5,11,0.9919,0.0033,1,3.3029,Viruses;Duplodnaviria;Heunggongvirae;Uroviricota;Caudoviricetes;;,6470,Yes,6312.0,5,1,1,Low-quality,Genome-fragment,9.36,HMM-based (lower-bound),2.44,1.0,,True
contig_804854,5146,No terminal repeats,,6,11,0.9704,0.0053,2,1.514,Viruses;Duplodnaviria;Heunggongvirae;Uroviricota;Caudoviricetes;;,5146,No,,6,1,0,Low-quality,Genome-fragment,11.04,AAI-based (medium-confidence),0.0,1.0,,False
contig_804986,5302,No terminal repeats,,7,11,0.8492,0.0256,1,3.9218,Viruses;Duplodnaviria;Heunggongvirae;Uroviricota;Caudoviricetes;;,5302,No,,7,0,0,Not-determined,Genome-fragment,,,0.0,1.0,no viral genes detected,False
contig_799079,18320,No terminal repeats,,26,11,0.846,0.0279,10,19.6839,Viruses;Duplodnaviria;Heunggongvirae;Uroviricota;Caudoviricetes;;,18320,No,,26,10,1,Low-quality,Genome-fragment,31.81,AAI-based (medium-confidence),0.0,1.0,,False
contig_828453,12555,No terminal repeats,,14,11,0.998,0.0019,10,20.4652,Viruses;Duplodnaviria;Heunggongvirae;Uroviricota;Caudoviricetes;;,12555,No,,14,8,2,Low-quality,Genome-fragment,28.58,AAI-based (medium-confidence),0.0,1.0,,False
contig_831870,6351,No terminal repeats,,11,11,0.9979,0.002,6,12.312,Viruses;Duplodnaviria;Heunggongvirae;Uroviricota;Caudoviricetes;;,6351,No,,11,8,0,Low-quality,Genome-fragment,10.7,HMM-based (lower-bound),0.0,1.0,,False
contig_815768,5444,No terminal repeats,,8,11,0.9978,0.002,4,12.744,Viruses;Duplodnaviria;Heunggongvirae;Uroviricota;Caudoviricetes;;,5444,No,,8,5,0,Low-quality,Genome-fragment,17.08,AAI-based (high-confidence),0.0,1.0,,False
contig_828587,5281,No terminal repeats,,9,11,0.9977,0.0021,1,8.7479,Viruses;Duplodnaviria;Heunggongvirae;Uroviricota;Caudoviricetes;;,5281,No,,9,2,1,Low-quality,Genome-fragment,4.47,HMM-based (lower-bound),0.0,1.0,,False
contig_817027,13247,No terminal repeats,,17,11,0.9976,0.0021,4,7.5836,Viruses;Duplodnaviria;Heunggongvirae;Uroviricota;Caudoviricetes;;,13247,No,,17,4,0,Low-quality,Genome-fragment,20.14,AAI-based (medium-confidence),0.0,1.0,,False
contig_816969,26416,No terminal repeats,,35,11,0.9971,0.0022,4,18.5886,Viruses;Duplodnaviria;Heunggongvirae;Uroviricota;Caudoviricetes;;,26416,No,,35,7,1,Low-quality,Genome-fragment,27.45,AAI-based (medium-confidence),0.0,1.0,,False
contig_808994,23464,No terminal repeats,,28,11,0.9965,0.0024,2,14.4973,Viruses;Duplodnaviria;Heunggongvirae;Uroviricota;Caudoviricetes;;,23464,No,,28,8,0,Low-quality,Genome-fragment,26.34,HMM-based (lower-bound),0.0,1.0,,False
contig_825109,38510,No terminal repeats,,63,11,0.9965,0.0024,2,14.4138,Viruses;Duplodnaviria;Heunggongvirae;Uroviricota;Caudoviricetes;;,38510,No,,63,5,1,Low-quality,Genome-fragment,28.69,AAI-based (high-confidence),0.0,1.0,,False
contig_824576,12257,No terminal repeats,,4,11,0.9964,0.0024,1,2.9159,Viruses;Duplodnaviria;Heunggongvirae;Uroviricota;Caudoviricetes;;Herelleviridae,12257,No,,4,1,0,Low-quality,Genome-fragment,10.34,AAI-based (medium-confidence),0.0,1.0,,False
contig_832296,12449,No terminal repeats,,14,11,0.9963,0.0025,2,3.9903,Viruses;Duplodnaviria;Heunggongvirae;Uroviricota;Caudoviricetes;;,12449,No,,14,3,0,Low-quality,Genome-fragment,12.78,AAI-based (medium-confidence),0.0,1.0,,False
contig_825631,6659,No terminal repeats,,6,11,0.9962,0.0026,3,4.3349,Viruses;Duplodnaviria;Heunggongvirae;Uroviricota;Caudoviricetes;;,6659,No,,6,1,0,Low-quality,Genome-fragment,11.91,AAI-based (medium-confidence),0.0,1.0,,False
contig_824492,5935,No terminal repeats,,4,11,0.996,0.0026,1,3.1715,Viruses;Duplodnaviria;Heunggongvirae;Uroviricota;Caudoviricetes;;,5935,No,,4,2,0,Low-quality,Genome-fragment,5.83,AAI-based (medium-confidence),0.0,1.0,,False
contig_817186,7108,No terminal repeats,,12,11,0.996,0.0026,2,3.2922,Viruses;Duplodnaviria;Heunggongvirae;Uroviricota;Caudoviricetes;;,7108,No,,12,1,0,Low-quality,Genome-fragment,5.68,HMM-based (lower-bound),0.0,1.0,,False
contig_815181,10298,No terminal repeats,,10,11,0.9959,0.0026,1,4.9123,Viruses;Duplodnaviria;Heunggongvirae;Uroviricota;Caudoviricetes;;Herelleviridae,10298,No,,10,2,0,Low-quality,Genome-fragment,8.08,AAI-based (medium-confidence),0.0,1.0,,False
contig_815781,20593,No terminal repeats,,33,11,0.9888,0.0038,5,13.0773,Viruses;Duplodnaviria;Heunggongvirae;Uroviricota;Caudoviricetes;;,20593,No,,33,5,1,Low-quality,Genome-fragment,31.78,HMM-based (lower-bound),0.0,1.0,,False
contig_830668,7869,No terminal repeats,,9,11,0.9874,0.0041,1,3.7339,Viruses;Duplodnaviria;Heunggongvirae;Uroviricota;Caudoviricetes;;,7869,No,,9,3,0,Low-quality,Genome-fragment,17.89,AAI-based (medium-confidence),0.0,1.0,,False
contig_830925,6768,No terminal repeats,,9,11,0.9822,0.0049,5,10.4098,Viruses;Duplodnaviria;Heunggongvirae;Uroviricota;Caudoviricetes;;,6768,No,,9,8,0,Low-quality,Genome-fragment,17.75,AAI-based (medium-confidence),0.0,1.0,,False
contig_825222,5166,No terminal repeats,,1,11,0.9775,0.0054,0,1.2418,Viruses;Duplodnaviria;Heunggongvirae;Uroviricota;Caudoviricetes;;,5166,No,,1,0,0,Not-determined,Genome-fragment,,,0.0,1.0,no viral genes detected,False
contig_828216,11290,No terminal repeats,,15,11,0.9735,0.0057,6,8.539,Viruses;Duplodnaviria;Heunggongvirae;Uroviricota;Caudoviricetes;;,11290,No,,15,7,0,Low-quality,Genome-fragment,16.21,HMM-based (lower-bound),0.0,1.0,,False
contig_825972,12863,No terminal repeats,,14,11,0.9541,0.0092,3,13.2549,Viruses;Duplodnaviria;Heunggongvirae;Uroviricota;Caudoviricetes;;,12863,No,,14,2,0,Low-quality,Genome-fragment,22.15,AAI-based (medium-confidence),0.0,1.01,,False
contig_817993,7383,No terminal repeats,,12,11,0.9521,0.0096,5,10.7437,Viruses;Duplodnaviria;Heunggongvirae;Uroviricota;Caudoviricetes;;,7383,No,,12,7,0,Low-quality,Genome-fragment,8.62,HMM-based (lower-bound),0.0,1.0,,False
contig_814047,10959,No terminal repeats,,15,11,0.9414,0.0107,5,11.6869,Viruses;Duplodnaviria;Heunggongvirae;Uroviricota;Caudoviricetes;;,10959,No,,15,8,0,Low-quality,Genome-fragment,28.16,AAI-based (medium-confidence),0.0,1.0,,False
contig_814430,8255,No terminal repeats,,9,11,0.9182,0.0132,5,14.347,Viruses;Duplodnaviria;Heunggongvirae;Uroviricota;Caudoviricetes;;,8255,No,,9,4,0,Low-quality,Genome-fragment,16.44,AAI-based (medium-confidence),0.0,1.0,,False
contig_807955,12740,No terminal repeats,,9,11,0.9031,0.0181,2,4.9726,Viruses;Duplodnaviria;Heunggongvirae;Uroviricota;Caudoviricetes;;,12740,No,,9,0,2,Not-determined,Genome-fragment,,,0.0,1.0,no viral genes detected,False
contig_827329,5401,No terminal repeats,,7,11,0.9019,0.0186,3,8.5852,Unclassified,5401,No,,7,0,0,Not-determined,Genome-fragment,,,0.0,1.0,no viral genes detected,False
contig_831001,6235,No terminal repeats,,4,11,0.8808,0.0227,2,4.8694,Viruses;Duplodnaviria;Heunggongvirae;Uroviricota;Caudoviricetes;;,6235,Yes,4975.0,4,1,1,Low-quality,Genome-fragment,3.33,HMM-based (lower-bound),20.21,1.0,,True
contig_816403,5586,No terminal repeats,,5,11,0.8799,0.0232,1,6.1564,Viruses;Duplodnaviria;Heunggongvirae;Uroviricota;Caudoviricetes;;,5586,No,,5,1,0,Low-quality,Genome-fragment,4.98,AAI-based (medium-confidence),0.0,1.0,,False
contig_814224,5140,No terminal repeats,,8,11,0.8768,0.0242,2,9.4417,Viruses;Duplodnaviria;Heunggongvirae;Uroviricota;Caudoviricetes;;,5140,No,,8,2,0,Low-quality,Genome-fragment,10.47,AAI-based (medium-confidence),0.0,1.0,,False
contig_825849,5908,No terminal repeats,,11,11,0.8554,0.0264,1,2.9535,Viruses;Duplodnaviria;Heunggongvirae;Uroviricota;Caudoviricetes;;Herelleviridae,5908,No,,11,2,0,Low-quality,Genome-fragment,2.96,HMM-based (lower-bound),0.0,1.0,,False
contig_835468,5772,No terminal repeats,,9,11,0.9984,0.0016,2,13.4341,Viruses;Duplodnaviria;Heunggongvirae;Uroviricota;Caudoviricetes;;,5772,No,,9,6,0,Low-quality,Genome-fragment,10.98,AAI-based (high-confidence),0.0,1.0,,False
contig_842699,27981,No terminal repeats,,35,11,0.9983,0.0017,11,48.1799,Viruses;Duplodnaviria;Heunggongvirae;Uroviricota;Caudoviricetes;;,27981,No,,35,22,0,Low-quality,Genome-fragment,44.99,AAI-based (high-confidence),0.0,1.0,,False
contig_842084,14716,No terminal repeats,,20,11,0.998,0.0018,5,18.369,Viruses;Duplodnaviria;Heunggongvirae;Uroviricota;Caudoviricetes;;,14716,No,,20,13,2,Low-quality,Genome-fragment,40.76,AAI-based (medium-confidence),0.0,1.01,,False
contig_841070,6287,No terminal repeats,,11,11,0.998,0.0018,1,4.9828,Viruses;Duplodnaviria;Heunggongvirae;Uroviricota;Caudoviricetes;;,6287,No,,11,2,0,Low-quality,Genome-fragment,5.54,HMM-based (lower-bound),0.0,1.0,,False
contig_840995|provirus_2_12527,12526,Provirus,2-12527,16,11,0.9975,0.002,5,18.2615,Viruses;Duplodnaviria;Heunggongvirae;Uroviricota;Caudoviricetes;;,12526,Yes,8486.0,16,5,2,Low-quality,Genome-fragment,15.6,AAI-based (medium-confidence),32.25,1.0,,True
contig_844396,19061,No terminal repeats,,23,11,0.9973,0.002,3,23.0485,Viruses;Duplodnaviria;Heunggongvirae;Uroviricota;Caudoviricetes;;,19061,No,,23,3,0,Low-quality,Genome-fragment,46.01,AAI-based (high-confidence),0.0,1.0,,False
contig_838346,7756,No terminal repeats,,9,11,0.9945,0.0026,2,7.6078,Viruses;Duplodnaviria;Heunggongvirae;Uroviricota;Caudoviricetes;;,7756,No,,9,2,1,Low-quality,Genome-fragment,4.91,HMM-based (lower-bound),0.0,1.0,,False
contig_843512,5515,No terminal repeats,,7,11,0.837,0.0245,2,4.7816,Viruses;Duplodnaviria;Heunggongvirae;Uroviricota;Caudoviricetes;;,5515,No,,7,0,1,Not-determined,Genome-fragment,,,0.0,1.0,no viral genes detected,False
contig_862874,7254,No terminal repeats,,10,11,0.9983,0.0017,8,14.7454,Viruses;Duplodnaviria;Heunggongvirae;Uroviricota;Caudoviricetes;;,7254,No,,10,10,0,Low-quality,Genome-fragment,20.87,AAI-based (high-confidence),0.0,1.0,,False
contig_861989,8484,No terminal repeats,,11,11,0.9983,0.0017,4,18.1515,Viruses;Duplodnaviria;Heunggongvirae;Uroviricota;Caudoviricetes;;,8484,No,,11,8,0,Low-quality,Genome-fragment,13.85,AAI-based (high-confidence),0.0,1.0,,False
contig_866574,24876,No terminal repeats,,30,11,0.9983,0.0017,5,40.5487,Viruses;Duplodnaviria;Heunggongvirae;Uroviricota;Caudoviricetes;;,24876,No,,30,20,0,Medium-quality,Genome-fragment,59.71,AAI-based (high-confidence),0.0,1.0,,False
contig_848526,8161,No terminal repeats,,13,11,0.9982,0.0018,5,20.1112,Viruses;Duplodnaviria;Heunggongvirae;Uroviricota;Caudoviricetes;;,8161,No,,13,10,0,Low-quality,Genome-fragment,12.68,AAI-based (medium-confidence),0.0,1.0,,False
contig_857457,18140,No terminal repeats,,27,11,0.9982,0.0018,6,31.8647,Viruses;Duplodnaviria;Heunggongvirae;Uroviricota;Caudoviricetes;;,18140,No,,27,9,0,Low-quality,Genome-fragment,45.47,AAI-based (medium-confidence),0.0,1.0,,False
contig_865379,5465,No terminal repeats,,8,11,0.9982,0.0018,3,10.9647,Viruses;Duplodnaviria;Heunggongvirae;Uroviricota;Caudoviricetes;;,5465,No,,8,5,0,Low-quality,Genome-fragment,11.39,AAI-based (medium-confidence),0.0,1.0,,False
contig_863822,19367,No terminal repeats,,25,11,0.9982,0.0018,13,35.0411,Viruses;Duplodnaviria;Heunggongvirae;Uroviricota;Caudoviricetes;;,19367,No,,25,16,1,Low-quality,Genome-fragment,44.64,AAI-based (medium-confidence),0.0,1.0,,False
contig_861080,5466,No terminal repeats,,8,11,0.9982,0.0018,4,11.1318,Viruses;Duplodnaviria;Heunggongvirae;Uroviricota;Caudoviricetes;;,5466,No,,8,5,0,Low-quality,Genome-fragment,11.91,AAI-based (medium-confidence),0.0,1.0,,False
contig_862677,7572,No terminal repeats,,14,11,0.998,0.0019,2,12.3544,Viruses;Duplodnaviria;Heunggongvirae;Uroviricota;Caudoviricetes;;,7572,No,,14,6,0,Low-quality,Genome-fragment,12.36,HMM-based (lower-bound),0.0,1.0,,False
contig_858059,21599,No terminal repeats,,25,11,0.998,0.0019,9,21.5755,Viruses;Duplodnaviria;Heunggongvirae;Uroviricota;Caudoviricetes;;,21599,No,,25,10,0,Medium-quality,Genome-fragment,56.78,AAI-based (medium-confidence),0.0,1.0,,False
contig_854916,7046,No terminal repeats,,12,11,0.998,0.0019,8,16.2726,Viruses;Duplodnaviria;Heunggongvirae;Uroviricota;Caudoviricetes;;,7046,No,,12,7,1,Low-quality,Genome-fragment,14.2,AAI-based (medium-confidence),0.0,1.0,,False
contig_846053|provirus_6636_51075,44440,Provirus,6636-51075,64,11,0.998,0.0019,18,57.0691,Viruses;Duplodnaviria;Heunggongvirae;Uroviricota;Caudoviricetes;;,44440,No,,64,21,1,High-quality,High-quality,100.0,AAI-based (medium-confidence),0.0,1.0,,True
contig_867071,7824,No terminal repeats,,11,11,0.998,0.0019,3,13.2066,Viruses;Duplodnaviria;Heunggongvirae;Uroviricota;Caudoviricetes;;,7824,No,,11,2,0,Low-quality,Genome-fragment,4.91,AAI-based (medium-confidence),0.0,1.0,,False
contig_866011,7110,No terminal repeats,,8,11,0.9979,0.0019,3,10.6014,Viruses;Duplodnaviria;Heunggongvirae;Uroviricota;Caudoviricetes;;,7110,No,,8,3,0,Low-quality,Genome-fragment,10.13,HMM-based (lower-bound),0.0,1.0,,False
contig_850571,22164,No terminal repeats,,33,11,0.9978,0.002,12,41.1222,Viruses;Duplodnaviria;Heunggongvirae;Uroviricota;Caudoviricetes;;,22164,No,,33,17,0,Medium-quality,Genome-fragment,81.35,AAI-based (high-confidence),0.0,1.0,,False
contig_852684,44405,No terminal repeats,,52,11,0.9978,0.002,13,40.1252,Viruses;Duplodnaviria;Heunggongvirae;Uroviricota;Caudoviricetes;;,44405,No,,52,20,2,Medium-quality,Genome-fragment,57.58,HMM-based (lower-bound),0.0,1.0,,False
contig_845649,7239,No terminal repeats,,12,11,0.9978,0.002,1,6.0463,Viruses;Duplodnaviria;Heunggongvirae;Uroviricota;Caudoviricetes;;,7239,No,,12,3,0,Low-quality,Genome-fragment,12.93,HMM-based (lower-bound),0.0,1.0,,False
contig_867213,18229,No terminal repeats,,20,11,0.9978,0.002,0,10.8752,Viruses;Duplodnaviria;Heunggongvirae;Uroviricota;Caudoviricetes;;,18229,No,,20,6,1,Low-quality,Genome-fragment,10.01,AAI-based (medium-confidence),0.0,1.0,,False
contig_862614,24604,No terminal repeats,,35,11,0.9977,0.002,15,30.6041,Viruses;Duplodnaviria;Heunggongvirae;Uroviricota;Caudoviricetes;;,24604,No,,35,15,1,Medium-quality,Genome-fragment,64.07,AAI-based (medium-confidence),0.0,1.0,,False
contig_853886,6071,No terminal repeats,,8,11,0.9974,0.0021,2,6.8648,Viruses;Duplodnaviria;Heunggongvirae;Uroviricota;Caudoviricetes;;,6071,No,,8,3,0,Low-quality,Genome-fragment,9.53,AAI-based (medium-confidence),0.0,1.0,,False
contig_857270,40071,No terminal repeats,,54,11,0.997,0.0022,8,51.8189,Viruses;Duplodnaviria;Heunggongvirae;Uroviricota;Caudoviricetes;;,40071,No,,54,14,0,Medium-quality,Genome-fragment,85.79,AAI-based (medium-confidence),0.0,1.0,,False
contig_852488,7330,No terminal repeats,,5,11,0.9967,0.0022,0,6.6018,Viruses;Duplodnaviria;Heunggongvirae;Uroviricota;Caudoviricetes;;,7330,No,,5,1,0,Low-quality,Genome-fragment,2.81,HMM-based (lower-bound),0.0,1.0,,False
contig_869770,14394,DTR,,22,11,0.9966,0.0023,8,17.7148,Viruses;Duplodnaviria;Heunggongvirae;Uroviricota;Caudoviricetes;;,14394,No,,22,7,0,Complete,High-quality,100.0,DTR (high-confidence),0.0,1.01,,False
contig_854136,51558,No terminal repeats,,79,11,0.9964,0.0023,15,56.9994,Viruses;Duplodnaviria;Heunggongvirae;Uroviricota;Caudoviricetes;;,51558,No,,79,15,1,High-quality,High-quality,100.0,AAI-based (high-confidence),0.0,1.0,,False
contig_868523,16046,No terminal repeats,,17,11,0.9959,0.0024,2,6.7523,Viruses;Duplodnaviria;Heunggongvirae;Uroviricota;Caudoviricetes;;,16046,No,,17,1,0,Low-quality,Genome-fragment,10.8,AAI-based (medium-confidence),0.0,1.0,,False
contig_859490,12915,No terminal repeats,,14,11,0.9951,0.0026,2,9.1189,Viruses;Duplodnaviria;Heunggongvirae;Uroviricota;Caudoviricetes;;,12915,No,,14,5,2,Low-quality,Genome-fragment,37.0,AAI-based (high-confidence),0.0,1.01,,False
contig_859715|provirus_7596_43736,36141,Provirus,7596-43736,47,11,0.995,0.0026,6,15.8418,Viruses;Duplodnaviria;Heunggongvirae;Uroviricota;Caudoviricetes;;,36141,No,,47,3,0,Low-quality,Genome-fragment,43.67,HMM-based (lower-bound),0.0,1.0,,True
contig_862041|provirus_3_10167,10165,Provirus,3-10167,13,11,0.9948,0.0027,1,9.6955,Viruses;Duplodnaviria;Heunggongvirae;Uroviricota;Caudoviricetes;;,10165,No,,13,4,0,Low-quality,Genome-fragment,14.57,HMM-based (lower-bound),0.0,1.0,,True
contig_852073,13303,No terminal repeats,,16,11,0.9784,0.0045,3,12.5097,Viruses;Duplodnaviria;Heunggongvirae;Uroviricota;Caudoviricetes;;,13303,No,,16,3,1,Low-quality,Genome-fragment,21.78,AAI-based (medium-confidence),0.0,1.0,,False
contig_859409,5702,No terminal repeats,,9,11,0.9691,0.0055,1,2.0033,Viruses;Duplodnaviria;Heunggongvirae;Uroviricota;Caudoviricetes;;,5702,No,,9,0,0,Low-quality,Genome-fragment,11.69,AAI-based (medium-confidence),0.0,1.0,no viral genes detected,False
contig_855993,7988,No terminal repeats,,9,11,0.9466,0.0088,4,9.1936,Viruses;Duplodnaviria;Heunggongvirae;Uroviricota;Caudoviricetes;;,7988,No,,9,3,0,Low-quality,Genome-fragment,24.25,AAI-based (high-confidence),0.0,1.0,,False
contig_858151|provirus_14375_49241,34867,Provirus,14375-49241,44,11,0.9294,0.0107,29,62.175,Viruses;Duplodnaviria;Heunggongvirae;Uroviricota;Caudoviricetes;;,34867,No,,44,34,1,High-quality,High-quality,94.92,AAI-based (medium-confidence),0.0,1.0,,True
contig_860955,40111,No terminal repeats,,46,11,0.9063,0.0151,0,6.3092,Viruses;Duplodnaviria;Heunggongvirae;Uroviricota;Caudoviricetes;;,40111,No,,46,2,3,Medium-quality,Genome-fragment,59.72,HMM-based (lower-bound),0.0,1.0,,False
contig_869971,5559,No terminal repeats,,8,11,0.8655,0.0213,2,10.3321,Viruses;Duplodnaviria;Heunggongvirae;Uroviricota;Caudoviricetes;;,5559,No,,8,3,0,Low-quality,Genome-fragment,9.07,HMM-based (lower-bound),0.0,1.0,,False
contig_851908,8091,No terminal repeats,,13,11,0.7862,0.0341,1,3.2556,Viruses;Duplodnaviria;Heunggongvirae;Uroviricota;Caudoviricetes;;,8091,No,,13,1,0,Low-quality,Genome-fragment,11.44,HMM-based (lower-bound),0.0,1.0,,False
contig_894348,5898,No terminal repeats,,8,11,0.9983,0.0017,4,11.9911,Viruses;Duplodnaviria;Heunggongvirae;Uroviricota;Caudoviricetes;;,5898,No,,8,5,0,Low-quality,Genome-fragment,12.67,AAI-based (medium-confidence),0.0,1.0,,False
contig_884027,8930,No terminal repeats,,7,11,0.9983,0.0017,0,9.2976,Viruses;Duplodnaviria;Heunggongvirae;Uroviricota;Caudoviricetes;;,8930,No,,7,5,0,Low-quality,Genome-fragment,19.47,AAI-based (medium-confidence),0.0,1.0,,False
contig_873223,7456,No terminal repeats,,10,11,0.9983,0.0017,4,14.036,Viruses;Duplodnaviria;Heunggongvirae;Uroviricota;Caudoviricetes;;,7456,No,,10,6,0,Low-quality,Genome-fragment,15.69,AAI-based (high-confidence),0.0,1.0,,False
contig_875837,14262,No terminal repeats,,19,11,0.9983,0.0017,7,18.9801,Viruses;Duplodnaviria;Heunggongvirae;Uroviricota;Caudoviricetes;;,14262,No,,19,10,0,Low-quality,Genome-fragment,16.9,HMM-based (lower-bound),0.0,1.0,,False
contig_871539,9831,No terminal repeats,,11,11,0.9982,0.0017,2,14.6014,Viruses;Duplodnaviria;Heunggongvirae;Uroviricota;Caudoviricetes;;,9831,No,,11,5,0,Low-quality,Genome-fragment,23.62,AAI-based (medium-confidence),0.0,1.0,,False
contig_891308,9125,No terminal repeats,,12,11,0.9982,0.0017,7,16.0044,Viruses;Duplodnaviria;Heunggongvirae;Uroviricota;Caudoviricetes;;,9125,No,,12,9,0,Low-quality,Genome-fragment,22.52,AAI-based (high-confidence),0.0,1.0,,False
contig_879160,10322,No terminal repeats,,12,11,0.9982,0.0017,5,19.3341,Viruses;Duplodnaviria;Heunggongvirae;Uroviricota;Caudoviricetes;;,10322,No,,12,10,0,Low-quality,Genome-fragment,16.85,AAI-based (high-confidence),0.0,1.0,,False
contig_884220,11130,No terminal repeats,,14,11,0.9982,0.0017,7,19.8101,Viruses;Duplodnaviria;Heunggongvirae;Uroviricota;Caudoviricetes;;,11130,No,,14,7,0,Low-quality,Genome-fragment,23.12,AAI-based (medium-confidence),0.0,1.0,,False
contig_890193,5162,No terminal repeats,,10,11,0.9982,0.0018,6,11.4072,Viruses;Duplodnaviria;Heunggongvirae;Uroviricota;Caudoviricetes;;,5162,No,,10,7,0,Low-quality,Genome-fragment,7.65,HMM-based (lower-bound),0.0,1.0,,False
contig_872244,6288,No terminal repeats,,9,11,0.9981,0.0018,3,10.8254,Viruses;Duplodnaviria;Heunggongvirae;Uroviricota;Caudoviricetes;;,6288,No,,9,3,0,Low-quality,Genome-fragment,10.13,HMM-based (lower-bound),0.0,1.0,,False
contig_879008,12657,No terminal repeats,,18,11,0.9981,0.0018,7,26.6787,Viruses;Duplodnaviria;Heunggongvirae;Uroviricota;Caudoviricetes;;,12657,No,,18,12,0,Low-quality,Genome-fragment,29.23,AAI-based (high-confidence),0.0,1.0,,False
contig_882271,5249,No terminal repeats,,6,11,0.9981,0.0018,1,6.2872,Viruses;Duplodnaviria;Heunggongvirae;Uroviricota;Caudoviricetes;;,5249,No,,6,1,0,Low-quality,Genome-fragment,10.36,AAI-based (medium-confidence),0.0,1.0,,False
contig_892437,11951,No terminal repeats,,11,11,0.9981,0.0018,4,7.5993,Viruses;Duplodnaviria;Heunggongvirae;Uroviricota;Caudoviricetes;;,11951,No,,11,2,0,Low-quality,Genome-fragment,19.72,HMM-based (lower-bound),0.0,1.0,,False
contig_879758,15266,No terminal repeats,,17,11,0.9981,0.0018,12,24.1197,Viruses;Duplodnaviria;Heunggongvirae;Uroviricota;Caudoviricetes;;,15266,No,,17,12,0,Low-quality,Genome-fragment,43.7,AAI-based (medium-confidence),0.0,1.0,,False
contig_888087,10651,No terminal repeats,,19,11,0.998,0.0018,4,18.7672,Viruses;Duplodnaviria;Heunggongvirae;Uroviricota;Caudoviricetes;;,10651,No,,19,9,0,Low-quality,Genome-fragment,14.43,HMM-based (lower-bound),0.0,1.0,,False
contig_872846,5505,No terminal repeats,,9,11,0.998,0.0018,6,13.205,Viruses;Duplodnaviria;Heunggongvirae;Uroviricota;Caudoviricetes;;,5505,No,,9,7,0,Low-quality,Genome-fragment,12.1,AAI-based (medium-confidence),0.0,1.0,,False
contig_894540,5262,No terminal repeats,,6,11,0.998,0.0018,3,8.0422,Viruses;Duplodnaviria;Heunggongvirae;Uroviricota;Caudoviricetes;;,5262,No,,6,4,0,Low-quality,Genome-fragment,11.86,AAI-based (medium-confidence),0.0,1.0,,False
contig_891213,9495,No terminal repeats,,11,11,0.998,0.0018,6,13.5675,Viruses;Duplodnaviria;Heunggongvirae;Uroviricota;Caudoviricetes;;,9495,No,,11,8,1,Low-quality,Genome-fragment,18.61,HMM-based (lower-bound),0.0,1.0,,False
contig_881672,9697,No terminal repeats,,13,11,0.998,0.0018,2,15.0635,Viruses;Duplodnaviria;Heunggongvirae;Uroviricota;Caudoviricetes;;,9697,No,,13,7,0,Low-quality,Genome-fragment,18.05,AAI-based (medium-confidence),0.0,1.0,,False
contig_872975,10621,No terminal repeats,,14,11,0.998,0.0018,5,20.3109,Viruses;Duplodnaviria;Heunggongvirae;Uroviricota;Caudoviricetes;;,10621,No,,14,10,0,Low-quality,Genome-fragment,19.84,AAI-based (medium-confidence),0.0,1.0,,False
contig_871696,111795,No terminal repeats,,173,11,0.9979,0.0019,7,104.1717,Viruses;Duplodnaviria;Heunggongvirae;Uroviricota;Caudoviricetes;;,111795,No,,173,37,5,Medium-quality,Genome-fragment,85.19,AAI-based (medium-confidence),0.0,1.0,,False
contig_881376,18460,No terminal repeats,,20,11,0.9979,0.0019,4,20.0419,Viruses;Duplodnaviria;Heunggongvirae;Uroviricota;Caudoviricetes;;,18460,No,,20,5,0,Low-quality,Genome-fragment,32.99,AAI-based (medium-confidence),0.0,1.0,,False
contig_895777,12860,No terminal repeats,,18,11,0.9978,0.0019,8,24.7899,Viruses;Duplodnaviria;Heunggongvirae;Uroviricota;Caudoviricetes;;,12860,No,,18,9,0,Low-quality,Genome-fragment,27.24,AAI-based (medium-confidence),0.0,1.0,,False
contig_892442,13779,No terminal repeats,,15,11,0.9978,0.0019,5,15.3013,Viruses;Duplodnaviria;Heunggongvirae;Uroviricota;Caudoviricetes;;,13779,No,,15,6,0,Low-quality,Genome-fragment,31.76,AAI-based (medium-confidence),0.0,1.0,,False
contig_874447,13144,No terminal repeats,,14,11,0.9978,0.0019,3,9.7674,Viruses;Duplodnaviria;Heunggongvirae;Uroviricota;Caudoviricetes;;,13144,No,,14,3,0,Low-quality,Genome-fragment,33.59,AAI-based (medium-confidence),0.0,1.0,,False
contig_895559,7242,No terminal repeats,,10,11,0.9977,0.0019,2,7.7422,Viruses;Duplodnaviria;Heunggongvirae;Uroviricota;Caudoviricetes;;,7242,No,,10,4,0,Low-quality,Genome-fragment,11.4,AAI-based (medium-confidence),0.0,1.0,,False
contig_888127,13798,No terminal repeats,,18,11,0.9976,0.0019,1,6.8584,Viruses;Duplodnaviria;Heunggongvirae;Uroviricota;Caudoviricetes;;,13798,No,,18,5,1,Low-quality,Genome-fragment,18.64,HMM-based (lower-bound),0.0,1.0,,False
contig_890553,6480,No terminal repeats,,7,11,0.9976,0.002,4,5.7618,Viruses;Duplodnaviria;Heunggongvirae;Uroviricota;Caudoviricetes;;,6480,No,,7,3,0,Low-quality,Genome-fragment,15.01,AAI-based (medium-confidence),0.0,1.0,,False
contig_887967,13498,No terminal repeats,,15,11,0.9975,0.002,2,16.112,Viruses;Duplodnaviria;Heunggongvirae;Uroviricota;Caudoviricetes;;,13498,No,,15,7,0,Low-quality,Genome-fragment,27.72,AAI-based (medium-confidence),0.0,1.0,,False
contig_887318,27120,No terminal repeats,,41,11,0.9975,0.002,7,27.0804,Viruses;Duplodnaviria;Heunggongvirae;Uroviricota;Caudoviricetes;;,27120,No,,41,18,0,Medium-quality,Genome-fragment,82.33,AAI-based (high-confidence),0.0,1.0,,False
contig_887885,27587,No terminal repeats,,29,11,0.9974,0.002,4,32.6227,Viruses;Duplodnaviria;Heunggongvirae;Uroviricota;Caudoviricetes;;,27587,No,,29,5,1,Medium-quality,Genome-fragment,66.27,AAI-based (medium-confidence),0.0,1.0,,False
contig_891644,6518,No terminal repeats,,10,11,0.9972,0.0021,3,4.7949,Viruses;Duplodnaviria;Heunggongvirae;Uroviricota;Caudoviricetes;;,6518,No,,10,5,0,Low-quality,Genome-fragment,15.37,AAI-based (medium-confidence),0.0,1.0,,False
contig_878097|provirus_37469_90671,53203,Provirus,37469-90671,76,11,0.9971,0.0021,13,67.7594,Viruses;Duplodnaviria;Heunggongvirae;Uroviricota;Caudoviricetes;;,53203,Yes,48541.0,76,26,2,Medium-quality,Genome-fragment,79.24,AAI-based (high-confidence),8.76,1.0,,True
contig_876422,35340,No terminal repeats,,47,11,0.9971,0.0021,5,27.2655,Viruses;Duplodnaviria;Heunggongvirae;Uroviricota;Caudoviricetes;;,35340,No,,47,12,2,High-quality,High-quality,90.5,AAI-based (medium-confidence),0.0,1.0,,False
contig_884424,5155,No terminal repeats,,5,11,0.9969,0.0022,2,4.1788,Viruses;Duplodnaviria;Heunggongvirae;Uroviricota;Caudoviricetes;;,5155,No,,5,2,0,Low-quality,Genome-fragment,14.35,AAI-based (medium-confidence),0.0,1.0,,False
contig_881188,5457,No terminal repeats,,6,11,0.9968,0.0022,2,5.0274,Viruses;Duplodnaviria;Heunggongvirae;Uroviricota;Caudoviricetes;;Drexlerviridae,5457,No,,6,3,0,Low-quality,Genome-fragment,11.86,AAI-based (high-confidence),0.0,1.0,,False
contig_872818,8007,No terminal repeats,,9,11,0.9967,0.0022,3,5.2389,Viruses;Duplodnaviria;Heunggongvirae;Uroviricota;Caudoviricetes;;,8007,No,,9,4,0,Low-quality,Genome-fragment,17.64,AAI-based (high-confidence),0.0,1.0,,False
contig_890940,9642,No terminal repeats,,11,11,0.9965,0.0022,3,5.5858,Viruses;Duplodnaviria;Heunggongvirae;Uroviricota;Caudoviricetes;;,9642,No,,11,4,1,Low-quality,Genome-fragment,23.66,AAI-based (medium-confidence),0.0,1.0,,False
contig_894700,5264,No terminal repeats,,2,11,0.9965,0.0023,2,2.237,Viruses;Duplodnaviria;Heunggongvirae;Uroviricota;Caudoviricetes;;Drexlerviridae,5264,No,,2,2,0,Low-quality,Genome-fragment,11.12,AAI-based (high-confidence),0.0,1.0,,False
contig_878373,20916,No terminal repeats,,24,11,0.9964,0.0023,5,16.4597,Viruses;Duplodnaviria;Heunggongvirae;Uroviricota;Caudoviricetes;;,20916,No,,24,7,1,Medium-quality,Genome-fragment,59.74,AAI-based (high-confidence),0.0,1.0,,False
contig_895496,9218,No terminal repeats,,7,11,0.9956,0.0024,0,3.2992,Viruses;Duplodnaviria;Heunggongvirae;Uroviricota;Caudoviricetes;;,9218,No,,7,0,1,Not-determined,Genome-fragment,,,0.0,1.0,no viral genes detected,False
contig_892164,11523,No terminal repeats,,16,11,0.9956,0.0024,3,5.0869,Viruses;Duplodnaviria;Heunggongvirae;Uroviricota;Caudoviricetes;;,11523,No,,16,2,1,Low-quality,Genome-fragment,14.27,HMM-based (lower-bound),0.0,1.0,,False
contig_874274,6962,No terminal repeats,,3,11,0.9953,0.0025,1,3.3879,Viruses;Duplodnaviria;Heunggongvirae;Uroviricota;Caudoviricetes;;,6962,No,,3,1,0,Low-quality,Genome-fragment,10.32,HMM-based (lower-bound),0.0,1.0,,False
contig_871076,11081,No terminal repeats,,21,11,0.9952,0.0025,1,10.4181,Viruses;Duplodnaviria;Heunggongvirae;Uroviricota;Caudoviricetes;;,11081,No,,21,1,1,Low-quality,Genome-fragment,14.27,HMM-based (lower-bound),0.0,1.0,,False
contig_883712,5923,No terminal repeats,,14,11,0.995,0.0026,1,8.8536,Viruses;Duplodnaviria;Heunggongvirae;Uroviricota;Caudoviricetes;;,5923,No,,14,2,0,Low-quality,Genome-fragment,8.79,HMM-based (lower-bound),0.0,1.01,,False
contig_878998,6176,No terminal repeats,,12,11,0.9946,0.0026,1,10.4132,Viruses;Duplodnaviria;Heunggongvirae;Uroviricota;Caudoviricetes;;,6176,No,,12,4,0,Low-quality,Genome-fragment,13.44,AAI-based (high-confidence),0.0,1.0,,False
contig_876857,6550,No terminal repeats,,11,11,0.9931,0.0029,1,1.7183,Viruses;Duplodnaviria;Heunggongvirae;Uroviricota;Caudoviricetes;;,6550,No,,11,2,0,Low-quality,Genome-fragment,9.26,HMM-based (lower-bound),0.0,1.0,,False
contig_885450,5978,No terminal repeats,,8,11,0.993,0.0029,1,3.9097,Viruses;Duplodnaviria;Heunggongvirae;Uroviricota;Caudoviricetes;;,5978,No,,8,0,0,Low-quality,Genome-fragment,13.23,AAI-based (high-confidence),0.0,1.0,no viral genes detected,False
contig_881633,8751,No terminal repeats,,11,11,0.9902,0.0033,3,4.0262,Viruses;Duplodnaviria;Heunggongvirae;Uroviricota;Caudoviricetes;;,8751,No,,11,3,0,Low-quality,Genome-fragment,11.56,HMM-based (lower-bound),0.0,1.06,,False
contig_881952,5695,No terminal repeats,,11,11,0.9885,0.0035,2,4.1661,Viruses;Duplodnaviria;Heunggongvirae;Uroviricota;Caudoviricetes;;,5695,No,,11,2,1,Low-quality,Genome-fragment,12.86,AAI-based (high-confidence),0.0,1.0,,False
contig_886637,32336,No terminal repeats,,38,11,0.9704,0.0054,10,37.1831,Viruses;Duplodnaviria;Heunggongvirae;Uroviricota;Caudoviricetes;;,32336,No,,38,17,0,Medium-quality,Genome-fragment,67.8,AAI-based (high-confidence),0.0,1.0,,False
contig_871458,5185,No terminal repeats,,11,11,0.967,0.0059,1,2.5017,Viruses;Duplodnaviria;Heunggongvirae;Uroviricota;Caudoviricetes;;,5185,No,,11,0,2,Not-determined,Genome-fragment,,,0.0,1.0,no viral genes detected,False
contig_885980,6127,No terminal repeats,,11,11,0.9471,0.008,1,2.0341,Viruses;Duplodnaviria;Heunggongvirae;Uroviricota;Caudoviricetes;;,6127,No,,11,3,0,Low-quality,Genome-fragment,10.82,AAI-based (medium-confidence),0.0,1.0,,False
contig_875240,8942,No terminal repeats,,11,11,0.9448,0.0084,1,4.7787,Viruses;Duplodnaviria;Heunggongvirae;Uroviricota;Caudoviricetes;;,8942,No,,11,2,0,Low-quality,Genome-fragment,14.53,AAI-based (medium-confidence),0.0,1.0,,False
contig_871876,11338,No terminal repeats,,13,11,0.9353,0.0092,1,4.2036,Viruses;Duplodnaviria;Heunggongvirae;Uroviricota;Caudoviricetes;;,11338,No,,13,2,2,Low-quality,Genome-fragment,17.09,HMM-based (lower-bound),0.0,1.0,,False
contig_873755,9215,No terminal repeats,,10,11,0.9187,0.0121,1,3.6288,Viruses;Duplodnaviria;Heunggongvirae;Uroviricota;Caudoviricetes;;,9215,No,,10,1,1,Low-quality,Genome-fragment,8.4,AAI-based (medium-confidence),0.0,1.0,,False
contig_890785,7580,No terminal repeats,,7,11,0.9167,0.0127,4,5.5989,Viruses;Duplodnaviria;Heunggongvirae;Uroviricota;Caudoviricetes;;,7580,No,,7,0,1,Not-determined,Genome-fragment,,,0.0,1.01,no viral genes detected,False
contig_894315,5005,No terminal repeats,,4,11,0.9102,0.0134,1,3.0076,Viruses;Duplodnaviria;Heunggongvirae;Uroviricota;Caudoviricetes;;,5005,No,,4,1,0,Low-quality,Genome-fragment,10.01,AAI-based (medium-confidence),0.0,1.0,,False
contig_878378,5606,No terminal repeats,,7,11,0.9039,0.0148,2,3.4315,Viruses;Duplodnaviria;Heunggongvirae;Uroviricota;Caudoviricetes;;,5606,No,,7,1,0,Low-quality,Genome-fragment,8.75,AAI-based (medium-confidence),0.0,1.0,,False
contig_882516,7017,No terminal repeats,,3,11,0.8909,0.0164,0,2.8725,Viruses;Duplodnaviria;Heunggongvirae;Uroviricota;Caudoviricetes;;,7017,No,,3,1,0,Low-quality,Genome-fragment,15.36,HMM-based (lower-bound),0.0,1.02,,False
contig_875063,15223,No terminal repeats,,16,11,0.8764,0.02,0,2.3597,Viruses;Duplodnaviria;Heunggongvirae;Uroviricota;Caudoviricetes;;,15223,No,,16,0,4,Not-determined,Genome-fragment,,,0.0,1.0,no viral genes detected,False
contig_893854,12489,No terminal repeats,,21,11,0.8667,0.022,1,5.6901,Viruses;Duplodnaviria;Heunggongvirae;Uroviricota;Caudoviricetes;;,12489,No,,21,1,2,Low-quality,Genome-fragment,22.85,HMM-based (lower-bound),0.0,1.02,,False
contig_870516,8009,No terminal repeats,,11,11,0.8493,0.024,5,13.6158,Viruses;Duplodnaviria;Heunggongvirae;Uroviricota;Caudoviricetes;;,8009,No,,11,7,0,Low-quality,Genome-fragment,17.18,AAI-based (medium-confidence),0.0,1.0,,False
contig_870722,9502,No terminal repeats,,16,11,0.7715,0.0325,1,5.7319,Viruses;Duplodnaviria;Heunggongvirae;Uroviricota;Caudoviricetes;;,9502,No,,16,1,0,Low-quality,Genome-fragment,6.54,HMM-based (lower-bound),0.0,1.0,,False
contig_896849,8019,No terminal repeats,,10,11,0.9983,0.0017,4,12.6108,Viruses;Duplodnaviria;Heunggongvirae;Uroviricota;Caudoviricetes;;,8019,No,,10,4,0,Low-quality,Genome-fragment,20.88,AAI-based (medium-confidence),0.0,1.0,,False
contig_903596,9553,No terminal repeats,,11,11,0.9983,0.0017,5,16.8528,Viruses;Duplodnaviria;Heunggongvirae;Uroviricota;Caudoviricetes;;,9553,No,,11,10,0,Low-quality,Genome-fragment,20.0,AAI-based (medium-confidence),0.0,1.0,,False
contig_904392,7464,No terminal repeats,,12,11,0.9983,0.0017,3,13.0332,Viruses;Duplodnaviria;Heunggongvirae;Uroviricota;Caudoviricetes;;,7464,No,,12,7,0,Low-quality,Genome-fragment,15.92,AAI-based (high-confidence),0.0,1.0,,False
contig_907070,5598,No terminal repeats,,11,11,0.9982,0.0017,7,15.6356,Viruses;Duplodnaviria;Heunggongvirae;Uroviricota;Caudoviricetes;;,5598,No,,11,8,0,Low-quality,Genome-fragment,12.29,AAI-based (medium-confidence),0.0,1.0,,False
contig_897639,6475,No terminal repeats,,8,11,0.9981,0.0018,3,9.1491,Viruses;Duplodnaviria;Heunggongvirae;Uroviricota;Caudoviricetes;;,6475,No,,8,5,0,Low-quality,Genome-fragment,9.09,HMM-based (lower-bound),0.0,1.0,,False
contig_902418,6455,No terminal repeats,,6,11,0.998,0.0018,2,7.4567,Viruses;Duplodnaviria;Heunggongvirae;Uroviricota;Caudoviricetes;;,6455,No,,6,4,0,Low-quality,Genome-fragment,13.17,AAI-based (medium-confidence),0.0,1.0,,False
contig_898929,15788,No terminal repeats,,22,11,0.9979,0.0019,9,26.8185,Viruses;Duplodnaviria;Heunggongvirae;Uroviricota;Caudoviricetes;;,15788,No,,22,14,0,Low-quality,Genome-fragment,27.47,AAI-based (high-confidence),0.0,1.0,,False
contig_897426,7678,No terminal repeats,,13,11,0.9979,0.0019,3,17.1597,Viruses;Duplodnaviria;Heunggongvirae;Uroviricota;Caudoviricetes;;,7678,No,,13,6,0,Low-quality,Genome-fragment,12.84,AAI-based (medium-confidence),0.0,1.0,,False
contig_899368,11428,No terminal repeats,,15,11,0.9979,0.0019,13,20.0542,Viruses;Duplodnaviria;Heunggongvirae;Uroviricota;Caudoviricetes;;,11428,No,,15,13,0,Low-quality,Genome-fragment,31.81,AAI-based (high-confidence),0.0,1.0,,False
contig_897826,6779,No terminal repeats,,6,11,0.9976,0.002,1,5.7384,Viruses;Duplodnaviria;Heunggongvirae;Uroviricota;Caudoviricetes;;,6779,No,,6,3,0,Low-quality,Genome-fragment,13.01,AAI-based (high-confidence),0.0,1.0,,False
contig_903813,15641,No terminal repeats,,22,11,0.997,0.0022,4,23.675,Viruses;Duplodnaviria;Heunggongvirae;Uroviricota;Caudoviricetes;;,15641,No,,22,12,0,Low-quality,Genome-fragment,48.8,AAI-based (high-confidence),0.0,1.0,,False
contig_906226,24454,No terminal repeats,,32,11,0.997,0.0022,12,37.0158,Viruses;Duplodnaviria;Heunggongvirae;Uroviricota;Caudoviricetes;;,24454,No,,32,14,0,Medium-quality,Genome-fragment,82.68,AAI-based (high-confidence),0.0,1.0,,False
contig_896047,7530,No terminal repeats,,13,11,0.997,0.0022,9,17.9144,Viruses;Duplodnaviria;Heunggongvirae;Uroviricota;Caudoviricetes;;,7530,No,,13,8,0,Low-quality,Genome-fragment,20.16,AAI-based (high-confidence),0.0,1.0,,False
contig_899630,15303,No terminal repeats,,21,11,0.9889,0.0038,3,13.0827,Viruses;Duplodnaviria;Heunggongvirae;Uroviricota;Caudoviricetes;;,15303,No,,21,7,2,Low-quality,Genome-fragment,44.12,AAI-based (high-confidence),0.0,1.0,,False
contig_897381,12405,No terminal repeats,,14,11,0.9812,0.005,1,5.1991,Viruses;Duplodnaviria;Heunggongvirae;Uroviricota;Caudoviricetes;;,12405,No,,14,2,2,Low-quality,Genome-fragment,26.3,AAI-based (medium-confidence),0.0,1.01,,False
contig_902789,8836,No terminal repeats,,4,11,0.8928,0.012,0,3.0267,Viruses;Duplodnaviria;Heunggongvirae;Uroviricota;Caudoviricetes;;,8836,No,,4,0,1,Not-determined,Genome-fragment,,,0.0,1.0,no viral genes detected,False
contig_930070,14200,No terminal repeats,,19,11,0.9982,0.0018,8,24.6632,Viruses;Duplodnaviria;Heunggongvirae;Uroviricota;Caudoviricetes;;,14200,No,,19,15,0,Low-quality,Genome-fragment,28.92,AAI-based (medium-confidence),0.0,1.0,,False
contig_938007,14027,No terminal repeats,,16,11,0.9981,0.0018,9,19.3183,Viruses;Duplodnaviria;Heunggongvirae;Uroviricota;Caudoviricetes;;,14027,No,,16,10,0,Low-quality,Genome-fragment,21.43,HMM-based (lower-bound),0.0,1.0,,False
contig_915297,5415,No terminal repeats,,6,11,0.9981,0.0018,1,6.2239,Viruses;Duplodnaviria;Heunggongvirae;Uroviricota;Caudoviricetes;;,5415,No,,6,2,0,Low-quality,Genome-fragment,6.46,HMM-based (lower-bound),0.0,1.0,,False
contig_946179,12249,No terminal repeats,,15,11,0.9981,0.0018,9,21.5115,Viruses;Duplodnaviria;Heunggongvirae;Uroviricota;Caudoviricetes;;,12249,No,,15,13,0,Low-quality,Genome-fragment,27.27,AAI-based (medium-confidence),0.0,1.0,,False
contig_933697,7278,No terminal repeats,,12,11,0.998,0.0019,6,16.019,Viruses;Duplodnaviria;Heunggongvirae;Uroviricota;Caudoviricetes;;,7278,No,,12,5,0,Low-quality,Genome-fragment,10.43,HMM-based (lower-bound),0.0,1.0,,False
contig_942529,9011,No terminal repeats,,8,11,0.9977,0.002,0,10.3097,Viruses;Duplodnaviria;Heunggongvirae;Uroviricota;Caudoviricetes;;,9011,Yes,8154.0,8,6,1,Low-quality,Genome-fragment,14.54,HMM-based (lower-bound),9.51,1.0,,True
contig_934285,7226,No terminal repeats,,13,11,0.9977,0.002,8,15.3567,Viruses;Duplodnaviria;Heunggongvirae;Uroviricota;Caudoviricetes;;,7226,No,,13,10,0,Low-quality,Genome-fragment,19.76,AAI-based (high-confidence),0.0,1.0,,False
contig_913929,9606,No terminal repeats,,14,11,0.9977,0.002,5,11.8108,Viruses;Duplodnaviria;Heunggongvirae;Uroviricota;Caudoviricetes;;,9606,No,,14,6,0,Low-quality,Genome-fragment,29.33,AAI-based (medium-confidence),0.0,1.0,,False
contig_933374|provirus_16956_58861,41906,Provirus,16956-58861,58,11,0.9976,0.002,7,39.5894,Viruses;Duplodnaviria;Heunggongvirae;Uroviricota;Caudoviricetes;;,41906,No,,56,24,1,High-quality,High-quality,90.55,AAI-based (high-confidence),0.0,1.0,,True
contig_921738,6994,No terminal repeats,,9,11,0.9976,0.002,5,9.3101,Viruses;Duplodnaviria;Heunggongvirae;Uroviricota;Caudoviricetes;;,6994,No,,9,5,0,Low-quality,Genome-fragment,19.89,AAI-based (medium-confidence),0.0,1.0,,False
contig_923379,24521,No terminal repeats,,23,11,0.9976,0.0021,5,13.0924,Viruses;Duplodnaviria;Heunggongvirae;Uroviricota;Caudoviricetes;;,24521,No,,23,6,0,Low-quality,Genome-fragment,31.93,HMM-based (lower-bound),0.0,1.0,,False
contig_950512,5179,No terminal repeats,,5,11,0.9975,0.0021,3,4.3514,Viruses;Duplodnaviria;Heunggongvirae;Uroviricota;Caudoviricetes;;,5179,No,,5,3,0,Low-quality,Genome-fragment,8.67,HMM-based (lower-bound),0.0,1.0,,False
contig_913448,13984,No terminal repeats,,21,11,0.9973,0.0021,6,26.1761,Viruses;Duplodnaviria;Heunggongvirae;Uroviricota;Caudoviricetes;;,13984,No,,21,11,0,Low-quality,Genome-fragment,43.66,AAI-based (high-confidence),0.0,1.0,,False
contig_946956,8984,No terminal repeats,,12,11,0.9972,0.0021,5,13.4014,Viruses;Duplodnaviria;Heunggongvirae;Uroviricota;Caudoviricetes;;,8984,No,,12,6,0,Low-quality,Genome-fragment,18.86,AAI-based (medium-confidence),0.0,1.0,,False
contig_948657,9976,No terminal repeats,,12,11,0.997,0.0022,1,3.4366,Viruses;Duplodnaviria;Heunggongvirae;Uroviricota;Caudoviricetes;;,9976,No,,12,4,0,Low-quality,Genome-fragment,15.11,AAI-based (medium-confidence),0.0,1.0,,False
contig_925331,11874,No terminal repeats,,14,11,0.9969,0.0022,2,14.3109,Viruses;Duplodnaviria;Heunggongvirae;Uroviricota;Caudoviricetes;;,11874,No,,14,3,0,Low-quality,Genome-fragment,23.58,AAI-based (medium-confidence),0.0,1.0,,False
contig_940015,5771,No terminal repeats,,10,11,0.9963,0.0024,2,5.8555,Viruses;Duplodnaviria;Heunggongvirae;Uroviricota;Caudoviricetes;;,5771,No,,10,3,0,Low-quality,Genome-fragment,11.1,AAI-based (medium-confidence),0.0,1.0,,False
contig_921012,12828,No terminal repeats,,22,11,0.9958,0.0024,4,10.9227,Viruses;Duplodnaviria;Heunggongvirae;Uroviricota;Caudoviricetes;;,12828,No,,22,4,0,Low-quality,Genome-fragment,25.88,AAI-based (high-confidence),0.0,1.0,,False
contig_918900,13591,No terminal repeats,,23,11,0.9943,0.0028,1,14.8667,Viruses;Duplodnaviria;Heunggongvirae;Uroviricota;Caudoviricetes;;,13591,No,,23,5,1,Low-quality,Genome-fragment,18.59,HMM-based (lower-bound),0.0,1.0,,False
contig_922762,11633,No terminal repeats,,15,11,0.9938,0.0029,6,15.916,Viruses;Duplodnaviria;Heunggongvirae;Uroviricota;Caudoviricetes;;,11633,No,,15,7,0,Low-quality,Genome-fragment,20.81,HMM-based (lower-bound),0.0,1.0,,False
contig_922855,39472,No terminal repeats,,42,11,0.9927,0.0031,12,33.4426,Viruses;Duplodnaviria;Heunggongvirae;Uroviricota;Caudoviricetes;;,39472,No,,42,12,2,High-quality,High-quality,100.0,AAI-based (high-confidence),0.0,1.0,,False
contig_938728,10070,No terminal repeats,,14,11,0.9891,0.0038,2,8.3259,Viruses;Duplodnaviria;Heunggongvirae;Uroviricota;Caudoviricetes;;,10070,No,,14,3,2,Low-quality,Genome-fragment,21.91,AAI-based (medium-confidence),0.0,1.0,,False
contig_927963,7932,No terminal repeats,,10,11,0.9885,0.0038,1,3.2724,Viruses;Duplodnaviria;Heunggongvirae;Uroviricota;Caudoviricetes;;,7932,No,,10,2,0,Low-quality,Genome-fragment,19.01,AAI-based (medium-confidence),0.0,1.0,,False
contig_909441,15995,No terminal repeats,,20,11,0.9883,0.0039,6,15.3896,Viruses;Duplodnaviria;Heunggongvirae;Uroviricota;Caudoviricetes;;,15995,No,,20,4,1,Low-quality,Genome-fragment,28.2,AAI-based (medium-confidence),0.0,1.0,,False
contig_934212,5990,No terminal repeats,,10,11,0.9877,0.004,1,2.9989,Viruses;Duplodnaviria;Heunggongvirae;Uroviricota;Caudoviricetes;;,5990,No,,10,1,0,Low-quality,Genome-fragment,13.88,AAI-based (medium-confidence),0.0,1.0,,False
contig_929511,5919,No terminal repeats,,7,11,0.9855,0.0042,1,6.7499,Viruses;Duplodnaviria;Heunggongvirae;Uroviricota;Caudoviricetes;;,5919,Yes,1391.0,7,2,1,Low-quality,Genome-fragment,1.31,HMM-based (lower-bound),76.5,1.0,,True
contig_918408,9448,No terminal repeats,,14,11,0.9846,0.0044,6,12.888,Viruses;Duplodnaviria;Heunggongvirae;Uroviricota;Caudoviricetes;;,9448,No,,14,3,0,Low-quality,Genome-fragment,11.79,HMM-based (lower-bound),0.0,1.0,,False
contig_928600,5987,No terminal repeats,,7,11,0.9834,0.0047,1,2.8156,Viruses;Duplodnaviria;Heunggongvirae;Uroviricota;Caudoviricetes;;,5987,No,,7,0,0,Low-quality,Genome-fragment,13.87,AAI-based (medium-confidence),0.0,1.0,no viral genes detected,False
contig_915203,8758,No terminal repeats,,12,11,0.9743,0.0059,5,11.8868,Viruses;Duplodnaviria;Heunggongvirae;Uroviricota;Caudoviricetes;;,8758,No,,12,6,0,Low-quality,Genome-fragment,19.0,AAI-based (medium-confidence),0.0,1.0,,False
contig_918082,5411,No terminal repeats,,2,11,0.9632,0.0071,1,3.4069,Viruses;Duplodnaviria;Heunggongvirae;Uroviricota;Caudoviricetes;;,5411,No,,2,1,0,Low-quality,Genome-fragment,8.02,HMM-based (lower-bound),0.0,1.0,,False
contig_945243,9788,No terminal repeats,,14,11,0.9477,0.0084,1,4.1848,Viruses;Duplodnaviria;Heunggongvirae;Uroviricota;Caudoviricetes;;,9788,No,,14,2,0,Low-quality,Genome-fragment,21.27,AAI-based (medium-confidence),0.0,1.0,,False
contig_933694,5117,No terminal repeats,,6,11,0.9172,0.0128,0,3.8294,Viruses;Duplodnaviria;Heunggongvirae;Uroviricota;Caudoviricetes;;,5117,No,,6,1,0,Low-quality,Genome-fragment,10.65,AAI-based (high-confidence),0.0,1.0,,False
contig_935788,6669,No terminal repeats,,11,11,0.9119,0.0135,3,12.8619,Viruses;Duplodnaviria;Heunggongvirae;Uroviricota;Caudoviricetes;;,6669,No,,11,7,1,Low-quality,Genome-fragment,17.55,AAI-based (high-confidence),0.0,1.0,,False
contig_934478,14808,No terminal repeats,,18,11,0.8716,0.0205,10,26.1548,Viruses;Duplodnaviria;Heunggongvirae;Uroviricota;Caudoviricetes;;,14808,No,,18,5,0,Low-quality,Genome-fragment,29.54,AAI-based (medium-confidence),0.0,1.0,,False
contig_937497,5048,No terminal repeats,,4,11,0.8645,0.0219,0,4.7238,Viruses;Duplodnaviria;Heunggongvirae;Uroviricota;Caudoviricetes;;,5048,No,,4,1,0,Low-quality,Genome-fragment,9.99,AAI-based (medium-confidence),0.0,1.0,,False
contig_942173,14311,No terminal repeats,,12,11,0.8525,0.0231,1,5.6628,Unclassified,14311,No,,12,1,2,Low-quality,Genome-fragment,12.73,HMM-based (lower-bound),0.0,1.0,,False
contig_940593,7188,No terminal repeats,,10,11,0.8193,0.0275,1,4.7855,Viruses;Duplodnaviria;Heunggongvirae;Uroviricota;Caudoviricetes;;,7188,No,,10,1,3,Low-quality,Genome-fragment,4.59,HMM-based (lower-bound),0.0,1.0,,False
contig_919686,9928,No terminal repeats,,10,11,0.7572,0.0388,0,3.3134,Viruses;Duplodnaviria;Heunggongvirae;Uroviricota;Caudoviricetes;;,9928,No,,10,0,2,Not-determined,Genome-fragment,,,0.0,1.0,no viral genes detected,False
contig_946929,9261,No terminal repeats,,8,11,0.7354,0.0434,2,4.1956,Viruses;Duplodnaviria;Heunggongvirae;Uroviricota;Caudoviricetes;;,9261,Yes,3532.0,8,1,2,Low-quality,Genome-fragment,6.9,AAI-based (medium-confidence),61.86,1.0,,True
contig_923219,5186,No terminal repeats,,9,11,0.7153,0.0483,1,3.4366,Viruses;Duplodnaviria;Heunggongvirae;Uroviricota;Caudoviricetes;;,5186,No,,9,1,0,Low-quality,Genome-fragment,10.68,AAI-based (medium-confidence),0.0,1.0,,False
contig_981175,5913,No terminal repeats,,3,11,0.9983,0.0017,0,4.5517,Viruses;Duplodnaviria;Heunggongvirae;Uroviricota;Caudoviricetes;;,5913,Yes,4547.0,3,2,1,Low-quality,Genome-fragment,8.86,HMM-based (lower-bound),23.1,1.0,,True
contig_964655,7988,No terminal repeats,,11,11,0.9982,0.0017,5,10.0512,Viruses;Duplodnaviria;Heunggongvirae;Uroviricota;Caudoviricetes;;,7988,No,,11,4,0,Low-quality,Genome-fragment,20.71,AAI-based (medium-confidence),0.0,1.0,,False
contig_962435,15232,No terminal repeats,,23,11,0.9982,0.0018,12,28.9116,Viruses;Duplodnaviria;Heunggongvirae;Uroviricota;Caudoviricetes;;,15232,No,,23,14,0,Low-quality,Genome-fragment,43.86,AAI-based (medium-confidence),0.0,1.0,,False
contig_966954,6979,No terminal repeats,,10,11,0.9981,0.0018,2,8.5818,Viruses;Duplodnaviria;Heunggongvirae;Uroviricota;Caudoviricetes;;,6979,No,,10,5,0,Low-quality,Genome-fragment,16.98,AAI-based (high-confidence),0.0,1.0,,False
contig_970068,7426,No terminal repeats,,15,11,0.9981,0.0018,4,9.4526,Viruses;Duplodnaviria;Heunggongvirae;Uroviricota;Caudoviricetes;;,7426,No,,15,2,0,Low-quality,Genome-fragment,12.22,HMM-based (lower-bound),0.0,1.0,,False
contig_981697,5141,No terminal repeats,,6,11,0.9981,0.0018,2,6.4477,Viruses;Duplodnaviria;Heunggongvirae;Uroviricota;Caudoviricetes;;,5141,No,,6,2,0,Low-quality,Genome-fragment,10.31,AAI-based (high-confidence),0.0,1.0,,False
contig_966012,9499,No terminal repeats,,13,11,0.998,0.0018,0,8.7743,Viruses;Duplodnaviria;Heunggongvirae;Uroviricota;Caudoviricetes;;,9499,No,,13,2,0,Low-quality,Genome-fragment,12.93,HMM-based (lower-bound),0.0,1.0,,False
contig_970297,6254,No terminal repeats,,9,11,0.9979,0.0019,1,5.2798,Viruses;Duplodnaviria;Heunggongvirae;Uroviricota;Caudoviricetes;;,6254,No,,9,1,0,Low-quality,Genome-fragment,10.24,HMM-based (lower-bound),0.0,1.0,,False
contig_958796,12409,No terminal repeats,,15,11,0.997,0.0021,7,13.4804,Viruses;Duplodnaviria;Heunggongvirae;Uroviricota;Caudoviricetes;;,12409,No,,15,9,0,Low-quality,Genome-fragment,33.44,AAI-based (medium-confidence),0.0,1.0,,False
contig_960553,35312,No terminal repeats,,56,11,0.9968,0.0022,11,48.0274,Viruses;Duplodnaviria;Heunggongvirae;Uroviricota;Caudoviricetes;;,35312,No,,56,17,0,Medium-quality,Genome-fragment,77.97,AAI-based (medium-confidence),0.0,1.0,,False
contig_966187,45271,No terminal repeats,,61,11,0.9953,0.0025,9,41.8229,Viruses;Duplodnaviria;Heunggongvirae;Uroviricota;Caudoviricetes;;,45271,No,,61,16,4,High-quality,High-quality,100.0,AAI-based (medium-confidence),0.0,1.0,,False
contig_976298,5364,No terminal repeats,,8,11,0.9824,0.0044,1,4.62,Viruses;Duplodnaviria;Heunggongvirae;Uroviricota;Caudoviricetes;;,5364,No,,8,3,0,Low-quality,Genome-fragment,5.39,HMM-based (lower-bound),0.0,1.0,,False
contig_962108,13496,No terminal repeats,,15,11,0.9685,0.0059,1,4.5299,Viruses;Duplodnaviria;Heunggongvirae;Uroviricota;Caudoviricetes;;,13496,No,,15,4,0,Low-quality,Genome-fragment,22.79,HMM-based (lower-bound),0.0,1.0,,False
contig_970034,5099,No terminal repeats,,8,11,0.9568,0.0072,2,2.8695,Viruses;Duplodnaviria;Heunggongvirae;Uroviricota;Caudoviricetes;;,5099,Yes,2871.0,8,2,1,Low-quality,Genome-fragment,4.29,HMM-based (lower-bound),43.69,1.0,,True
contig_974893,6611,No terminal repeats,,11,11,0.8969,0.0162,0,2.5605,Viruses;Duplodnaviria;Heunggongvirae;Uroviricota;Caudoviricetes;;,6611,No,,11,2,1,Low-quality,Genome-fragment,14.91,AAI-based (medium-confidence),0.0,1.0,,False
contig_975652,19065,No terminal repeats,,18,11,0.8952,0.0164,4,10.0275,Viruses;Duplodnaviria;Heunggongvirae;Uroviricota;Caudoviricetes;;,19065,No,,18,8,1,Low-quality,Genome-fragment,49.09,AAI-based (high-confidence),0.0,1.0,,False
contig_962209,8906,No terminal repeats,,10,11,0.8623,0.022,1,3.4145,Viruses;Duplodnaviria;Heunggongvirae;Uroviricota;Caudoviricetes;;Autographiviridae,8906,No,,10,2,0,Low-quality,Genome-fragment,1.8,HMM-based (lower-bound),0.0,1.0,,False
contig_994207,6337,No terminal repeats,,5,11,0.9982,0.0018,2,7.3918,Viruses;Duplodnaviria;Heunggongvirae;Uroviricota;Caudoviricetes;;,6337,No,,5,4,0,Low-quality,Genome-fragment,13.39,AAI-based (high-confidence),0.0,1.0,,False
contig_989868,14188,No terminal repeats,,19,11,0.9981,0.0018,9,25.6292,Viruses;Duplodnaviria;Heunggongvirae;Uroviricota;Caudoviricetes;;,14188,No,,19,15,0,Low-quality,Genome-fragment,25.24,AAI-based (high-confidence),0.0,1.0,,False
contig_991526,9983,No terminal repeats,,11,11,0.9981,0.0019,9,16.3673,Viruses;Duplodnaviria;Heunggongvirae;Uroviricota;Caudoviricetes;;,9983,No,,11,10,0,Low-quality,Genome-fragment,17.71,HMM-based (lower-bound),0.0,1.0,,False
contig_989916,6256,No terminal repeats,,8,11,0.9979,0.002,4,7.5585,Viruses;Duplodnaviria;Heunggongvirae;Uroviricota;Caudoviricetes;;,6256,No,,8,5,0,Low-quality,Genome-fragment,14.59,AAI-based (medium-confidence),0.0,1.0,,False
contig_989015,48256,No terminal repeats,,52,11,0.9969,0.0022,10,22.9036,Viruses;Duplodnaviria;Heunggongvirae;Uroviricota;Caudoviricetes;;,48256,No,,52,15,4,Medium-quality,Genome-fragment,70.86,HMM-based (lower-bound),0.0,1.0,,False
contig_992136,6311,No terminal repeats,,6,11,0.9953,0.0027,1,2.7856,Viruses;Duplodnaviria;Heunggongvirae;Uroviricota;Caudoviricetes;;,6311,No,,6,1,0,Low-quality,Genome-fragment,8.82,AAI-based (medium-confidence),0.0,1.0,,False
contig_987103,8657,No terminal repeats,,11,11,0.993,0.0033,3,8.1428,Viruses;Duplodnaviria;Heunggongvirae;Uroviricota;Caudoviricetes;;,8657,No,,11,4,0,Low-quality,Genome-fragment,11.24,HMM-based (lower-bound),0.0,1.0,,False
contig_988005,5471,No terminal repeats,,11,11,0.9284,0.0093,1,9.5733,Viruses;Duplodnaviria;Heunggongvirae;Uroviricota;Caudoviricetes;;,5471,No,,11,0,0,Not-determined,Genome-fragment,,,0.0,1.0,no viral genes detected,False
contig_996080,11680,No terminal repeats,,13,11,0.9194,0.0123,0,3.4489,Viruses;Duplodnaviria;Heunggongvirae;Uroviricota;Caudoviricetes;;,11680,No,,13,1,0,Low-quality,Genome-fragment,24.27,AAI-based (medium-confidence),0.0,1.0,,False
contig_998089,6234,No terminal repeats,,5,11,0.9113,0.0146,3,3.0955,Viruses;Duplodnaviria;Heunggongvirae;Uroviricota;Caudoviricetes;;,6234,No,,5,2,0,Low-quality,Genome-fragment,7.44,HMM-based (lower-bound),0.0,1.0,,False
contig_989580,12682,No terminal repeats,,4,11,0.9089,0.0154,1,4.3515,Viruses;Duplodnaviria;Heunggongvirae;Uroviricota;Caudoviricetes;;,12682,Yes,11633.0,4,1,1,Low-quality,Genome-fragment,17.25,HMM-based (lower-bound),8.27,1.0,,True
contig_990382,5210,No terminal repeats,,5,11,0.7014,0.0534,0,4.3841,Viruses;Duplodnaviria;Heunggongvirae;Uroviricota;Caudoviricetes;;,5210,No,,5,0,0,Not-determined,Genome-fragment,,,0.0,1.0,no viral genes detected,False
contig_1010103,5412,No terminal repeats,,12,11,0.9985,0.0015,5,18.4162,Viruses;Duplodnaviria;Heunggongvirae;Uroviricota;Caudoviricetes;;,5412,No,,12,6,0,Low-quality,Genome-fragment,12.45,AAI-based (high-confidence),0.0,1.0,,False
contig_1007768,5143,No terminal repeats,,6,11,0.9984,0.0016,2,7.6368,Viruses;Duplodnaviria;Heunggongvirae;Uroviricota;Caudoviricetes;;,5143,No,,6,4,0,Low-quality,Genome-fragment,8.89,AAI-based (medium-confidence),0.0,1.0,,False
contig_1009523,15716,No terminal repeats,,18,11,0.9983,0.0016,8,21.1096,Viruses;Duplodnaviria;Heunggongvirae;Uroviricota;Caudoviricetes;;,15716,No,,18,9,0,Low-quality,Genome-fragment,40.94,AAI-based (medium-confidence),0.0,1.0,,False
contig_1002835,14387,No terminal repeats,,18,11,0.9982,0.0017,8,24.2372,Viruses;Duplodnaviria;Heunggongvirae;Uroviricota;Caudoviricetes;;,14387,No,,18,12,0,Low-quality,Genome-fragment,34.72,AAI-based (medium-confidence),0.0,1.0,,False
contig_1013072,14934,No terminal repeats,,21,11,0.9982,0.0017,4,28.314,Viruses;Duplodnaviria;Heunggongvirae;Uroviricota;Caudoviricetes;;,14934,No,,21,17,0,Low-quality,Genome-fragment,33.61,AAI-based (high-confidence),0.0,1.0,,False
contig_1003639,25910,No terminal repeats,,32,11,0.9981,0.0017,19,47.4942,Viruses;Duplodnaviria;Heunggongvirae;Uroviricota;Caudoviricetes;;,25910,No,,32,18,0,Medium-quality,Genome-fragment,64.24,AAI-based (high-confidence),0.0,1.0,,False
contig_1013653,60878,DTR,,101,11,0.9978,0.0018,10,61.2846,Viruses;Duplodnaviria;Heunggongvirae;Uroviricota;Caudoviricetes;;,60878,No,,101,25,1,Complete,High-quality,100.0,DTR (high-confidence),0.0,1.0,,False
contig_1008884,43176,No terminal repeats,,58,11,0.9977,0.0018,16,57.0239,Viruses;Duplodnaviria;Heunggongvirae;Uroviricota;Caudoviricetes;;,43176,No,,58,27,1,High-quality,High-quality,96.64,AAI-based (high-confidence),0.0,1.0,,False
contig_1002679,35180,No terminal repeats,,46,11,0.9976,0.0018,12,38.7319,Viruses;Duplodnaviria;Heunggongvirae;Uroviricota;Caudoviricetes;;,35180,No,,46,21,1,High-quality,High-quality,100.0,AAI-based (high-confidence),0.0,1.0,,False
contig_1005892,42979,No terminal repeats,,48,11,0.9974,0.0019,10,29.959,Viruses;Duplodnaviria;Heunggongvirae;Uroviricota;Caudoviricetes;;,42979,Yes,40920.0,48,21,3,Medium-quality,Genome-fragment,54.76,HMM-based (lower-bound),4.79,1.0,,True
contig_1000294|provirus_2_36746,36745,Provirus,2-36746,48,11,0.9971,0.002,15,52.1387,Viruses;Duplodnaviria;Heunggongvirae;Uroviricota;Caudoviricetes;;,36745,No,,48,22,0,High-quality,High-quality,100.0,AAI-based (high-confidence),0.0,1.0,,True
contig_1012188,10306,No terminal repeats,,18,11,0.9969,0.002,12,21.1458,Viruses;Duplodnaviria;Heunggongvirae;Uroviricota;Caudoviricetes;;,10306,No,,18,12,0,Low-quality,Genome-fragment,30.27,AAI-based (high-confidence),0.0,1.0,,False
contig_1010580,9465,No terminal repeats,,14,11,0.9968,0.002,6,12.927,Viruses;Duplodnaviria;Heunggongvirae;Uroviricota;Caudoviricetes;;,9465,No,,14,8,1,Low-quality,Genome-fragment,25.96,AAI-based (medium-confidence),0.0,1.01,,False
contig_1008634,30083,No terminal repeats,,48,11,0.9968,0.0021,16,38.4191,Viruses;Duplodnaviria;Heunggongvirae;Uroviricota;Caudoviricetes;;,30083,No,,48,23,0,Medium-quality,Genome-fragment,80.94,AAI-based (high-confidence),0.0,1.0,,False
contig_1012478,25266,No terminal repeats,,32,11,0.9966,0.0021,12,30.0377,Viruses;Duplodnaviria;Heunggongvirae;Uroviricota;Caudoviricetes;;,25266,No,,32,10,1,Medium-quality,Genome-fragment,85.74,AAI-based (medium-confidence),0.0,1.0,,False
contig_1010289,6822,No terminal repeats,,8,11,0.996,0.0022,2,5.5337,Viruses;Duplodnaviria;Heunggongvirae;Uroviricota;Caudoviricetes;;,6822,No,,8,3,0,Low-quality,Genome-fragment,8.61,HMM-based (lower-bound),0.0,1.0,,False
contig_1006110|provirus_38533_82378,43846,Provirus,38533-82378,55,11,0.9957,0.0023,3,40.8441,Viruses;Duplodnaviria;Heunggongvirae;Uroviricota;Caudoviricetes;;,43846,No,,55,4,1,High-quality,High-quality,97.49,AAI-based (medium-confidence),0.0,1.0,,True
contig_1004502|provirus_36176_78699,42524,Provirus,36176-78699,60,11,0.9954,0.0024,8,35.2032,Viruses;Duplodnaviria;Heunggongvirae;Uroviricota;Caudoviricetes;;,42524,No,,56,8,1,High-quality,High-quality,91.45,AAI-based (medium-confidence),0.0,1.0,,True
contig_1010190,9291,No terminal repeats,,17,11,0.9954,0.0024,2,15.2611,Viruses;Duplodnaviria;Heunggongvirae;Uroviricota;Caudoviricetes;;,9291,No,,17,7,0,Low-quality,Genome-fragment,20.88,AAI-based (medium-confidence),0.0,1.0,,False
contig_1000721,17136,No terminal repeats,,23,11,0.9952,0.0024,5,21.3923,Viruses;Duplodnaviria;Heunggongvirae;Uroviricota;Caudoviricetes;;,17136,No,,23,4,1,Low-quality,Genome-fragment,37.37,AAI-based (medium-confidence),0.0,1.0,,False
contig_1000563,11390,No terminal repeats,,18,11,0.9848,0.0036,0,5.9051,Viruses;Duplodnaviria;Heunggongvirae;Uroviricota;Caudoviricetes;;,11390,No,,18,1,2,Low-quality,Genome-fragment,17.29,AAI-based (medium-confidence),0.0,1.0,,False
contig_1009273,7749,No terminal repeats,,7,11,0.9722,0.005,2,3.0134,Viruses;Duplodnaviria;Heunggongvirae;Uroviricota;Caudoviricetes;;Ackermannviridae,7749,No,,7,1,0,Low-quality,Genome-fragment,5.0,HMM-based (lower-bound),0.0,1.0,,False
contig_1007241,6666,No terminal repeats,,7,11,0.9713,0.0052,1,1.8594,Viruses;Duplodnaviria;Heunggongvirae;Uroviricota;Caudoviricetes;;,6666,No,,7,0,2,Not-determined,Genome-fragment,,,0.0,1.0,no viral genes detected,False
contig_1010939|provirus_8161_24823,16663,Provirus,8161-24823,26,11,0.9482,0.0071,14,31.6643,Viruses;Duplodnaviria;Heunggongvirae;Uroviricota;Caudoviricetes;;,16663,No,,26,17,1,Low-quality,Genome-fragment,43.48,AAI-based (high-confidence),0.0,1.0,,True
contig_1000567,13390,No terminal repeats,,12,11,0.9157,0.0094,1,5.1548,Unclassified,13390,No,,12,0,2,Not-determined,Genome-fragment,,,0.0,1.0,no viral genes detected,False
contig_1003288,7998,No terminal repeats,,11,11,0.8931,0.0125,3,1.7798,Viruses;Duplodnaviria;Heunggongvirae;Uroviricota;Caudoviricetes;;,7998,Yes,4487.0,11,2,3,Low-quality,Genome-fragment,5.4,HMM-based (lower-bound),43.9,1.0,,True
contig_1001917,5806,No terminal repeats,,8,11,0.8497,0.0198,1,6.0306,Viruses;Duplodnaviria;Heunggongvirae;Uroviricota;Caudoviricetes;;,5806,No,,8,3,0,Low-quality,Genome-fragment,5.83,HMM-based (lower-bound),0.0,1.0,,False
contig_1007463,20862,No terminal repeats,,27,11,0.8145,0.0255,2,7.0318,Viruses;Duplodnaviria;Heunggongvirae;Uroviricota;Caudoviricetes;;,20862,No,,27,4,2,Low-quality,Genome-fragment,18.06,HMM-based (lower-bound),0.0,1.0,,False
contig_1021374,8975,No terminal repeats,,12,11,0.9984,0.0016,4,18.1501,Viruses;Duplodnaviria;Heunggongvirae;Uroviricota;Caudoviricetes;;,8975,No,,12,8,0,Low-quality,Genome-fragment,14.65,AAI-based (high-confidence),0.0,1.0,,False
contig_1022949,6564,No terminal repeats,,10,11,0.9983,0.0016,4,12.4169,Viruses;Duplodnaviria;Heunggongvirae;Uroviricota;Caudoviricetes;;,6564,No,,10,4,0,Low-quality,Genome-fragment,13.37,HMM-based (lower-bound),0.0,1.0,,False
contig_1022075,7797,No terminal repeats,,5,11,0.9981,0.0018,2,6.16,Viruses;Duplodnaviria;Heunggongvirae;Uroviricota;Caudoviricetes;;,7797,No,,5,4,0,Low-quality,Genome-fragment,9.39,HMM-based (lower-bound),0.0,1.02,,False
contig_1022629,48048,No terminal repeats,,44,11,0.9979,0.0018,1,32.9361,Viruses;Duplodnaviria;Heunggongvirae;Uroviricota;Caudoviricetes;;,48048,No,,44,15,1,Low-quality,Genome-fragment,26.84,AAI-based (medium-confidence),0.0,1.0,,False
contig_1019837,6594,No terminal repeats,,9,11,0.9978,0.0019,7,14.2074,Viruses;Duplodnaviria;Heunggongvirae;Uroviricota;Caudoviricetes;;,6594,No,,9,7,0,Low-quality,Genome-fragment,10.79,HMM-based (lower-bound),0.0,1.0,,False
contig_1019214,17232,No terminal repeats,,15,11,0.9976,0.0019,2,17.955,Viruses;Duplodnaviria;Heunggongvirae;Uroviricota;Caudoviricetes;;,17232,No,,15,5,1,Low-quality,Genome-fragment,40.56,AAI-based (medium-confidence),0.0,1.0,,False
contig_1014307,17966,No terminal repeats,,30,11,0.9975,0.002,4,22.8416,Viruses;Duplodnaviria;Heunggongvirae;Uroviricota;Caudoviricetes;;,17966,No,,30,9,1,Low-quality,Genome-fragment,38.23,AAI-based (medium-confidence),0.0,1.0,,False
contig_1021792,25832,No terminal repeats,,47,11,0.9973,0.002,5,32.0034,Viruses;Duplodnaviria;Heunggongvirae;Uroviricota;Caudoviricetes;;,25832,No,,47,9,0,Medium-quality,Genome-fragment,52.94,AAI-based (high-confidence),0.0,1.0,,False
contig_1041564,10450,No terminal repeats,,12,11,0.9979,0.0019,2,8.4931,Viruses;Duplodnaviria;Heunggongvirae;Uroviricota;Caudoviricetes;;,10450,No,,12,2,0,Low-quality,Genome-fragment,16.73,AAI-based (high-confidence),0.0,1.0,,False
contig_1036244,9192,No terminal repeats,,14,11,0.9708,0.0057,3,7.7253,Viruses;Duplodnaviria;Heunggongvirae;Uroviricota;Caudoviricetes;;,9192,No,,14,3,0,Low-quality,Genome-fragment,11.29,HMM-based (lower-bound),0.0,1.0,,False
contig_1049906,11960,No terminal repeats,,15,11,0.9974,0.0021,4,14.3001,Viruses;Duplodnaviria;Heunggongvirae;Uroviricota;Caudoviricetes;;,11960,No,,15,6,0,Low-quality,Genome-fragment,22.14,AAI-based (medium-confidence),0.0,1.0,,False
contig_1046491,16613,No terminal repeats,,13,11,0.8514,0.0198,1,8.8855,Viruses;Duplodnaviria;Heunggongvirae;Uroviricota;Caudoviricetes;;,16613,No,,13,2,3,Low-quality,Genome-fragment,21.12,HMM-based (lower-bound),0.0,1.0,,False
contig_1075992|provirus_6093_23297,17205,Provirus,6093-23297,21,11,0.9977,0.0021,6,21.0771,Viruses;Duplodnaviria;Heunggongvirae;Uroviricota;Caudoviricetes;;,17205,No,,21,6,0,High-quality,High-quality,100.0,AAI-based (medium-confidence),0.0,1.0,,True
contig_1075041,7118,No terminal repeats,,12,11,0.9977,0.0021,2,9.4321,Viruses;Duplodnaviria;Heunggongvirae;Uroviricota;Caudoviricetes;;,7118,No,,12,4,0,Low-quality,Genome-fragment,12.38,AAI-based (high-confidence),0.0,1.0,,False
contig_1079720|provirus_25187_58718,33532,Provirus,25187-58718,48,11,0.9972,0.0022,18,57.1739,Viruses;Duplodnaviria;Heunggongvirae;Uroviricota;Caudoviricetes;;,33532,No,,48,27,0,Medium-quality,Genome-fragment,80.26,AAI-based (medium-confidence),0.0,1.0,,True
contig_1078152,31918,No terminal repeats,,49,11,0.9955,0.0027,12,49.6673,Viruses;Duplodnaviria;Heunggongvirae;Uroviricota;Caudoviricetes;;,31918,No,,49,21,2,Medium-quality,Genome-fragment,55.42,AAI-based (high-confidence),0.0,1.0,,False
contig_1081744|provirus_189652_224846,35195,Provirus,189652-224846,43,11,0.9941,0.0031,8,27.397,Viruses;Duplodnaviria;Heunggongvirae;Uroviricota;Caudoviricetes;;,35195,No,,46,15,1,Low-quality,Genome-fragment,47.33,HMM-based (lower-bound),0.0,1.0,,True
contig_1082237,13335,No terminal repeats,,18,11,0.9898,0.0038,3,10.3677,Viruses;Duplodnaviria;Heunggongvirae;Uroviricota;Caudoviricetes;;,13335,No,,18,3,0,Low-quality,Genome-fragment,20.35,HMM-based (lower-bound),0.0,1.0,,False
contig_1075865,8475,No terminal repeats,,13,11,0.9728,0.0059,0,3.8575,Viruses;Duplodnaviria;Heunggongvirae;Uroviricota;Caudoviricetes;;,8475,No,,13,3,0,Low-quality,Genome-fragment,16.13,AAI-based (medium-confidence),0.0,1.0,,False
contig_1089964,7177,No terminal repeats,,10,11,0.9985,0.0014,8,15.0531,Viruses;Duplodnaviria;Heunggongvirae;Uroviricota;Caudoviricetes;;,7177,No,,10,9,0,Low-quality,Genome-fragment,20.46,AAI-based (medium-confidence),0.0,1.0,,False
contig_1094271,6688,No terminal repeats,,10,11,0.9985,0.0014,3,13.2381,Viruses;Duplodnaviria;Heunggongvirae;Uroviricota;Caudoviricetes;;,6688,No,,10,7,0,Low-quality,Genome-fragment,12.58,AAI-based (high-confidence),0.0,1.0,,False
contig_1092803,59715,No terminal repeats,,85,11,0.9985,0.0014,19,89.9254,Viruses;Duplodnaviria;Heunggongvirae;Uroviricota;Caudoviricetes;;,59715,No,,85,38,0,High-quality,High-quality,100.0,AAI-based (medium-confidence),0.0,1.0,,False
contig_1093861,12380,No terminal repeats,,11,11,0.9977,0.0017,1,8.1911,Viruses;Duplodnaviria;Heunggongvirae;Uroviricota;Caudoviricetes;;,12380,No,,11,2,0,Low-quality,Genome-fragment,20.71,AAI-based (medium-confidence),0.0,1.0,,False
contig_1093732,70684,No terminal repeats,,73,11,0.9977,0.0017,2,34.6454,Viruses;Duplodnaviria;Heunggongvirae;Uroviricota;Caudoviricetes;;,70684,No,,73,17,1,Low-quality,Genome-fragment,39.03,AAI-based (medium-confidence),0.0,1.0,,False
contig_1091404,10706,No terminal repeats,,14,11,0.9971,0.0018,6,10.0454,Viruses;Duplodnaviria;Heunggongvirae;Uroviricota;Caudoviricetes;;,10706,No,,14,5,0,Low-quality,Genome-fragment,16.2,HMM-based (lower-bound),0.0,1.0,,False
contig_1086116,6513,No terminal repeats,,12,11,0.9919,0.0027,5,13.9866,Viruses;Duplodnaviria;Heunggongvirae;Uroviricota;Caudoviricetes;;,6513,No,,12,2,0,Low-quality,Genome-fragment,11.89,HMM-based (lower-bound),0.0,1.0,,False
contig_1087116,16633,No terminal repeats,,17,11,0.9917,0.0028,3,6.776,Viruses;Duplodnaviria;Heunggongvirae;Uroviricota;Caudoviricetes;;,16633,No,,17,4,1,Low-quality,Genome-fragment,26.92,AAI-based (medium-confidence),0.0,1.0,,False
contig_1094555,7891,No terminal repeats,,11,11,0.9889,0.0032,4,7.363,Viruses;Duplodnaviria;Heunggongvirae;Uroviricota;Caudoviricetes;;,7891,No,,11,4,0,Low-quality,Genome-fragment,13.45,HMM-based (lower-bound),0.0,1.0,,False
contig_1087571|provirus_58_57108,57051,Provirus,58-57108,83,11,0.9844,0.0039,2,9.5562,Viruses;Duplodnaviria;Heunggongvirae;Uroviricota;Caudoviricetes;;,57051,No,,83,4,3,Low-quality,Genome-fragment,47.82,AAI-based (high-confidence),0.0,1.0,,True
contig_1089340,7450,No terminal repeats,,10,11,0.9547,0.0066,6,8.3325,Viruses;Duplodnaviria;Heunggongvirae;Uroviricota;Caudoviricetes;;,7450,No,,10,6,0,Low-quality,Genome-fragment,10.65,HMM-based (lower-bound),0.0,1.0,,False
contig_1085711,33649,No terminal repeats,,37,11,0.9129,0.0127,1,0.6467,Viruses;Duplodnaviria;Heunggongvirae;Uroviricota;Caudoviricetes;;,33649,No,,37,1,8,Low-quality,Genome-fragment,20.48,HMM-based (lower-bound),0.0,1.0,,False
contig_1091961,10347,No terminal repeats,,9,11,0.904,0.014,1,2.3936,Viruses;Duplodnaviria;Heunggongvirae;Uroviricota;Caudoviricetes;;,10347,Yes,8983.0,9,1,1,Low-quality,Genome-fragment,17.84,AAI-based (medium-confidence),13.18,1.0,,True
contig_1090816,14012,No terminal repeats,,7,11,0.8286,0.0268,1,2.1165,Viruses;Varidnaviria;Bamfordvirae;Nucleocytoviricota;Megaviricetes;Imitervirales;Mimiviridae,14012,No,,7,0,1,Not-determined,Genome-fragment,,,0.0,1.0,no viral genes detected,False
contig_1085299,6803,No terminal repeats,,5,11,0.7778,0.0341,0,1.6897,Viruses;Duplodnaviria;Heunggongvirae;Uroviricota;Caudoviricetes;;,6803,No,,5,0,1,Not-determined,Genome-fragment,,,0.0,1.0,no viral genes detected,False
contig_1104086,28983,No terminal repeats,,43,11,0.9976,0.0017,13,50.0371,Viruses;Duplodnaviria;Heunggongvirae;Uroviricota;Caudoviricetes;;,28983,No,,43,18,0,Medium-quality,Genome-fragment,61.72,AAI-based (medium-confidence),0.0,1.0,,False
contig_1118445,10784,No terminal repeats,,15,11,0.9981,0.0017,2,16.793,Viruses;Duplodnaviria;Heunggongvirae;Uroviricota;Caudoviricetes;;,10784,No,,15,8,1,Low-quality,Genome-fragment,23.29,AAI-based (medium-confidence),0.0,1.0,,False
contig_1153359,28606,No terminal repeats,,45,11,0.9983,0.0016,10,46.3339,Viruses;Duplodnaviria;Heunggongvirae;Uroviricota;Caudoviricetes;;,28606,No,,45,13,0,Medium-quality,Genome-fragment,75.69,AAI-based (medium-confidence),0.0,1.0,,False
contig_1155870,16506,No terminal repeats,,33,11,0.9982,0.0017,3,24.2243,Viruses;Duplodnaviria;Heunggongvirae;Uroviricota;Caudoviricetes;;,16506,No,,33,11,1,Low-quality,Genome-fragment,39.57,AAI-based (medium-confidence),0.0,1.0,,False
contig_1162787,21880,No terminal repeats,,16,11,0.9958,0.0023,1,19.5162,Viruses;Duplodnaviria;Heunggongvirae;Uroviricota;Caudoviricetes;;,21880,No,,16,2,1,Low-quality,Genome-fragment,35.83,AAI-based (medium-confidence),0.0,1.0,,False
contig_1154285,36581,No terminal repeats,,42,11,0.9953,0.0024,3,35.0067,Viruses;Duplodnaviria;Heunggongvirae;Uroviricota;Caudoviricetes;;,36581,No,,42,2,3,Medium-quality,Genome-fragment,81.39,AAI-based (medium-confidence),0.0,1.0,,False
contig_1154630|provirus_2_7153,7152,Provirus,Feb-53,13,11,0.9944,0.0026,2,11.3504,Viruses;Duplodnaviria;Heunggongvirae;Uroviricota;Caudoviricetes;;,7152,No,,13,0,0,Not-determined,Genome-fragment,,,0.0,1.0,no viral genes detected,True
contig_1170320,5183,No terminal repeats,,7,11,0.9999,0.0001,3,9.9073,Viruses;Duplodnaviria;Heunggongvirae;Uroviricota;Caudoviricetes;;,5183,No,,7,0,0,Not-determined,Genome-fragment,,,0.0,1.0,no viral genes detected,False
contig_1169740,60521,No terminal repeats,,91,11,0.9999,0.0001,7,70.8251,Viruses;Duplodnaviria;Heunggongvirae;Uroviricota;Caudoviricetes;;,60521,No,,91,35,1,High-quality,High-quality,100.0,AAI-based (medium-confidence),0.0,1.0,,False
contig_1167775,33382,No terminal repeats,,46,11,0.9998,0.0001,13,29.4614,Viruses;Duplodnaviria;Heunggongvirae;Uroviricota;Caudoviricetes;;,33382,No,,46,13,1,Medium-quality,Genome-fragment,54.79,AAI-based (high-confidence),0.0,1.0,,False
contig_1167742,6082,No terminal repeats,,9,11,0.9998,0.0001,1,4.9657,Viruses;Duplodnaviria;Heunggongvirae;Uroviricota;Caudoviricetes;;,6082,No,,9,1,0,Low-quality,Genome-fragment,12.21,AAI-based (high-confidence),0.0,1.0,,False
contig_1167679,5807,No terminal repeats,,6,11,0.9998,0.0002,4,6.8191,Viruses;Duplodnaviria;Heunggongvirae;Uroviricota;Caudoviricetes;;,5807,No,,6,4,0,Low-quality,Genome-fragment,11.54,AAI-based (high-confidence),0.0,1.0,,False
contig_1167662,8862,No terminal repeats,,6,11,0.9998,0.0002,0,7.4735,Viruses;Duplodnaviria;Heunggongvirae;Uroviricota;Caudoviricetes;;,8862,No,,6,4,0,Low-quality,Genome-fragment,9.37,AAI-based (medium-confidence),0.0,1.0,,False
contig_1167819,72211,No terminal repeats,,105,11,0.9998,0.0002,5,54.6038,Viruses;Duplodnaviria;Heunggongvirae;Uroviricota;Caudoviricetes;;,72211,No,,105,18,1,High-quality,High-quality,100.0,AAI-based (medium-confidence),0.0,1.0,,False
contig_1167696,12035,No terminal repeats,,13,11,0.9998,0.0002,3,9.3435,Viruses;Duplodnaviria;Heunggongvirae;Uroviricota;Caudoviricetes;;,12035,No,,13,3,0,Low-quality,Genome-fragment,24.64,AAI-based (medium-confidence),0.0,1.0,,False
contig_1167746,5190,No terminal repeats,,9,11,0.9998,0.0002,2,7.4223,Viruses;Duplodnaviria;Heunggongvirae;Uroviricota;Caudoviricetes;;,5190,No,,9,3,0,Low-quality,Genome-fragment,8.41,AAI-based (high-confidence),0.0,1.0,,False
contig_1170837,8306,No terminal repeats,,11,11,0.9998,0.0002,4,12.3947,Viruses;Duplodnaviria;Heunggongvirae;Uroviricota;Caudoviricetes;;,8306,No,,11,3,0,Low-quality,Genome-fragment,17.57,AAI-based (medium-confidence),0.0,1.0,,False
contig_1166607,5119,No terminal repeats,,10,11,0.9998,0.0002,0,4.9082,Viruses;Duplodnaviria;Heunggongvirae;Uroviricota;Caudoviricetes;;,5119,No,,10,2,0,Low-quality,Genome-fragment,12.36,AAI-based (medium-confidence),0.0,1.0,,False
contig_1170073,12022,No terminal repeats,,13,11,0.9998,0.0002,2,7.4249,Viruses;Duplodnaviria;Heunggongvirae;Uroviricota;Caudoviricetes;;,12022,No,,13,3,0,Low-quality,Genome-fragment,27.17,AAI-based (medium-confidence),0.0,1.0,,False
contig_1167720,30666,No terminal repeats,,26,11,0.9998,0.0002,2,20.1546,Viruses;Duplodnaviria;Heunggongvirae;Uroviricota;Caudoviricetes;;,30666,No,,26,4,0,Low-quality,Genome-fragment,48.22,AAI-based (medium-confidence),0.0,1.0,,False
contig_1170514,14231,No terminal repeats,,18,11,0.9998,0.0002,6,16.5781,Viruses;Duplodnaviria;Heunggongvirae;Uroviricota;Caudoviricetes;;,14231,No,,18,8,0,Low-quality,Genome-fragment,27.07,AAI-based (medium-confidence),0.0,1.0,,False
contig_1166697,8757,No terminal repeats,,10,11,0.9998,0.0002,3,8.0127,Viruses;Duplodnaviria;Heunggongvirae;Uroviricota;Caudoviricetes;;,8757,No,,10,2,0,Low-quality,Genome-fragment,14.49,AAI-based (high-confidence),0.0,1.0,,False
contig_1167654,36531,No terminal repeats,,39,11,0.9998,0.0002,2,22.6094,Viruses;Duplodnaviria;Heunggongvirae;Uroviricota;Caudoviricetes;;,36531,No,,39,5,1,Medium-quality,Genome-fragment,74.83,AAI-based (high-confidence),0.0,1.0,,False
contig_1167714,5945,No terminal repeats,,4,11,0.9998,0.0002,2,5.2834,Viruses;Duplodnaviria;Heunggongvirae;Uroviricota;Caudoviricetes;;,5945,No,,4,2,0,Low-quality,Genome-fragment,6.22,AAI-based (medium-confidence),0.0,1.0,,False
contig_1170886,24805,No terminal repeats,,21,11,0.9998,0.0002,1,9.9334,Viruses;Duplodnaviria;Heunggongvirae;Uroviricota;Caudoviricetes;;,24805,No,,21,3,0,Low-quality,Genome-fragment,37.0,AAI-based (high-confidence),0.0,1.0,,False
contig_1166622,5231,No terminal repeats,,4,11,0.9997,0.0002,2,5.0166,Viruses;Duplodnaviria;Heunggongvirae;Uroviricota;Caudoviricetes;;,5231,No,,4,1,0,Low-quality,Genome-fragment,13.25,AAI-based (medium-confidence),0.0,1.0,,False
contig_1167935,7958,No terminal repeats,,14,11,0.9997,0.0002,1,5.073,Viruses;Duplodnaviria;Heunggongvirae;Uroviricota;Caudoviricetes;;,7958,No,,14,1,0,Low-quality,Genome-fragment,6.52,HMM-based (lower-bound),0.0,1.0,,False
contig_1167724,22743,No terminal repeats,,37,11,0.9997,0.0002,5,18.7779,Viruses;Duplodnaviria;Heunggongvirae;Uroviricota;Caudoviricetes;;,22743,No,,37,8,0,Medium-quality,Genome-fragment,61.69,AAI-based (medium-confidence),0.0,1.0,,False
contig_1167883,12582,No terminal repeats,,13,11,0.9997,0.0002,2,8.9683,Viruses;Duplodnaviria;Heunggongvirae;Uroviricota;Caudoviricetes;;,12582,No,,13,2,0,Low-quality,Genome-fragment,23.84,HMM-based (lower-bound),0.0,1.0,,False
contig_1171166,6970,No terminal repeats,,9,11,0.9997,0.0002,0,5.2264,Viruses;Duplodnaviria;Heunggongvirae;Uroviricota;Caudoviricetes;;,6970,No,,9,1,0,Low-quality,Genome-fragment,10.43,HMM-based (lower-bound),0.0,1.0,,False
contig_1166738,42211,No terminal repeats,,45,11,0.9997,0.0002,7,37.4141,Viruses;Duplodnaviria;Heunggongvirae;Uroviricota;Caudoviricetes;;,42211,No,,45,13,0,Medium-quality,Genome-fragment,76.47,AAI-based (medium-confidence),0.0,1.0,,False
contig_1166228,20219,No terminal repeats,,29,11,0.9996,0.0002,3,12.9472,Viruses;Duplodnaviria;Heunggongvirae;Uroviricota;Caudoviricetes;;,20219,No,,29,3,0,Low-quality,Genome-fragment,38.72,HMM-based (lower-bound),0.0,1.0,,False
contig_1170602,7664,No terminal repeats,,10,11,0.9996,0.0002,1,7.4254,Viruses;Duplodnaviria;Heunggongvirae;Uroviricota;Caudoviricetes;;,7664,No,,10,4,0,Low-quality,Genome-fragment,9.73,AAI-based (medium-confidence),0.0,1.0,,False
contig_1166594,59746,No terminal repeats,,73,11,0.9996,0.0002,6,33.2397,Viruses;Duplodnaviria;Heunggongvirae;Uroviricota;Caudoviricetes;;,59746,No,,73,11,3,Low-quality,Genome-fragment,41.13,HMM-based (lower-bound),0.0,1.0,,False
contig_1170617,41935,No terminal repeats,,53,11,0.9995,0.0002,8,32.004,Viruses;Duplodnaviria;Heunggongvirae;Uroviricota;Caudoviricetes;;,41935,No,,53,17,2,Medium-quality,Genome-fragment,80.71,AAI-based (medium-confidence),0.0,1.0,,False
contig_1168134,6788,No terminal repeats,,7,11,0.9995,0.0002,3,4.9538,Viruses;Duplodnaviria;Heunggongvirae;Uroviricota;Caudoviricetes;;,6788,No,,7,4,0,Low-quality,Genome-fragment,14.65,AAI-based (medium-confidence),0.0,1.0,,False
contig_1169843,8121,No terminal repeats,,10,11,0.9994,0.0003,2,7.3935,Viruses;Duplodnaviria;Heunggongvirae;Uroviricota;Caudoviricetes;;,8121,No,,10,4,0,Low-quality,Genome-fragment,15.27,AAI-based (medium-confidence),0.0,1.0,,False
contig_1169804,6123,No terminal repeats,,9,11,0.9993,0.0003,0,7.2926,Viruses;Duplodnaviria;Heunggongvirae;Uroviricota;Caudoviricetes;;,6123,No,,9,4,0,Low-quality,Genome-fragment,9.25,AAI-based (medium-confidence),0.0,1.0,,False
contig_1166739,17259,No terminal repeats,,16,11,0.9993,0.0003,6,15.6644,Viruses;Duplodnaviria;Heunggongvirae;Uroviricota;Caudoviricetes;;,17259,No,,16,4,0,Low-quality,Genome-fragment,28.12,AAI-based (medium-confidence),0.0,1.01,,False
contig_1166555,40720,No terminal repeats,,43,11,0.9992,0.0003,7,20.0178,Viruses;Duplodnaviria;Heunggongvirae;Uroviricota;Caudoviricetes;;,40720,No,,43,5,1,Low-quality,Genome-fragment,49.67,HMM-based (lower-bound),0.0,1.0,,False
contig_1166356,6358,No terminal repeats,,11,11,0.9992,0.0003,0,7.5571,Viruses;Duplodnaviria;Heunggongvirae;Uroviricota;Caudoviricetes;;,6358,No,,11,4,0,Low-quality,Genome-fragment,7.82,AAI-based (medium-confidence),0.0,1.0,,False
contig_1168897,6535,No terminal repeats,,8,11,0.9991,0.0003,4,8.1779,Viruses;Duplodnaviria;Heunggongvirae;Uroviricota;Caudoviricetes;;,6535,No,,8,3,0,Low-quality,Genome-fragment,14.53,AAI-based (medium-confidence),0.0,1.0,,False
contig_1166597,36130,No terminal repeats,,52,11,0.9991,0.0003,13,43.2738,Viruses;Duplodnaviria;Heunggongvirae;Uroviricota;Caudoviricetes;;,36130,No,,52,22,0,Medium-quality,Genome-fragment,61.98,HMM-based (lower-bound),0.0,1.0,,False
contig_1166402,15968,No terminal repeats,,19,11,0.9991,0.0003,3,8.3547,Viruses;Duplodnaviria;Heunggongvirae;Uroviricota;Caudoviricetes;;,15968,No,,19,5,0,Low-quality,Genome-fragment,34.73,AAI-based (medium-confidence),0.0,1.0,,False
contig_1166562,19045,No terminal repeats,,27,11,0.999,0.0003,9,23.0015,Viruses;Duplodnaviria;Heunggongvirae;Uroviricota;Caudoviricetes;;,19045,No,,27,12,0,Low-quality,Genome-fragment,43.02,AAI-based (medium-confidence),0.0,1.0,,False
contig_1167997,5206,No terminal repeats,,4,11,0.999,0.0003,2,4.0123,Viruses;Duplodnaviria;Heunggongvirae;Uroviricota;Caudoviricetes;;,5206,No,,4,2,0,Low-quality,Genome-fragment,3.65,HMM-based (lower-bound),0.0,1.0,,False
contig_1167674,68910,No terminal repeats,,102,11,0.9988,0.0003,8,35.2382,Viruses;Duplodnaviria;Heunggongvirae;Uroviricota;Caudoviricetes;;,68910,No,,102,16,2,High-quality,High-quality,91.68,HMM-based (lower-bound),0.0,1.0,,False
contig_1166386|provirus_8275_49494,41220,Provirus,8275-49494,48,11,0.9988,0.0003,7,33.5656,Viruses;Duplodnaviria;Heunggongvirae;Uroviricota;Caudoviricetes;;,41220,No,,48,8,2,Medium-quality,Genome-fragment,52.16,HMM-based (lower-bound),0.0,1.0,,True
contig_1168814|provirus_3_16959,16957,Provirus,3-16959,22,11,0.9987,0.0003,1,13.0199,Viruses;Duplodnaviria;Heunggongvirae;Uroviricota;Caudoviricetes;;,16957,No,,22,5,0,Low-quality,Genome-fragment,37.27,AAI-based (medium-confidence),0.0,1.0,,True
contig_1170543,8610,No terminal repeats,,11,11,0.9987,0.0003,0,7.2111,Viruses;Duplodnaviria;Heunggongvirae;Uroviricota;Caudoviricetes;;,8610,No,,11,2,0,Low-quality,Genome-fragment,17.4,AAI-based (medium-confidence),0.0,1.0,,False
contig_1170935,33458,No terminal repeats,,59,11,0.9987,0.0003,10,36.7135,Viruses;Duplodnaviria;Heunggongvirae;Uroviricota;Caudoviricetes;;,33458,No,,59,12,0,High-quality,High-quality,93.24,AAI-based (medium-confidence),0.0,1.0,,False
contig_1166563,18108,No terminal repeats,,21,11,0.9986,0.0003,5,14.8953,Viruses;Duplodnaviria;Heunggongvirae;Uroviricota;Caudoviricetes;;,18108,No,,21,7,0,Low-quality,Genome-fragment,38.06,AAI-based (medium-confidence),0.0,1.0,,False
contig_1167786,11521,No terminal repeats,,8,11,0.9986,0.0004,2,4.2533,Viruses;Duplodnaviria;Heunggongvirae;Uroviricota;Caudoviricetes;;,11521,No,,8,2,1,Low-quality,Genome-fragment,14.86,HMM-based (lower-bound),0.0,1.0,,False
contig_1168840,15022,No terminal repeats,,16,11,0.9986,0.0004,3,13.5363,Viruses;Duplodnaviria;Heunggongvirae;Uroviricota;Caudoviricetes;;,15022,No,,16,4,0,Low-quality,Genome-fragment,24.06,AAI-based (medium-confidence),0.0,1.0,,False
contig_1170989,13832,No terminal repeats,,15,11,0.9981,0.0004,1,10.9113,Viruses;Duplodnaviria;Heunggongvirae;Uroviricota;Caudoviricetes;;,13832,No,,15,4,0,Low-quality,Genome-fragment,21.45,AAI-based (medium-confidence),0.0,1.0,,False
contig_1166397,18057,No terminal repeats,,18,11,0.9972,0.0005,4,17.7086,Viruses;Duplodnaviria;Heunggongvirae;Uroviricota;Caudoviricetes;;,18057,No,,18,4,1,Low-quality,Genome-fragment,35.88,AAI-based (medium-confidence),0.0,1.0,,False
contig_1168862,10420,No terminal repeats,,13,11,0.9971,0.0005,2,5.6366,Viruses;Duplodnaviria;Heunggongvirae;Uroviricota;Caudoviricetes;;,10420,No,,13,3,0,Low-quality,Genome-fragment,16.89,AAI-based (medium-confidence),0.0,1.0,,False
contig_1170258,197518,No terminal repeats,,246,11,0.997,0.0005,6,29.8646,Viruses;Duplodnaviria;Heunggongvirae;Uroviricota;Caudoviricetes;;,197518,Yes,187030.0,246,21,15,Medium-quality,Genome-fragment,86.81,AAI-based (medium-confidence),5.31,1.0,,True
contig_1170838,6064,No terminal repeats,,9,11,0.9969,0.0005,5,8.2903,Viruses;Duplodnaviria;Heunggongvirae;Uroviricota;Caudoviricetes;;,6064,No,,9,2,0,Low-quality,Genome-fragment,7.12,HMM-based (lower-bound),0.0,1.0,,False
contig_1170644,6194,No terminal repeats,,8,11,0.9969,0.0005,0,2.8428,Viruses;Duplodnaviria;Heunggongvirae;Uroviricota;Caudoviricetes;;,6194,No,,8,1,0,Low-quality,Genome-fragment,14.2,AAI-based (medium-confidence),0.0,1.0,,False
contig_1170830,12929,No terminal repeats,,19,11,0.9958,0.0006,2,5.7507,Viruses;Duplodnaviria;Heunggongvirae;Uroviricota;Caudoviricetes;;,12929,No,,19,0,0,Not-determined,Genome-fragment,,,0.0,1.0,no viral genes detected,False
contig_1166366,7711,No terminal repeats,,8,11,0.9958,0.0006,0,2.8428,Viruses;Duplodnaviria;Heunggongvirae;Uroviricota;Caudoviricetes;;,7711,No,,8,1,0,Low-quality,Genome-fragment,17.99,AAI-based (medium-confidence),0.0,1.0,,False
contig_1167695,12577,No terminal repeats,,21,11,0.9957,0.0006,2,5.1969,Viruses;Duplodnaviria;Heunggongvirae;Uroviricota;Caudoviricetes;;,12577,No,,21,2,0,Low-quality,Genome-fragment,15.42,HMM-based (lower-bound),0.0,1.0,,False
contig_1166429,41340,No terminal repeats,,45,11,0.9956,0.0006,10,34.9988,Viruses;Duplodnaviria;Heunggongvirae;Uroviricota;Caudoviricetes;;,41340,No,,45,10,2,Medium-quality,Genome-fragment,79.86,AAI-based (medium-confidence),0.0,1.0,,False
contig_1166389|provirus_4426_40436,36011,Provirus,4426-40436,43,11,0.9952,0.0006,7,31.715,Viruses;Duplodnaviria;Heunggongvirae;Uroviricota;Caudoviricetes;;,36011,No,,43,9,2,Medium-quality,Genome-fragment,71.52,AAI-based (medium-confidence),0.0,1.0,,True
contig_1167831,34590,No terminal repeats,,52,11,0.995,0.0006,4,29.0309,Viruses;Duplodnaviria;Heunggongvirae;Uroviricota;Caudoviricetes;;,34590,No,,52,7,1,Medium-quality,Genome-fragment,50.26,HMM-based (lower-bound),0.0,1.0,,False
contig_1166390|provirus_6167_40003,33837,Provirus,6167-40003,33,11,0.9948,0.0006,8,17.9888,Viruses;Duplodnaviria;Heunggongvirae;Uroviricota;Caudoviricetes;;,33837,No,,32,7,2,Medium-quality,Genome-fragment,61.74,AAI-based (medium-confidence),0.0,1.0,,True
contig_1166833,11283,No terminal repeats,,15,11,0.9939,0.0007,1,8.9144,Viruses;Duplodnaviria;Heunggongvirae;Uroviricota;Caudoviricetes;;,11283,No,,15,4,0,Low-quality,Genome-fragment,15.1,AAI-based (medium-confidence),0.0,1.0,,False
contig_1170795,9090,No terminal repeats,,10,11,0.9926,0.0008,1,6.9621,Viruses;Duplodnaviria;Heunggongvirae;Uroviricota;Caudoviricetes;;,9090,No,,10,2,0,Low-quality,Genome-fragment,7.99,HMM-based (lower-bound),0.0,1.0,,False
contig_1170136,7693,No terminal repeats,,7,11,0.9923,0.0008,2,6.0985,Viruses;Duplodnaviria;Heunggongvirae;Uroviricota;Caudoviricetes;;,7693,No,,7,2,0,Low-quality,Genome-fragment,16.95,AAI-based (medium-confidence),0.0,1.0,,False
contig_1169767,5765,No terminal repeats,,6,11,0.9923,0.0008,0,4.6162,Viruses;Duplodnaviria;Heunggongvirae;Uroviricota;Caudoviricetes;;,5765,Yes,4835.0,6,3,1,Low-quality,Genome-fragment,7.97,AAI-based (medium-confidence),16.13,1.0,,True
contig_1169834,18202,No terminal repeats,,17,11,0.9914,0.0009,4,15.4333,Viruses;Duplodnaviria;Heunggongvirae;Uroviricota;Caudoviricetes;;,18202,No,,17,4,1,Low-quality,Genome-fragment,30.1,AAI-based (medium-confidence),0.0,1.0,,False
contig_1168836,21954,No terminal repeats,,24,11,0.9911,0.0009,0,10.5684,Viruses;Duplodnaviria;Heunggongvirae;Uroviricota;Caudoviricetes;;,21954,No,,24,5,0,Low-quality,Genome-fragment,29.06,AAI-based (medium-confidence),0.0,1.0,,False
contig_1166736,64873,No terminal repeats,,99,11,0.9896,0.001,4,16.0784,Viruses;Duplodnaviria;Heunggongvirae;Uroviricota;Caudoviricetes;;,64873,No,,99,5,4,Low-quality,Genome-fragment,48.87,HMM-based (lower-bound),0.0,1.0,,False
contig_1166556,29759,No terminal repeats,,31,11,0.989,0.001,7,13.5941,Viruses;Duplodnaviria;Heunggongvirae;Uroviricota;Caudoviricetes;;,29759,No,,31,5,2,Low-quality,Genome-fragment,47.82,AAI-based (medium-confidence),0.0,1.0,,False
contig_1171129,13193,No terminal repeats,,6,11,0.9887,0.001,2,3.782,Viruses;Duplodnaviria;Heunggongvirae;Uroviricota;Caudoviricetes;;,13193,No,,6,2,1,Low-quality,Genome-fragment,17.02,HMM-based (lower-bound),0.0,1.01,,False
contig_1166431,19623,No terminal repeats,,17,11,0.9882,0.001,2,11.0709,Viruses;Duplodnaviria;Heunggongvirae;Uroviricota;Caudoviricetes;;,19623,No,,17,4,1,Low-quality,Genome-fragment,20.48,HMM-based (lower-bound),0.0,1.0,,False
contig_1171221,8489,No terminal repeats,,9,11,0.988,0.001,3,6.7414,Viruses;Duplodnaviria;Heunggongvirae;Uroviricota;Caudoviricetes;;,8489,No,,9,4,1,Low-quality,Genome-fragment,16.39,AAI-based (medium-confidence),0.0,1.0,,False
contig_1166230,12231,No terminal repeats,,16,11,0.9878,0.001,1,2.5323,Viruses;Duplodnaviria;Heunggongvirae;Uroviricota;Caudoviricetes;;,12231,No,,16,1,1,Low-quality,Genome-fragment,11.3,HMM-based (lower-bound),0.0,1.0,,False
contig_1166503,5724,No terminal repeats,,12,11,0.9872,0.0011,0,7.1472,Viruses;Duplodnaviria;Heunggongvirae;Uroviricota;Caudoviricetes;;,5724,No,,12,3,0,Low-quality,Genome-fragment,12.57,HMM-based (lower-bound),0.0,1.0,,False
contig_1169017,19880,No terminal repeats,,21,11,0.9851,0.0011,4,15.388,Viruses;Duplodnaviria;Heunggongvirae;Uroviricota;Caudoviricetes;;,19880,No,,21,5,1,Low-quality,Genome-fragment,43.61,AAI-based (medium-confidence),0.0,1.0,,False
contig_1167729,14850,No terminal repeats,,18,11,0.9821,0.0012,1,7.9161,Viruses;Duplodnaviria;Heunggongvirae;Uroviricota;Caudoviricetes;;,14850,No,,18,3,0,Low-quality,Genome-fragment,25.33,AAI-based (medium-confidence),0.0,1.0,,False
contig_1167922,8731,No terminal repeats,,12,11,0.981,0.0013,2,4.1984,Viruses;Duplodnaviria;Heunggongvirae;Uroviricota;Caudoviricetes;;,8731,No,,12,1,0,Low-quality,Genome-fragment,19.08,AAI-based (medium-confidence),0.0,1.0,,False
contig_1167903,10132,No terminal repeats,,12,11,0.9794,0.0013,3,5.8088,Viruses;Duplodnaviria;Heunggongvirae;Uroviricota;Caudoviricetes;;,10132,No,,12,1,0,Low-quality,Genome-fragment,39.1,AAI-based (high-confidence),0.0,1.0,,False
contig_1168064,8701,No terminal repeats,,9,11,0.9761,0.0015,1,1.4785,Viruses;Duplodnaviria;Heunggongvirae;Uroviricota;Caudoviricetes;;,8701,No,,9,1,0,Low-quality,Genome-fragment,10.01,HMM-based (lower-bound),0.0,1.0,,False
contig_1166482,6327,No terminal repeats,,8,11,0.976,0.0015,1,4.4461,Viruses;Duplodnaviria;Heunggongvirae;Uroviricota;Caudoviricetes;;,6327,No,,8,3,1,Low-quality,Genome-fragment,8.68,HMM-based (lower-bound),0.0,1.01,,False
contig_1170639,8397,No terminal repeats,,8,11,0.9751,0.0015,1,2.7732,Viruses;Duplodnaviria;Heunggongvirae;Uroviricota;Caudoviricetes;;,8397,No,,8,2,0,Low-quality,Genome-fragment,10.11,AAI-based (medium-confidence),0.0,1.0,,False
contig_1166231,8282,No terminal repeats,,12,11,0.974,0.0015,2,4.2832,Viruses;Duplodnaviria;Heunggongvirae;Uroviricota;Caudoviricetes;;,8282,No,,12,1,1,Low-quality,Genome-fragment,6.33,HMM-based (lower-bound),0.0,1.0,,False
contig_1170940,5927,No terminal repeats,,8,11,0.9724,0.0016,3,4.5356,Viruses;Duplodnaviria;Heunggongvirae;Uroviricota;Caudoviricetes;;,5927,No,,8,2,0,Low-quality,Genome-fragment,12.49,AAI-based (medium-confidence),0.0,1.0,,False
contig_1167860,30938,No terminal repeats,,41,11,0.9684,0.0017,7,10.8468,Viruses;Duplodnaviria;Heunggongvirae;Uroviricota;Caudoviricetes;;,30938,No,,41,3,3,Medium-quality,Genome-fragment,84.65,AAI-based (medium-confidence),0.0,1.0,,False
contig_1170206,23632,No terminal repeats,,22,11,0.9576,0.002,1,8.2212,Viruses;Duplodnaviria;Heunggongvirae;Uroviricota;Caudoviricetes;;,23632,No,,22,2,2,Low-quality,Genome-fragment,30.49,HMM-based (lower-bound),0.0,1.0,,False
contig_1169669,7708,No terminal repeats,,7,11,0.9527,0.0022,0,4.2362,Viruses;Duplodnaviria;Heunggongvirae;Uroviricota;Caudoviricetes;;,7708,Yes,1649.0,7,1,2,Low-quality,Genome-fragment,3.27,AAI-based (medium-confidence),78.61,1.0,,True
contig_1170268,5331,No terminal repeats,,8,11,0.9467,0.0024,2,8.1357,Viruses;Duplodnaviria;Heunggongvirae;Uroviricota;Caudoviricetes;;,5331,No,,8,3,0,Low-quality,Genome-fragment,11.53,AAI-based (medium-confidence),0.0,1.0,,False
contig_1166995,5313,No terminal repeats,,7,11,0.9199,0.0031,2,4.2029,Viruses;Duplodnaviria;Heunggongvirae;Uroviricota;Caudoviricetes;;,5313,No,,7,2,0,Low-quality,Genome-fragment,11.95,AAI-based (medium-confidence),0.0,1.0,,False
contig_1167944,7286,No terminal repeats,,11,11,0.9146,0.0033,1,7.6298,Viruses;Duplodnaviria;Heunggongvirae;Uroviricota;Caudoviricetes;;,7286,No,,11,2,0,Low-quality,Genome-fragment,6.73,HMM-based (lower-bound),0.0,1.0,,False
contig_1167865,17146,No terminal repeats,,22,11,0.9012,0.0037,7,21.5588,Viruses;Duplodnaviria;Heunggongvirae;Uroviricota;Caudoviricetes;;,17146,No,,22,10,2,Low-quality,Genome-fragment,30.31,AAI-based (medium-confidence),0.0,1.0,,False
contig_1170257,11590,No terminal repeats,,12,11,0.8576,0.0047,1,6.3314,Viruses;Duplodnaviria;Heunggongvirae;Uroviricota;Caudoviricetes;;,11590,No,,12,2,1,Low-quality,Genome-fragment,10.19,HMM-based (lower-bound),0.0,1.0,,False
contig_1170796,6277,No terminal repeats,,9,11,0.8382,0.005,3,5.1311,Viruses;Duplodnaviria;Heunggongvirae;Uroviricota;Caudoviricetes;;,6277,No,,9,3,0,Low-quality,Genome-fragment,13.55,AAI-based (medium-confidence),0.0,1.0,,False
contig_1167747,22884,No terminal repeats,,19,11,0.8233,0.0051,2,9.4482,Viruses;Duplodnaviria;Heunggongvirae;Uroviricota;Caudoviricetes;;,22884,No,,19,2,2,Low-quality,Genome-fragment,29.52,HMM-based (lower-bound),0.0,1.0,,False
contig_1167982,5620,No terminal repeats,,6,11,0.8129,0.0053,1,3.1972,Viruses;Duplodnaviria;Heunggongvirae;Uroviricota;Caudoviricetes;;,5620,No,,6,1,0,Low-quality,Genome-fragment,12.17,AAI-based (medium-confidence),0.0,1.0,,False
contig_1169753,29890,No terminal repeats,,27,11,0.7751,0.0058,2,2.7956,Viruses;Duplodnaviria;Heunggongvirae;Uroviricota;Caudoviricetes;;,29890,No,,27,2,3,Low-quality,Genome-fragment,44.71,HMM-based (lower-bound),0.0,1.0,,False
contig_1166240,5659,No terminal repeats,,4,11,0.7654,0.006,2,3.4166,Viruses;Duplodnaviria;Heunggongvirae;Uroviricota;Caudoviricetes;;,5659,No,,4,2,0,Low-quality,Genome-fragment,8.5,HMM-based (lower-bound),0.0,1.0,,False
contig_1170200,20598,No terminal repeats,,15,11,0.745,0.0064,2,9.1563,Viruses;Duplodnaviria;Heunggongvirae;Uroviricota;Caudoviricetes;;,20598,No,,15,3,1,Low-quality,Genome-fragment,24.3,HMM-based (lower-bound),0.0,1.0,,False
