vOTU	STM_0716_E_M_E002	STM_0716_E_M_E003	STM_0716_E_M_E004	STM_0716_E_M_E025	STM_0716_E_M_E027	STM_0716_E_M_E033	STM_0716_E_M_E034	STM_0716_E_M_E035	STM_0716_E_M_E050	STM_0716_E_M_E051	STM_0716_E_M_E052	STM_0716_E_M_E058	STM_0716_E_M_E059	STM_0716_E_M_E060	STM_0716_E_M_E062	STM_0716_E_M_E063	STM_0716_E_M_E064	STM_0716_E_M_E070	STM_0716_E_M_E071	STM_0716_E_M_E072	STM_0716_E_M_E121	STM_0716_E_M_E122	STM_0716_E_M_E123	STM_0716_E_M_E129	STM_0716_E_M_E130	STM_0716_E_M_E131
contig_1000294|provirus_2_36746	0.0	0.0	0.0	72.4640031080409	0.0	0.0	0.0	0.0	11.604840885571312	15.521783205519396	0.0	100.44317167602311	5.9027343759060935	28.64096723323178	0.0	0.0	0.0	0.0	0.0	0.0	71.23976613442844	5.2546642675874375	0.0	0.0	0.0	0.0
contig_1000563	0.0	0.0	0.0	48.86322143846796	0.0	0.0	0.0	0.0	0.0	0.0	0.0	0.0	0.0	0.0	0.0	0.0	0.0	0.0	0.0	0.0	264.8214409873153	142.841286511047	409.7153774099836	172.50105505040128	118.10932395498531	123.6959712898444
contig_1000567	0.0	0.0	0.0	130.73086450352773	69.63963021513005	31.846423911539407	72.69080205767749	35.16421979887655	200.72573132668296	8.514991364427983	12.25255884224795	31.910876214556584	13.54419874717035	0.0	25.085325892110745	0.0	31.411510490173914	30.464601580124366	18.21928485342357	21.0226989153177	176.0743809709936	40.90456277258127	122.36995692780773	53.767472414766445	58.00875797044285	50.32622673983454
contig_1000721	0.0	0.0	0.0	0.0	0.0	0.0	0.0	214.10953671571326	48.43183096382652	0.0	0.0	147.79303396285323	1302.7727274402343	341.3524648063195	0.0	0.0	0.0	0.0	22.769334086827083	0.0	14.917165363216581	25.69824471440798	0.0	0.8526052558110913	0.0	0.0
contig_1001917	0.0	0.0	0.0	0.0	0.0	0.0	0.0	0.0	0.0	0.0	0.0	0.0	0.0	111.214119925062	0.0	0.0	0.0	0.0	0.0	0.0	0.0	0.0	0.0	0.0	0.0	0.0
contig_1002679	0.0	0.0	0.0	11.201406701335744	4.963778417627703	70.63934797636371	15.44272666083676	13.605541724234197	0.0	0.0	0.0	5.168071263393867	0.49315235197197477	7.553712104206559	0.0	0.0	0.0	0.0	0.0	0.0	0.0	0.0	0.0	7.736957566403756	0.0	0.0
contig_1002835	0.0	0.0	0.0	37.044625650383395	10.698596287912439	4901.904321515631	3665.3162084542582	9515.604439533443	7.250306047417534	5.612032541269844	96.78249425319535	340.00701967872783	64.96399821987862	119.02531245534968	0.0	15.761209711122493	0.0	2395.7720122936867	1281.2617142096049	2243.765431306695	0.0	0.0	0.0	39.83641978365784	19.77514208692026	28.030814449226515
contig_1003288	0.0	0.0	0.0	0.0	0.0	0.0	0.0	0.0	0.0	0.0	0.0	43.25281576684056	10.741603583652687	0.0	0.0	0.0	0.0	0.0	0.0	0.0	0.0	0.0	0.0	0.0	0.0	0.0
contig_1003639	0.0	0.0	0.0	0.0	0.0	0.0	0.0	37.1382007052121	0.0	13.045040168924832	0.0	82.23595461348421	141.87630808386226	49.8171620232558	0.0	0.0	0.0	0.0	0.0	0.0	0.0	0.0	0.0	0.0	0.0	0.0
contig_1004502|provirus_36176_78699	0.0	0.0	0.0	0.0	0.0	0.0	0.0	0.0	0.0	0.0	0.0	37.3361888503042	0.0	0.0	0.0	0.0	0.0	0.0	0.0	125.53081743530079	0.0	0.0	0.0	0.0	0.0	0.0
contig_1005892	0.0	0.0	0.0	0.0	0.0	0.0	0.0	0.0	0.0	0.0	0.0	0.0	41.421530281321346	0.0	0.0	0.0	0.0	0.0	0.0	0.0	0.0	0.0	0.0	0.0	0.0	0.0
contig_1006110|provirus_38533_82378	0.0	0.0	0.0	259.7669548720337	198.14750185796194	0.0	100.75957675794729	0.0	0.0	0.0	42.00865391383193	176.38152984324984	0.0	0.0	0.0	169.55297312799914	0.0	0.0	0.0	328.2287075473351	0.0	0.0	0.0	0.0	0.0	0.0
contig_1007241	0.0	0.0	0.0	0.0	0.0	0.0	0.0	0.0	0.0	0.0	10.303490603634044	0.0	0.0	0.0	0.0	0.0	0.0	0.0	0.0	0.0	0.0	0.0	0.0	0.0	0.0	0.0
contig_1007463	0.0	0.0	0.0	0.0	0.0	0.0	0.0	217.42190927945038	22.260978478934003	0.0	0.0	190.65866358016044	1435.818991833009	373.7509069294877	0.0	7.520482349803137	0.0	0.0	0.0	0.0	0.0	0.0	0.0	0.0	0.0	0.0
contig_1007768	0.0	0.0	0.0	0.0	0.0	0.0	0.0	1.3430849345577534	0.0	0.0	0.0	16.52576950487497	12.436544369489416	37.137453962011016	0.0	0.0	0.0	0.0	0.0	0.0	0.0	0.0	0.0	0.0	0.0	0.0
contig_1008634	0.0	0.0	0.0	0.0	0.0	0.0	0.0	0.0	0.0	0.0	0.0	42.33348660034824	0.0	0.0	0.0	0.0	0.0	0.0	0.0	0.0	0.0	0.0	0.0	0.0	0.0	0.0
contig_1008884	0.0	0.0	0.0	0.0	0.0	0.0	9.886573465332672	0.0	0.0	0.0	0.0	117.82067403237194	19.821274912628937	248.81177812524402	0.0	8.886508442974117	0.0	0.0	0.0	0.0	10.310544418423406	0.0	0.0	0.0	0.0	0.0
contig_1009273	0.0	0.0	0.0	0.0	0.0	0.0	7.183981806531556	0.0	0.0	22.701497129647286	0.0	0.0	0.0	0.0	0.0	0.0	0.0	0.0	0.0	0.0	0.0	0.0	0.0	0.0	0.0	0.0
contig_1009523	0.0	0.0	0.0	0.0	0.0	0.0	97.99912107165808	0.0	0.0	0.0	0.0	19.700383224429313	611.7609159792659	0.0	0.0	0.0	0.0	0.0	195.17188946992178	0.0	0.0	0.0	0.0	0.0	0.0	0.0
contig_1010103	0.0	0.0	0.0	0.0	0.0	0.0	0.0	0.0	0.0	0.0	0.0	2.4928567808938666	0.0	0.0	0.0	0.0	0.0	0.0	0.0	0.0	0.0	0.0	0.0	0.0	0.0	0.0
contig_1010190	0.0	0.0	0.0	0.0	0.0	0.0	0.0	0.0	0.0	0.0	0.0	0.0	0.0	91.46946251559324	0.0	0.0	0.0	0.0	0.0	0.0	0.0	0.0	0.0	0.0	0.0	0.0
contig_1010289	0.0	0.0	0.0	0.0	0.0	0.0	3.30620895166255	5.399201436922162	0.0	0.0	0.0	6.472885287917263	0.0	18.570859726299688	0.0	0.0	0.0	0.0	0.0	55.22954800940795	0.0	0.0	0.0	0.0	0.0	0.0
contig_1010580	0.0	0.0	0.0	12.53279349863007	0.0	0.0	4.341949519993872	0.0	22.96762536283868	9.708074257172157	0.0	162.7819265801585	185.78013756779316	205.06045494423537	0.0	0.0	0.0	0.0	0.0	0.0	0.0	0.0	0.0	0.0	0.0	0.0
contig_1010939|provirus_8161_24823	0.0	0.0	0.0	14.014596043615766	0.0	0.0	0.0	17.521656749406137	0.0	0.0	13.812970157939203	72.85306475485581	79.54344270322788	70.06771144621037	0.0	0.0	53.34481426130968	0.0	0.0	0.0	57.15173586268587	1.192542038543918	34.38883174242665	0.0	0.0	0.0
contig_1012188	0.0	0.0	0.0	0.0	0.0	0.0	0.0	13.620080680581173	0.0	8.330891579832022	0.0	50.66482377512321	29.24133233969239	21.51109407848779	0.0	0.0	0.0	0.0	0.0	0.0	0.0	0.0	0.0	0.0	0.0	0.0
contig_1012478	0.0	0.0	0.0	0.0	0.0	0.0	0.0	0.0	302.02515849536593	0.0	27.357025633563673	39.54694285331412	0.0	0.0	0.0	0.0	0.0	0.0	0.0	0.0	0.0	0.0	0.0	0.0	0.0	0.0
contig_1013072	0.0	0.0	0.0	0.0	0.0	0.0	0.0	0.0	0.0	0.0	0.0	24.901176674725008	0.0	0.0	0.0	0.0	0.0	0.0	0.0	0.0	0.0	0.0	0.0	0.0	0.0	0.0
contig_1013653	0.0	0.0	0.0	0.0	0.0	0.0	0.0	0.0	0.0	0.0	0.0	7.014560004454241	0.0	0.0	0.0	0.0	0.0	0.0	0.0	0.0	0.0	0.0	0.0	0.0	0.0	0.0
contig_1014307	0.0	0.0	0.0	0.0	0.0	0.0	0.0	0.0	0.0	0.0	0.0	0.0	0.0	0.0	0.0	0.0	0.0	68.24645649517335	0.0	0.0	0.0	0.0	11.222486139853489	26.43888237151187	0.0	0.0
contig_1019214	0.0	0.0	0.0	25.858146830121107	46.78225777759214	0.0	11.710969173915405	0.0	0.0	0.0	0.0	0.0	0.0	0.0	0.0	0.0	0.0	0.0	0.0	0.0	23.107369031170506	0.0	25.022268654538507	0.0	0.0	0.0
contig_1019837	0.0	0.0	0.0	0.0	0.0	0.0	0.0	0.0	0.0	0.0	0.0	0.0	0.0	8.3568360546971	0.0	2.3329307660750778	0.0	90.53252315055822	25.362290853652688	0.0	11.937754174153133	0.0	12.416227205789134	42.464007569525926	0.0	0.0
contig_1021374	0.0	0.0	0.0	0.0	0.0	2.179091039450475	0.0	0.0	0.0	0.0	0.0	0.0	0.0	0.0	0.0	0.0	0.0	30.451190797297528	0.0	0.0	0.0	0.0	8.26755437436118	0.0	0.0	0.0
contig_1021792	0.0	0.0	0.0	0.0	0.0	0.0	0.0	0.0	0.0	0.0	0.0	0.0	0.0	0.0	0.0	0.0	0.0	24.534148460873162	0.0	2.723469214165953	6.13761260627848	0.0	7.093536712141786	0.0	0.0	0.0
contig_1022075	0.0	0.0	0.0	0.0	0.0	2.46664606502476	0.0	0.0	0.0	0.0	0.0	0.0	0.0	0.0	0.0	21.13627125300882	0.0	7.41645229096162	0.0	0.0	0.0	0.0	10.8910898068822	7.66980199037508	0.0	0.0
contig_1022629	0.0	0.0	0.0	4872.792791656612	1595.6164541086216	91.5066808099194	588.5339342142302	20.001806441975535	1107.742186776507	186.79048299578827	200.56896507705832	604.3453064792266	219.25256662975042	15.35358744838881	973.739601563556	16.105252359480314	140.20116063217318	164.2293848526974	399.65321382233475	1146.231478901471	3646.9311633350353	273.30519845809664	3315.3845114283426	2578.1026704902915	1102.9211535908598	2871.8798688869983
contig_1022949	0.0	0.0	0.0	0.0	0.0	0.0	0.0	0.0	0.0	0.0	0.0	0.0	0.0	0.0	0.0	0.0	0.0	8.54062991994913	0.0	0.0	0.0	0.0	10.219314918151621	4.63822087067157	0.0	0.0
contig_1036244	0.0	0.0	0.0	0.0	0.0	0.0	0.0	0.0	0.0	0.0	0.0	0.0	0.0	0.0	0.0	0.0	0.0	0.0	53.87032421341587	0.0	0.0	0.0	0.0	0.0	0.0	0.0
contig_1041564	0.0	0.0	0.0	0.0	0.0	63.811221098838764	0.0	0.0	0.0	0.0	0.0	0.0	0.0	15.62121211002603	0.0	0.0	0.0	73.0264523240814	0.0	0.0	0.0	0.0	20.838757506396643	0.0	0.0	0.0
contig_1046491	0.0	14.720487570729684	12.50912386340866	0.0	0.0	8.920832759081422	42.541592560296486	8.582763164178447	11.756417302833132	9.435786262089339	0.0	0.0	0.0	0.0	0.0	26.014491006159346	0.0	0.0	0.0	22.5356739084828	0.0	0.0	0.0	0.0	0.0	8.378877055047361
contig_1049906	0.0	0.0	0.0	0.0	0.0	0.0	0.0	1.2801801713410534	0.0	0.0	0.0	6.5007553551721005	0.0	0.0	9.028982596496126	45.3900400303546	0.0	279.6057570145894	51.66313366844606	391.1993581805836	0.0	0.0	0.0	0.0	0.0	0.0
contig_1075041	0.0	0.0	0.0	42.19869045668733	0.0	0.0	0.0	106.1040584521711	24.481823951971517	0.0	46.982785011038196	73.79323595901417	712.0928818417069	238.5729137180226	10.209859627537675	0.0	74.4119469721856	0.0	110.86616085268292	0.0	0.0	0.0	49.57168968772988	0.0	0.0	0.0
contig_1075865	0.0	0.0	0.0	0.0	0.0	1.4565192167062384	0.0	0.0	0.0	0.0	0.0	1.1344737445984077	0.0	0.0	0.0	0.0	0.0	0.0	0.0	0.0	0.0	0.0	0.0	0.0	0.0	8.004544373051408
contig_1075992|provirus_6093_23297	8.227750862715984	10.244361053042205	4.208476460315258	0.0	0.0	0.0	0.0	0.0	0.0	0.0	0.0	0.0	0.0	0.0	9.888154223506248	15.93973465658482	1.359740601304819	0.0	0.0	43.11668333236527	4.599035902295558	12.56485462129989	7.923847480640862	0.0	0.0	6.951699319727761
contig_1078152	0.0	0.0	0.0	0.0	0.0	0.0	0.0	97.23819859615219	26.51517298646292	4.781140996669498	7.14512355391654	124.51453619435802	964.1340719684658	356.64496944540423	11.040837650997611	0.0	15.817062846825243	0.0	0.0	0.0	9.238283594810602	4.0967278472543445	23.21176119589463	0.0	0.0	0.0
contig_1079720|provirus_25187_58718	0.0	0.0	0.0	0.0	0.0	0.0	0.0	0.0	0.0	2.9015910306404895	0.0	7.727045612406037	4.07210204989635	31.739457032483497	0.0	0.0	0.0	0.0	0.0	0.0	0.0	0.0	0.0	0.0	0.0	0.0
contig_1081744|provirus_189652_224846	0.0	0.0	0.0	0.0	0.0	2.2092522548710134	4.594724050049316	0.0	12.633720292428823	2.2183795341891637	10.368907137267016	65.91522678829972	0.0	76.37317618615106	0.0	9.454884613981681	0.0	0.0	0.0	55.31175805256796	0.0	0.0	0.0	0.0	0.0	0.0
contig_1082237	0.0	0.0	0.0	0.0	0.0	0.0	0.0	0.0	0.0	0.0	0.0	0.0	0.0	0.0	0.0	0.0	0.0	0.0	0.0	7.442211331322373	0.0	0.0	0.0	0.0	0.0	0.0
contig_1085299	0.78695023309547	0.0	0.0	8.12747242187146	1.039893426891754	2.76166220040982	1.711122213378646	0.0	67.1831228221676	69.05080841579698	16.47042616953334	12.260936460508201	5.77105167481922	5.8645081688466	35.9180415775042	110.69103158107718	61.832452213431	11.9570051782665	6.436104072145819	27.1593344186604	0.0	0.0	0.0	0.0	0.0	0.0
contig_1085711	0.0	0.0	0.0	0.0	0.0	270.39458473480136	241.0280493627656	2703.4722962953483	0.0	0.0	0.0	362.7116715814579	464.78744533449367	205.5332178350777	0.0	0.0	0.0	83.87336554069886	0.0	173.36305717428155	0.0	0.0	0.0	0.0	0.0	0.0
contig_1086116	0.0	0.0	0.0	0.0	0.0	0.0	0.0	0.0	0.0	0.0	0.0	0.0	0.0	0.0	0.0	0.0	0.0	0.0	0.0	17.63177802112515	0.0	0.0	0.0	0.0	0.0	0.0
contig_1087116	0.0	0.0	0.0	0.0	0.0	0.0	0.0	0.0	0.0	0.0	0.0	0.0	0.0	0.0	0.0	0.0	0.0	0.0	0.0	25.41854120920309	0.0	0.0	0.0	22.335860092724854	0.0	0.0
contig_1087571|provirus_58_57108	0.0	0.0	0.0	0.0	0.0	54.56872271119001	0.0	0.0	0.0	0.0	0.0	0.0	0.0	0.0	0.0	0.0	0.0	44.729096074719344	218.82897097092695	191.32494829513058	0.0	0.0	0.0	0.0	0.0	0.0
contig_1089340	0.0	0.0	0.0	0.0	0.0	0.0	0.0	0.0	0.0	0.0	0.0	12.08727869201799	2.0683657945922	9.48854603452312	0.0	38.55688035145316	0.0	2.63588196555933	0.0	78.80990220184815	0.0	0.0	0.0	0.0	0.0	0.0
contig_1089964	0.0	0.0	0.0	0.0	0.0	0.0	0.0	2.87608793250091	0.0	0.0	0.0	0.0	0.0	0.0	0.0	0.0	0.0	0.0	0.0	0.0	0.0	0.0	0.0	0.0	0.0	0.0
contig_1090816	0.0	0.0	0.0	0.0	0.0	0.0	0.0	0.0	0.0	0.0	0.0	0.0	0.0	0.0	0.0	0.0	0.0	6.4818578909546005	0.0	4.2683585210262285	0.0	0.0	0.0	0.0	0.0	0.0
contig_1091404	0.0	0.0	0.0	16.94356866986445	0.0	0.0	0.0	1.4101594572095857	0.0	0.0	0.0	18.12340078685812	0.0	7.245272320650814	0.0	19.960441877666856	0.0	48.07984491987183	0.0	218.4932058041327	0.0	0.0	0.0	0.0	0.0	0.0
contig_1091961	0.0	0.0	0.0	0.0	0.0	0.0	0.0	0.0	0.0	0.0	0.0	0.0	0.0	0.0	0.0	0.0	764.737099041026	0.0	0.0	0.0	0.0	0.0	0.0	0.0	0.0	0.0
contig_1092803	0.0	0.0	0.0	0.0	0.0	123.35082271911935	223.22302407500896	298.13845785607197	0.0	0.0	0.0	188.87455590148926	149.2172820899595	106.12636422863935	0.0	0.0	0.0	198.96177229809547	70.28015608362621	151.33751519026535	0.0	0.0	0.0	0.0	0.0	0.0
contig_1093732	0.0	0.0	0.0	2582.9924175488136	833.0063453994549	51.43254198788385	323.31784477241285	12.436627701480512	530.0145567542313	95.12175232533286	99.28163281687073	325.9054201889099	116.19618861433244	7.1650615240428355	469.3567067301676	7.5928009454461725	66.53590912903019	73.66736640322034	232.6463429848844	621.2595447547384	2000.759591914361	154.47285496475538	1843.987993473893	1478.6660071489307	592.8706406570906	1588.715785755522
contig_1093861	0.0	0.0	0.0	0.0	0.0	0.0	0.0	0.0	0.0	0.0	0.0	0.0	0.0	0.0	0.0	12.342939719203	0.0	0.0	0.0	12.40733702707931	0.0	0.0	0.0	0.0	0.0	0.0
contig_1094271	0.0	0.0	0.0	0.0	0.0	0.0	0.0	0.0	0.0	0.0	0.0	0.0	0.0	0.0	0.0	0.0	0.0	101.16758357267433	335.2373804772202	29.857302250400732	0.0	0.0	0.0	0.0	0.0	0.0
contig_1094555	0.0	0.0	0.0	0.0	0.0	0.0	0.0	0.0	0.0	0.0	0.0	5.170712209720482	0.0	0.0	0.0	30.990581172189437	0.0	0.0	0.0	54.540124739739376	0.0	0.0	0.0	0.0	0.0	0.0
contig_1104086	0.0	0.0	0.0	0.0	0.0	0.0	0.0	0.0	0.0	0.0	0.0	0.0	0.0	0.0	0.0	0.0	0.0	0.0	0.0	0.0	0.0	0.0	0.0	7.82359361859247	0.0	0.0
contig_1118445	0.0	0.0	0.0	21.15390187208458	12.98018004927428	0.0	120.02852572575648	55.643359850993726	16.861447734795096	0.0	0.0	25.734839814681344	8.393200507280767	49.98966390216341	19.933673141220666	0.0	0.0	86.003217481855	197.25843655929037	54.64375925084593	126.89428120641664	27.06596729403976	169.45290416558555	133.18283409586368	111.47987076611827	200.5050282892292
contig_1153359	0.0	0.0	0.0	0.0	0.0	0.0	0.0	0.0	0.0	0.0	0.0	0.0	0.0	0.0	0.0	0.0	0.0	0.0	0.0	29.62294591749568	0.0	0.0	0.0	0.0	0.0	0.0
contig_1154285	0.0	0.0	0.0	16.575429336927954	0.0	0.0	0.0	0.0	0.0	0.0	26.904828715960807	12.281022284247156	0.0	49.17256021563145	0.0	24.31479633608531	0.0	0.0	0.0	30.51650507883764	0.0	0.0	0.0	0.0	0.0	0.0
contig_1154630|provirus_2_7153	0.0	0.0	0.0	0.0	0.0	0.0	2.404952865366469	0.0	0.0	0.0	68.60799214366432	0.0	0.0	0.0	0.0	0.0	0.0	0.0	0.0	0.0	0.0	0.0	0.0	0.0	0.0	0.0
contig_1155870	0.0	0.0	0.0	7.1113190611837025	0.0	0.0	14.12325394573515	0.0	0.0	0.6781724658303758	0.0	0.0	0.0	0.0	10.971553475371394	0.0	0.0	0.0	0.0	0.0	16.713812232244788	0.0	18.38403143484694	22.163659290115536	4.0458689938905605	3.3656349556945817
contig_1162787	0.0	0.0	0.0	0.0	0.0	0.0	0.0	0.0	0.0	0.0	11.477254110454044	0.0	0.0	0.0	0.0	0.0	0.0	0.0	0.0	0.0	0.0	0.0	0.0	0.0	0.0	0.0
contig_1166228	0.0	0.0	0.0	0.0	8.780060124438059	0.0	0.0	0.0	0.0	0.0	0.0	0.0	0.0	0.0	0.0	0.0	0.0	0.0	0.0	0.0	0.0	0.0	0.0	0.0	0.0	0.0
contig_1166230	0.0	0.0	1.6058193157865626	0.0	0.0	0.0	0.0	0.0	0.0	0.0	0.0	0.0	0.0	0.0	0.0	0.0	0.0	0.0	0.0	0.0	0.0	0.0	0.0	0.0	0.0	0.0
contig_1166231	6.716546586844321	0.0	9.626827404691374	2.3211503349902336	9.971974328975712	0.0	11.778770834733516	3.0222142948488524	0.0	11.104469238996991	13.291065036871984	0.0	13.86728409178456	0.0	0.0	0.0	0.0	0.0	0.0	22.41875890122216	6.152350530174353	0.0	0.0	6.072444854375033	6.2549386752207	6.3012906359102585
contig_1166240	0.0	0.0	0.0	13.750030300121924	0.0	0.0	0.0	3.87487173112445	0.0	8.37996730558465	4.247632317698025	12.196818152117	0.0	7.606429646897075	0.0	0.0	0.0	0.0	0.0	0.0	14.649571470266146	11.411393790551772	10.295708358093975	0.0	0.0	17.939725851895034
contig_1166356	4.653176104542436	0.0	1.9098675314093727	0.0	0.0	0.0	0.0	0.0	0.0	0.0	0.0	0.0	0.0	0.0	0.0	0.0	0.0	0.0	0.0	0.0	0.0	0.0	0.0	0.0	0.0	0.0
contig_1166366	34.15901831723646	18.07531094801926	13.914320810183963	0.0	0.0	0.0	16.8796926886981	6.704660979275024	0.0	18.255291666798588	8.598876594626512	12.27448247834475	0.0	0.0	0.0	0.0	0.0	0.0	0.0	2.4776992342693873	20.335620983368663	0.0	0.0	0.0	0.0	0.0
contig_1166386|provirus_8275_49494	0.0	0.0	1.0310627526905591	0.0	0.0	0.0	0.0	0.0	0.0	0.0	0.0	0.0	0.0	0.0	0.0	0.0	0.0	0.0	0.0	0.0	0.0	0.0	0.0	0.0	0.0	0.0
contig_1166389|provirus_4426_40436	0.3095185700282174	0.0	0.27514763940020465	0.0	0.0	0.0	0.0	0.0	0.0	0.0	0.0	0.0	0.0	0.0	0.0	2.932219089683865	0.0	0.0	0.0	0.0	0.0	0.0	0.0	0.0	0.0	0.0
contig_1166390|provirus_6167_40003	0.0	0.0	6.286383800221525	0.0	0.0	0.0	0.0	0.0	0.0	0.0	0.0	0.0	0.0	0.0	0.0	0.0	0.0	0.0	0.0	15.123372583335138	8.01851593181998	10.181236405747635	0.0	0.0	0.0	4.920607467618794
contig_1166397	0.0	0.0	3.225062319014242	4.618027771347927	0.0	0.8338879798178389	0.0	4.779150882002667	0.0	0.0	0.0	0.0	0.0	0.0	0.0	0.0	0.0	0.0	0.0	14.47390505904061	2.553408384356483	0.0	1.7296621021546343	0.0	8.531091747692251	0.0
contig_1166402	1.3246793314263248	0.0	0.568796958244758	0.0	0.0	0.0	0.0	0.0	0.0	0.0	0.0	0.0	0.0	0.0	0.0	0.0	0.0	0.0	0.0	0.0	0.0	0.0	0.0	0.0	0.0	0.0
contig_1166429	13.431676716395577	10.449030851580371	11.563140245356603	9.449797738302648	18.678730241977703	19.27743398523719	13.000662562833734	9.471359785079096	0.0	13.118790646391515	14.509507333177256	14.81496627521258	8.582426129958916	13.830457862654038	0.0	10.461689477561622	0.0	0.0	0.0	27.859893787730737	14.819049420213021	19.180796280047087	12.232057691340744	4.915921866673527	18.918892775761574	16.819089801588454
contig_1166431	0.0	0.0	1.6523060808662824	0.0	0.0	0.0	0.0	0.0	0.0	0.0	0.0	0.0	0.0	0.0	0.0	0.0	0.0	0.0	0.0	0.0	0.0	0.0	0.0	0.0	0.0	0.0
contig_1166482	0.0	0.0	0.0	0.0	0.0	0.0	0.0	0.0	0.0	0.0	0.0	0.0	0.0	0.0	0.0	2.1098000772743375	0.0	0.0	0.0	0.0	0.0	0.0	0.0	0.0	0.0	0.0
contig_1166503	0.0	0.0	0.0	0.0	0.0	0.0	0.0	0.0	0.0	2.5013898368758416	0.0	0.0	0.0	0.0	0.0	0.0	0.0	0.0	0.0	0.0	0.0	0.0	0.0	0.0	0.0	0.0
contig_1166555	1.7508408933263613	0.0	0.0	0.0	0.0	0.0	0.0	0.0	0.0	0.0	0.0	0.0	0.0	0.0	0.0	0.0	0.0	0.0	0.0	0.0	0.0	0.0	0.0	0.0	0.0	0.0
contig_1166556	4.875218014257323	9.616751956790086	11.766973595383757	0.0	11.29454364130382	3.86903982971429	2.044669257757055	4.233624013789219	0.0	3.008850237377929	0.0	10.450031813384339	2.420012717783504	3.4715135258593257	0.0	7.619195963996755	0.0	0.0	0.0	19.164961713664656	11.253375279127598	9.270134203349368	2.9921573650471003	2.276247593697655	7.219887193116713	13.449762898370162
contig_1166562	2.9072438384862855	0.0	4.25592301206627	0.0	0.0	0.0	0.0	0.0	0.0	0.0	0.0	0.0	0.0	0.0	0.0	0.0	0.0	0.0	0.0	0.0	0.0	0.0	0.0	0.0	0.0	0.0
contig_1166563	34.075104382998745	23.284782435820667	34.12077060177489	14.870572436298588	16.54846683227777	13.173592303510635	17.615616525362764	17.36748916244945	6.7911917715974015	17.985997312827024	19.382049847616628	28.052506345361515	5.990324880227738	14.772195599527999	0.0	26.3309596328569	0.0	0.0	0.0	63.98995369965206	31.21022630740147	28.244618267414737	25.910406696582044	10.693340160163286	20.37664642458061	30.577690171312653
contig_1166594	0.9595121233839746	0.0	0.0	0.0	0.0	0.0	0.0	0.0	0.0	0.0	0.0	0.0	0.0	0.0	0.0	0.0	0.0	0.0	0.0	0.0	0.0	0.0	0.0	0.0	0.0	0.0
contig_1166597	0.6600216522503751	0.0	0.4144560794973904	0.0	0.0	0.0	0.0	0.0	0.0	0.0	0.0	0.0	0.0	0.0	0.0	0.0	0.0	0.0	0.0	0.0	0.0	0.0	0.0	0.0	4.045655176974972	0.0
contig_1166607	0.0	0.0	1.80084129987434	0.0	0.0	0.0	0.0	0.0	0.0	0.0	0.0	0.0	0.0	0.0	0.0	0.0	0.0	0.0	0.0	0.0	0.0	0.0	0.0	0.0	0.0	0.0
contig_1166622	8.355249958735625	4.2163845966532	6.558910143331575	0.0	0.0	0.0	5.917152486196975	4.12916911746075	0.0	0.0	3.845105013497375	3.85280692277665	0.0	0.0	0.0	6.62526611046885	0.0	0.0	0.0	8.027400995384925	3.120940942947	17.5706054007222	42.350386457302655	6.326022448172257	2.343149848220425	0.0
contig_1166697	3.35730751487064	8.86831662697736	5.50240721199353	4.94560287490192	2.75899041187143	7.352629562422299	4.63491697283486	0.0	0.0	7.769041398147161	2.9265778242755003	1.59854441074819	13.21856113268056	1.35588556653766	0.0	13.010746697742372	0.0	0.0	0.0	3.7746794872850105	5.413723602168281	15.27448467344191	1.99728510919511	2.59580042466332	0.0	4.38589261997395
contig_1166736	0.3445636491694898	0.0	0.3596276750127193	0.0	0.0	0.0	0.0	0.0	0.0	0.0	0.0	0.0	0.0	0.0	0.0	1.464356421257118	0.0	0.0	0.0	0.0	0.0	0.0	0.0	0.0	0.0	0.0
contig_1166738	4.595270746302327	0.0	1.4067390171146579	0.0	0.0	0.0	0.0	0.0	0.0	0.0	0.0	3.5603355127781167	0.0	0.0	0.0	0.9452714259710022	0.0	0.0	0.0	0.0	0.0	0.0	2.301953826472313	0.0	8.45511584277004	0.0
contig_1166739	3.634767927093013	0.0	2.1218438437424645	0.0	0.0	0.0	3.323126687526325	0.0	0.0	0.0	0.0	0.0	0.0	0.0	0.0	4.60404650217871	0.0	0.0	0.0	12.546349153497719	0.0	3.3109171625470686	0.0	0.0	0.0	0.0
contig_1166833	8.423075021990632	0.0	7.4156506111699	0.0	0.0	0.0	0.0	0.0	0.0	3.947035877183893	0.0	0.0	0.0	0.0	0.0	0.0	0.0	0.0	0.0	0.0	0.0	0.0	0.0	0.0	0.0	0.0
contig_1166995	0.0	0.0	0.0	0.0	0.0	0.0	0.0	0.0	0.0	0.0	0.0	0.0	0.0	0.0	0.0	14.373863752269001	0.0	0.0	0.0	0.0	1.0930892994169115	0.0	0.0	0.0	0.0	0.0
contig_1167654	0.49133448762086485	0.0	0.0	0.0	0.0	0.0	0.0	0.0	0.0	0.0	0.0	0.0	0.0	0.0	0.0	0.0	0.0	0.0	0.0	0.0	0.0	0.0	0.0	0.0	0.0	0.0
contig_1167662	12.761226948627234	12.909574623796667	18.975382480551186	8.77429084458225	0.0	10.011515434339334	10.538637670975584	8.4219443862091	0.0	30.58346589584045	21.938809144106816	7.881106632168567	0.9203652247573699	4.976352093943166	0.0	19.40630841010465	0.0	0.0	0.0	36.64305721404032	0.0	19.01843430313963	0.0	4.12703274630511	5.093180855317933	0.0
contig_1167674	0.0	0.0	0.0	0.0	0.0	0.0	0.0	0.0	0.0	0.0	0.0	0.0	0.0	0.0	0.0	4.812906352259156	0.0	0.0	0.0	0.0	0.0	0.0	0.0	0.0	0.0	0.0
contig_1167679	0.0	0.0	0.0	0.0	0.0	0.0	0.0	0.0	0.0	0.0	0.0	0.0	0.0	0.0	0.0	16.30818438109355	0.0	0.0	0.0	0.0	0.0	0.0	0.0	0.0	0.0	0.0
contig_1167695	33.57384914636324	0.0	0.0	0.0	0.0	0.0	0.0	0.0	0.0	0.0	0.0	0.0	0.0	0.0	0.0	0.0	0.0	0.0	0.0	0.0	0.0	7.873538710393786	0.0	0.0	0.0	0.0
contig_1167696	0.7127213896731769	0.0	0.0	0.0	0.0	0.0	0.0	0.0	0.0	0.0	0.0	0.0	0.0	0.0	0.0	0.0	0.0	0.0	0.0	0.0	0.0	0.0	0.0	0.0	0.0	0.0
contig_1167714	1.2961133729780125	0.0	0.0	0.0	0.0	0.0	0.0	0.0	0.0	0.0	0.0	0.0	0.0	0.0	0.0	0.0	0.0	0.0	0.0	0.0	0.0	0.0	0.0	0.0	0.0	0.0
contig_1167720	7.936248795893065	10.459823475032277	16.746210694067493	0.0	13.343353175109936	11.348298198598654	0.0	7.243620552491709	0.0	10.146190625534453	20.55161739386852	15.701076884930512	10.698087623545462	0.0	0.0	29.126185538702547	0.0	0.0	0.0	20.030054572098177	15.99139012921451	34.58460046671161	16.033383884149703	0.0	0.0	14.176734589634334
contig_1167724	3.110019450025355	0.0	0.0	0.0	0.0	0.0	4.9931833338757645	0.0	0.0	0.0	0.0	2.536023352022935	0.0	0.0	0.0	0.0	0.0	0.0	0.0	0.0	0.0	0.0	0.0	0.0	0.0	0.0
contig_1167729	80.9135568654578	73.46539787858427	110.66677103978108	108.78569475616347	136.71280378391668	136.67045219734294	129.30482407051528	60.49080972780598	80.39863176141807	262.64292985685654	231.30902557886546	115.3089322548669	74.98142016202073	83.33590592226066	15.012516377799617	272.0186963673504	58.793618602402226	0.0	0.0	195.12154545855725	134.84024524726334	114.97625185024812	55.51701239574709	53.788167137971655	0.0	83.29713075491765
contig_1167742	0.0	0.0	0.0	0.0	0.0	0.0	0.0	0.0	0.0	0.0	0.0	0.0	0.0	0.0	0.0	0.0	0.0	0.0	0.0	0.0	0.0	0.0	0.0	0.0	9.703140431021701	0.0
contig_1167746	1.8748606260805556	0.0	4.3948478640216555	0.0	0.0	3.9476944063286448	8.95868722403831	6.714575178337956	0.0	0.0	5.364425533811878	9.131418779936366	6.232505846285146	0.0	0.0	0.0	0.0	0.0	0.0	0.0	12.68613815873612	6.7925636533488	0.0	0.0	0.0	0.0
contig_1167747	0.0	0.0	0.0	0.0	0.0	0.0	0.0	0.0	0.0	0.0	0.0	0.0	0.0	0.0	0.0	5.6449661527134625	0.0	0.0	0.0	30.598854440801208	0.0	0.0	0.0	0.0	0.0	0.0
contig_1167775	1.3656750310600239	0.0	0.0	0.0	0.0	0.0	0.0	0.0	0.0	0.0	0.0	0.0	0.0	0.0	0.0	0.0	0.0	0.0	0.0	0.0	0.0	0.0	0.0	0.0	0.0	0.0
contig_1167786	0.0	0.0	0.0	0.0	0.0	0.0	0.0	0.0	0.0	0.0	0.0	0.0	0.0	0.0	0.0	19.65787726363105	0.0	0.0	0.0	0.0	0.0	0.0	0.0	0.0	0.0	0.0
contig_1167819	0.33884970733498915	0.0	0.0	0.0	0.0	0.0	0.0	0.0	0.0	0.0	0.0	0.0	0.0	0.0	0.0	0.0	0.0	0.0	0.0	0.0	0.0	0.0	0.0	0.0	0.0	0.0
contig_1167831	1.1582982090782397	0.0	0.2851513635677462	0.0	0.0	0.0	0.0	0.0	0.0	0.0	0.0	0.0	0.0	0.0	0.0	0.0	0.0	0.0	0.0	0.0	0.0	0.0	0.0	0.0	0.0	0.0
contig_1167860	0.702789699955739	0.0	0.0	0.0	10.178662359106987	6.000548270439287	1.7237234987385635	0.0	0.0	0.0	0.0	5.935002589424378	0.0	0.0	0.0	3.095019149012251	0.0	0.0	0.0	0.0	3.420621024679486	0.0	0.0	0.0	0.0	1.536010090240839
contig_1167865	0.0	0.0	0.0	0.0	0.0	0.0	0.0	0.0	0.0	0.0	0.0	0.0	0.0	0.0	0.0	8.77940755614475	0.0	0.0	0.0	0.0	0.0	0.0	0.0	0.0	0.0	0.0
contig_1167883	0.0	0.0	0.0	0.0	0.0	0.0	0.0	0.0	0.0	0.0	7.847368055707718	0.0	0.0	0.0	0.0	0.0	0.0	0.0	0.0	0.0	0.0	0.0	0.0	0.0	0.0	0.0
contig_1167903	1.9019912291764918	0.0	0.5193573165298225	0.0	0.0	0.0	0.0	0.0	0.0	0.0	0.0	2.5989897194571836	0.0	0.0	0.0	0.0	0.0	0.0	0.0	0.0	0.0	0.0	0.0	0.0	0.0	0.0
contig_1167922	3.0382495752698415	0.0	0.0	0.0	0.0	0.0	0.0	0.0	0.0	0.0	0.0	1.6150442619823833	0.0	0.0	0.0	0.0	0.0	0.0	0.0	5.53875266989305	0.0	0.0	0.0	0.0	0.0	0.0
contig_1167935	0.4738254251854414	2.0647720362664073	0.0	0.0	0.0	0.0	0.0	0.0	0.0	0.0	0.0	0.0	0.0	0.0	0.0	0.0	0.0	0.0	0.0	0.0	0.0	0.0	0.0	0.0	0.0	0.0
contig_1167944	3.199215584121646	0.0	1.1806544828602454	0.0	0.0	0.0	0.0	0.0	0.0	0.0	0.0	2.6194880977455544	0.0	0.0	0.0	0.0	0.0	0.0	0.0	0.0	0.0	0.0	0.0	0.0	0.0	0.0
contig_1167982	1.9049852365630333	10.462807264161233	0.0	0.0	0.0	0.0	9.912143908957768	0.0	0.0	5.09192615540415	0.0	0.0	0.0	0.0	0.0	3.2971759347171	0.0	0.0	0.0	0.0	0.0	0.0	1.8297890359081332	0.0	0.0	0.0
contig_1167997	2.4937029987850026	0.0	0.0	0.0	12.71018922997835	0.0	0.0	0.0	0.0	0.0	0.0	0.0	0.0	3.716713202949825	0.0	0.0	0.0	0.0	0.0	0.0	0.0	0.0	0.0	3.3205811090404	0.0	12.13431546107955
contig_1168064	8.44932229049873	0.0	4.992019525196071	0.0	0.0	0.0	0.0	0.0	0.0	0.0	0.0	0.0	0.0	0.0	0.0	0.0	0.0	0.0	0.0	0.0	0.0	17.878908439206597	11.4146643346455	0.0	0.0	0.0
contig_1168134	0.0	0.0	1.1227922701938815	0.0	0.0	0.0	0.0	0.0	0.0	0.0	0.0	0.0	0.0	0.0	0.0	0.0	0.0	0.0	0.0	0.0	0.0	0.0	0.0	0.0	0.0	0.0
contig_1168814|provirus_3_16959	0.7757042156459317	0.0	0.0	0.0	0.0	0.0	0.0	0.0	0.0	0.0	0.0	0.0	0.0	0.0	0.0	0.0	0.0	0.0	0.0	0.0	0.0	0.0	0.0	0.0	0.0	0.0
contig_1168836	8.529356505870242	0.0	8.863553414591424	0.0	0.0	7.25910614080765	6.480855553976092	1.519036668067075	0.0	3.336309946639416	0.0	5.721304157927683	0.0	0.0	0.0	4.377422697644804	0.0	0.0	0.0	0.0	9.91484301144598	5.547197933347967	0.0	2.155036422453754	0.0	0.0
contig_1168840	0.0	0.0	0.0	0.0	0.0	0.0	0.0	0.0	0.0	0.0	0.0	0.0	0.0	0.0	0.0	4.410072484335384	0.0	0.0	0.0	0.0	0.0	0.0	0.0	0.0	0.0	0.0
contig_1168862	1.5788645819069769	0.0	8.073484843716354	0.0	0.0	0.0	2.3936354401176847	1.289944958685477	0.0	4.649593077323193	0.0	0.0	0.0	5.185239038461239	0.0	0.0	0.0	0.0	0.0	0.0	1.712251769716	0.0	0.0	1.2614368046959152	0.0	0.0
contig_1168897	0.0	0.0	0.0	0.0	0.0	2.569820727896825	2.5589852567047626	6.220995682454188	0.0	4.365837979463962	0.0	2.0016173564236	0.0	1.5591784489154874	0.0	0.0	0.0	0.0	0.0	0.0	0.0	0.0	0.0	0.0	0.0	0.0
contig_1169017	4.369940050119825	7.531010008590091	0.0	0.0	0.0	0.0	4.332326381313938	0.0	0.0	0.0	0.0	0.0	0.0	0.0	0.0	0.0	0.0	0.0	0.0	13.057523425517548	0.0	19.211973162294843	3.7368007143772997	0.7715082089282723	0.0	0.0
contig_1169669	14.8061176484981	0.0	0.0	0.0	0.0	22.2683325314735	0.0	0.0	0.0	0.0	0.0	0.0	0.0	0.0	0.0	15.68978085635	0.0	0.0	0.0	0.0	0.0	0.0	24.3800060277338	0.0	0.0	0.0
contig_1169740	4.566504147204822	50.11025905468709	2.7131726910505445	0.0	0.0	0.0	0.0	0.0	0.0	0.0	0.0	0.0	0.0	0.0	0.0	0.0	0.0	0.0	96.78832549682558	0.0	0.0	0.0	0.0	0.0	0.0	0.0
contig_1169753	0.0	0.0	0.0	0.0	0.0	0.0	0.0	0.0	0.0	0.0	0.0	0.0	0.0	10.667873267178962	0.0	0.0	0.0	0.0	0.0	0.0	0.0	0.0	0.0	0.0	0.0	0.0
contig_1169767	0.0	0.0	4.8287864786879835	0.0	0.0	0.0	0.0	0.0	0.0	0.0	0.0	0.0	0.0	0.0	0.0	0.0	0.0	0.0	0.0	0.0	7.287261996112734	6.064448257722483	0.0	0.0	0.0	0.0
contig_1169804	3.795106597804633	0.0	0.0	0.0	0.0	0.0	0.0	0.0	0.0	0.0	0.0	0.0	0.0	0.0	0.0	0.0	0.0	0.0	0.0	0.0	0.0	0.0	0.0	0.0	0.0	0.0
contig_1169834	0.0	0.0	0.0	0.0	0.0	0.0	0.0	0.0	0.0	0.0	0.0	0.0	0.0	0.0	0.0	2.5633026524674882	0.0	0.0	0.0	0.0	0.0	0.0	0.0	0.0	0.0	0.0
contig_1169843	1.48254518318991	0.0	0.0	0.0	0.0	0.0	0.0	0.0	0.0	2.6418439541201097	0.0	5.1330063061359805	0.0	0.0	0.0	0.0	0.0	0.0	0.0	0.0	0.0	0.0	0.0	0.0	0.0	0.0
contig_1170073	0.0	0.0	0.0	0.0	0.0	0.0	0.0	0.0	0.0	0.0	0.0	0.0	0.0	0.0	0.0	2.8918538816697694	0.0	0.0	0.0	0.0	0.0	0.0	0.0	0.0	0.0	0.0
contig_1170136	8.871648871449771	0.0	2.9130509129915003	0.0	0.0	5.828761694874172	0.0	1.5639556499313714	0.0	0.0	8.046638300717815	6.0459111380973285	1.9645768299889999	5.116163289231943	0.0	7.308542097215742	0.0	0.0	0.0	0.0	0.0	9.812141001258842	4.558210475231329	0.0	5.103048204666143	0.9311161106139615
contig_1170200	0.0	0.0	0.0	0.0	0.0	0.0	0.0	0.0	0.0	0.0	0.0	0.0	0.0	0.0	0.0	15.230762664093321	0.0	0.0	0.0	0.0	0.0	0.0	0.0	0.0	0.0	0.0
contig_1170206	0.0	0.0	1.35307603688315	0.0	0.0	0.0	0.0	0.0	0.0	0.0	0.0	0.0	0.0	0.0	0.0	0.0	0.0	0.0	0.0	0.0	0.0	0.0	0.0	0.0	0.0	0.0
contig_1170257	0.0	0.0	0.0	0.0	0.0	0.0	0.0	0.0	0.0	0.0	0.0	0.0	0.0	0.0	0.0	12.523959461692208	0.0	0.0	0.0	0.0	0.0	0.0	0.0	0.0	0.0	0.0
contig_1170258	2.0752688510764172	0.0	2.4559605928294377	0.0	0.0	0.0	0.0	0.0	0.0	0.5231401757756774	0.0	0.0	0.0	0.0	0.0	15.828938735347277	0.0	0.0	0.0	0.0	0.0	0.0	0.0	0.0	0.0	0.0
contig_1170268	0.0	2.74101790969165	0.0	0.0	0.0	0.0	0.0	0.0	0.0	0.0	0.0	0.0	0.0	0.0	0.0	6.2658106723976	0.0	0.0	0.0	0.0	0.0	0.0	0.0	0.0	0.0	7.484816191895837
contig_1170320	0.0	0.0	0.8406011278180258	0.0	0.0	0.0	0.0	0.0	0.0	0.0	0.0	0.0	0.0	0.0	0.0	2.031564329728	0.0	0.0	0.0	0.0	5.59428863745441	0.0	0.0	0.0	0.0	0.0
contig_1170514	28.37426458444035	12.090592187693483	20.509608363737655	14.32028822433161	39.23075513650804	4.066214603417339	29.564734445142758	14.055654012240884	8.868719419661005	6.325487397759805	21.677416114129315	8.274224526327323	3.1672264163218276	20.59758555322484	0.0	24.436917600621626	0.0	0.0	0.0	72.4778343289957	15.667422855408539	21.960029837294538	20.922135794117693	13.062947495516994	10.446838249666705	15.26974463362105
contig_1170543	0.0	0.0	0.0	0.0	0.0	0.0	0.0	0.0	0.0	3.2706646010645817	0.0	0.0	0.0	0.0	0.0	0.0	0.0	0.0	0.0	0.0	0.0	0.0	0.0	0.0	0.0	0.0
contig_1170602	0.0	8.22719271280246	5.36716698150693	0.0	0.0	0.0	0.0	0.0	0.0	0.0	0.0	0.0	0.0	0.0	0.0	0.0	0.0	0.0	0.0	0.0	0.0	0.0	0.0	0.0	0.0	1.76271055266912
contig_1170617	0.0	0.0	0.0	0.0	0.0	0.0	0.0	0.0	0.0	0.0	0.0	0.0	0.0	0.0	0.0	6.329132241720911	0.0	0.0	0.0	0.0	0.0	0.0	0.0	0.0	0.0	0.0
contig_1170639	0.0	0.0	0.0	0.0	0.0	0.0	0.0	0.0	0.0	0.0	0.0	0.0	0.0	0.0	0.0	21.27860126511564	0.0	0.0	0.0	0.0	0.0	0.0	0.0	0.0	0.0	0.0
contig_1170644	0.0	0.0	0.0	0.0	0.0	0.0	0.0	0.0	0.0	0.0	0.0	0.0	0.0	0.0	0.0	8.721746635547325	0.0	0.0	0.0	0.0	0.0	0.0	0.0	0.0	0.0	0.0
contig_1170795	0.0	0.0	0.0	0.0	0.0	0.0	0.0	0.0	0.0	0.0	0.0	0.0	0.0	0.0	0.0	5.669458276674599	0.0	0.0	0.0	0.0	0.0	0.0	0.0	0.0	0.0	0.0
contig_1170796	0.0	0.0	0.0	0.0	0.0	0.0	4.356606575466933	0.0	0.0	0.0	0.0	0.0	0.0	0.0	0.0	0.0	0.0	0.0	0.0	0.0	0.0	0.0	0.0	0.0	0.0	0.0
contig_1170830	0.0	0.0	0.8258537396106894	0.0	0.0	0.0	0.0	0.0	0.0	0.0	0.0	0.0	0.0	0.0	0.0	0.0	0.0	0.0	0.0	0.0	0.0	0.0	0.0	0.0	0.0	0.0
contig_1170837	27.018587888019855	26.984695708334456	36.409568660832015	0.0	18.71954748032639	17.220206904131846	43.69527393278765	23.07077111481503	0.0	11.985006094009208	11.881335826191684	46.061204205676326	0.0	38.127871653061845	0.0	12.446942967221435	0.0	0.0	0.0	62.38802683525143	39.49834715575785	33.669190501080834	37.36496002078774	8.97121642414178	28.841636118501473	37.08767769854337
contig_1170838	10.501356194253255	0.0	12.459304838761815	0.0	1.556060408450289	2.1695390871144	0.0	0.0	0.0	0.0	17.26402587424873	21.125405538946485	0.0	0.0	0.0	0.0	0.0	0.0	0.0	0.0	4.401120081329089	0.0	7.3430705516490224	0.8575161811987323	5.729142810707955	14.376711901807719
contig_1170886	0.0	0.0	0.0	0.0	0.0	0.0	0.0	0.0	0.0	0.0	0.0	0.0	0.0	0.0	0.0	0.9569741914616033	0.0	0.0	0.0	0.0	0.0	0.0	0.0	0.0	0.0	0.0
contig_1170935	0.9973672080606713	0.0	0.0	0.0	0.0	0.0	0.0	0.0	0.0	0.0	0.0	0.0	0.0	0.0	0.0	0.0	0.0	0.0	0.0	0.0	0.0	0.0	0.0	0.0	0.0	0.0
contig_1170940	2.07690677652945	1.7404734732417	6.433400631567288	0.0	9.806612931455984	2.102462246987525	2.0842924833176126	2.106071482487375	0.0	3.07465668702915	3.999778453202562	2.94767054464205	0.0	4.000343231770687	0.0	0.0	0.0	0.0	0.0	17.452662466680685	26.01548926841839	0.0	2.301835675490825	11.864563263939324	5.736562607132562	6.0938082517995245
contig_1170989	0.0	0.0	3.6315152999569933	0.0	0.0	0.0	0.0	0.0	0.0	0.0	0.0	0.0	0.0	0.0	0.0	0.0	0.0	0.0	0.0	0.0	0.0	0.0	0.0	0.0	0.0	0.0
contig_1171129	0.0	0.0	0.0	0.0	0.0	0.0	0.0	0.0	0.0	0.0	0.0	0.0	0.0	0.0	0.0	10.298255633832182	0.0	0.0	0.0	0.0	0.0	0.0	0.0	0.0	0.0	0.0
contig_1171166	3.1896201287891666	2.920694118555678	0.0	0.0	2.1351069464274777	0.0	0.0	0.0	0.0	0.0	0.0	0.0	0.0	0.0	0.0	0.0	0.0	0.0	0.0	25.240572014608823	0.0	0.0	0.0	0.0	3.2274292026618334	0.0
contig_1171221	0.0	0.0	0.0	0.0	0.0	0.0	12.4470884650966	0.0	0.0	8.683204642576221	0.0	0.0	0.0	0.0	0.0	0.0	0.0	0.0	0.0	0.0	0.0	0.0	0.0	0.0	0.0	0.0
contig_1171503|provirus_3_42032	0.4375339420049988	0.0	0.0	0.0	0.0	0.0	0.0	4.6092636138421765	0.0	2.9624395493862687	0.0	10.273729330753548	0.0	0.0	0.0	4.302887687475531	0.0	0.0	0.0	27.671852591740276	0.0	0.0	0.0	0.0	0.0	0.0
contig_1171676	4.2042158894670205	0.0	0.959853435321928	0.0	0.0	0.0	0.0	0.0	0.0	5.43430617641856	0.0	0.0	0.0	0.0	0.0	3.1896882035946303	0.0	0.0	0.0	0.0	0.0	0.0	0.0	0.0	0.0	0.0
contig_1171976	0.0	0.0	0.20478977157161957	0.0	0.0	0.0	0.0	0.0	0.0	0.0	0.0	0.0	0.0	0.0	0.0	0.0	0.0	0.0	0.0	0.0	0.0	0.0	0.0	0.0	0.0	0.0
contig_1172047	0.0	0.0	0.6463517874428993	0.0	0.0	0.0	0.0	0.0	0.0	0.0	0.0	0.0	0.0	0.0	0.0	0.0	0.0	0.0	0.0	0.0	0.0	0.0	0.0	0.0	0.0	0.0
contig_1172136	0.0	0.0	0.0	0.0	0.0	0.0	0.0	0.0	0.0	0.36536424021634795	0.0	0.0	0.0	0.0	0.0	0.0	0.0	0.0	0.0	0.0	0.0	0.0	0.0	0.0	0.0	0.0
contig_1172166	0.0	0.0	0.0	0.0	0.0	0.0	3.6706726164629133	0.0	0.0	0.0	10.258930448424984	0.0	0.0	0.0	0.0	0.0	0.0	0.0	0.0	0.0	0.0	0.0	0.0	0.0	0.0	0.0
contig_1172178	0.0	0.0	1.771519810167311	0.0	0.0	0.0	0.0	0.0	0.0	0.0	0.0	0.0	0.0	0.0	0.0	0.0	0.0	0.0	0.0	0.0	0.0	0.0	0.0	0.0	0.0	0.0
contig_1172211	0.0	0.0	0.0	0.0	0.0	0.0	0.0	0.0	0.0	4.6045839872724335	0.0	0.0	0.0	0.0	0.0	0.0	0.0	0.0	0.0	0.0	0.0	0.0	0.0	0.0	0.0	0.0
contig_1172261	0.28059853540555385	0.0	0.0	0.0	0.0	0.0	0.0	0.0	0.0	0.0	0.0	0.0	0.0	0.0	0.0	0.0	0.0	0.0	0.0	0.0	0.0	0.0	0.0	0.0	0.0	0.0
contig_1172262	2.500748522137111	0.0	5.133523217405489	0.0	0.0	0.0	0.0	4.629622008696972	0.0	0.0	0.0	0.0	0.0	0.0	0.0	0.0	0.0	0.0	0.0	0.0	0.0	15.493249959750834	0.0	0.0	16.464587275868844	0.0
contig_1172265|provirus_1367_84724	0.14414983440605472	0.0	1.322343542241319	0.0	0.0	0.0	0.0	0.0	0.0	0.0	0.0	0.0	0.0	0.0	0.0	2.7089674241825783	0.0	0.0	0.0	0.0	0.0	0.0	0.0	0.0	0.0	0.0
contig_1172266	0.0	0.0	0.8162726150013183	0.0	0.0	0.0	0.0	0.0	0.0	0.0	0.0	0.0	0.0	0.0	0.0	0.0	0.0	0.0	0.0	0.0	0.0	0.0	0.0	0.0	0.0	0.0
contig_1172597	17.919229119678537	11.339605242369995	10.906604986375683	0.0	12.5113154225919	32.24146645517015	24.085341482297856	7.693092983807529	1.8082778525000356	11.844065954593114	11.468626335545565	13.284944734972864	4.525391384206736	7.384847053488835	0.0	7.316638320842607	0.0	0.0	0.0	32.8170229695317	15.38970699023219	14.803057937782686	19.372634997538565	6.7778012876828715	16.341094888363322	18.42976157641686
contig_1172940	7.452692224201977	0.0	0.0	0.0	0.0	0.0	0.0	0.0	0.0	0.0	0.0	0.0	0.0	0.0	0.0	0.0	0.0	0.0	0.0	0.0	0.0	0.0	0.0	0.0	0.0	1.4955227459719533
contig_122792	3.43963852921054	0.0	0.0	0.0	0.0	0.0	0.0	0.0	0.0	0.0	0.0	0.0	0.0	0.0	0.0	0.0	0.0	0.0	0.0	0.0	0.0	0.0	0.0	0.0	0.0	0.0
contig_124473|provirus_16136_28854	1.693771402471065	0.0	0.6269212738945766	0.0	0.0	0.0	0.0	0.0	0.0	0.0	0.0	0.0	0.0	0.0	0.0	2.962198439251948	0.0	0.0	0.0	0.0	0.0	0.0	0.0	0.0	0.0	0.0
contig_144297	1.7533371459416105	0.0	4.437201710670588	0.0	0.0	0.0	3.112293727126193	4.173155672604924	0.0	1.2200081501119286	0.0	0.0	0.0	0.0	0.0	2.337396445420388	0.0	0.0	0.0	0.0	0.0	0.0	0.0	0.0	2.4436730027801117	0.0
contig_144371|provirus_9806_26026	7.206441899143596	4.918128452619646	5.743973446625429	0.0	0.0	8.416321564885319	5.583309851401253	2.1479729046698064	0.0	0.0	0.0	6.262345805002794	0.0	8.642401330394593	0.0	5.367292033332771	0.0	0.0	0.0	6.4294375827365995	4.20945998026825	10.266769179677617	2.279820590912477	4.617282053506127	2.066666028798254	0.0
contig_14867|provirus_9358_58859	8.72457485257198	7.003191705913096	8.568210598753549	0.0	11.263442754728164	5.190841926422845	11.62683849585264	6.474113911674934	0.0	6.445410186474907	8.571229627951574	9.227850490062973	5.861264990504409	10.640390037276145	0.0	13.609632220850342	0.0	0.0	0.0	14.730341201090488	15.696549324854601	9.208491563670291	11.360521218234636	7.522137722256887	10.405272179193078	9.357250219469224
contig_15208	1.725220491865475	3.866364704671725	2.1833508240957626	0.0	0.0	0.0	2.00960913667795	0.0	0.0	6.33204041926485	0.0	7.487431208016525	0.0	3.9759050447345	0.0	13.550223191216737	0.0	0.0	0.0	0.0	0.0	24.811244725804126	5.1246131091190374	0.0	0.0	0.0
contig_15492|provirus_36840_63654	7.2517206004454335	0.0	5.035600523670569	0.0	0.0	0.0	0.0	0.0	0.0	0.0	0.0	7.024801634219359	0.0	0.0	0.0	0.0	0.0	0.0	0.0	0.0	0.0	0.0	0.0	0.0	0.0	0.0
contig_167375|provirus_235_72104	0.0	0.0	1.0791291761453299	0.0	0.0	0.0	0.0	0.0	0.0	0.0	0.0	0.0	0.0	0.0	0.0	0.0	0.0	0.0	0.0	0.0	0.0	0.0	0.0	0.0	0.0	0.0
contig_171280	4.21055148081455	0.0	0.0	0.0	0.0	0.0	0.0	0.0	0.0	0.0	0.0	0.0	0.0	0.0	0.0	0.0	0.0	0.0	0.0	0.0	0.0	0.0	0.0	0.0	0.0	0.0
contig_175464|provirus_16983_28205	0.0	0.0	8.833982299986513	0.0	0.0	0.0	0.0	0.0	0.0	0.0	0.0	0.0	0.0	0.0	0.0	0.0	0.0	0.0	0.0	0.0	0.0	0.0	0.0	0.0	0.0	0.0
contig_194888	0.0	0.0	0.0	0.0	0.0	0.0	0.0	0.0	0.0	0.0	0.0	0.0	0.0	0.0	0.0	15.098553020803829	0.0	0.0	0.0	35.90137724921776	0.0	0.0	0.0	0.0	0.0	0.0
contig_209524|provirus_1_32106	2.8976040017170916	0.0	3.200384003616428	0.0	0.0	0.0	0.0	0.0	0.0	0.0	0.0	0.0	0.0	0.0	0.0	0.0	0.0	0.0	0.0	0.0	0.0	0.0	0.0	0.0	0.0	0.0
contig_212012	0.5044552776253015	1.406877852203169	0.0	0.0	0.0	0.0	0.0	0.0	0.0	0.0	0.0	1.3237178364921154	0.0	0.0	0.0	5.799218455475739	0.0	0.0	0.0	6.656120202157807	0.0	5.004537432840762	0.0	0.0	0.0	0.0
contig_214361	0.0	0.0	0.0	0.0	0.0	0.0	0.0	10.32614734801591	0.0	0.0	0.0	0.0	0.0	0.0	0.0	0.0	0.0	0.0	0.0	0.0	0.0	0.0	0.0	0.0	0.0	0.0
contig_222952	1.7693824583098998	0.0	0.0	0.0	0.0	0.0	0.0	0.0	0.0	0.0	0.0	0.0	0.0	0.0	0.0	6.234319403598284	0.0	0.0	0.0	0.0	0.0	0.0	0.0	0.0	0.0	0.0
contig_227074|provirus_19638_36673	0.0	0.0	0.0	0.0	0.0	0.0	0.0	0.0	0.0	0.0	0.0	0.0	0.0	0.0	0.0	8.212291747617458	0.0	0.0	0.0	0.0	0.0	0.0	0.0	0.0	0.0	0.0
contig_229518|provirus_21050_53109	0.0	0.0	0.0	0.0	0.0	0.0	0.0	1.1334491789572334	0.0	0.0	0.0	0.0	0.0	0.0	0.0	0.0	0.0	0.0	0.0	0.0	0.0	0.0	0.0	0.0	0.0	0.0
contig_236878|provirus_17389_35731	0.0	0.0	14.849947843815825	0.0	0.0	0.0	0.0	0.0	0.0	0.0	0.0	0.0	0.0	0.0	0.0	0.0	0.0	0.0	0.0	0.0	8.822542778213153	0.0	0.0	0.0	24.917351391574854	0.0
contig_236974	0.0	0.0	0.0	0.0	0.0	0.0	0.0	0.0	0.0	0.0	0.0	0.0	0.0	0.0	0.0	0.0	0.0	0.0	0.0	0.0	0.0	0.0	12.541172671157875	0.0	0.0	17.555376703810243
contig_236983	0.0	0.0	5.899899115778785	0.0	0.0	0.0	0.0	0.0	0.0	0.0	0.0	0.0	0.0	0.0	0.0	0.0	0.0	0.0	0.0	0.0	0.0	0.0	0.0	0.0	15.843908476849586	0.0
contig_238625	6.364202628935873	0.0	0.0	0.0	0.0	0.0	0.0	0.0	0.0	0.0	0.0	0.0	0.0	0.0	0.0	0.0	0.0	0.0	0.0	0.0	0.0	0.0	0.0	0.0	0.0	0.0
contig_241906	0.0	0.0	0.0	0.0	0.0	0.0	0.0	0.0	0.0	0.0	0.0	0.0	0.0	0.0	0.0	0.0	0.0	0.0	0.0	0.0	0.0	0.0	28.717147324197764	0.0	0.0	0.0
contig_247912	0.0	0.0	0.0	0.0	0.0	0.0	0.0	0.0	0.0	0.0	0.0	0.0	0.0	0.0	0.0	3.169890985429133	0.0	0.0	0.0	0.0	0.0	0.0	0.0	0.0	0.0	0.0
contig_261016	2.0320162302795612	0.0	2.6835422922083025	0.0	0.0	0.0	0.0	0.0	0.0	0.0	0.0	0.0	0.0	0.0	0.0	0.0	0.0	0.0	0.0	0.0	0.0	0.0	0.0	0.0	0.0	0.0
contig_261033|provirus_762_11006	0.0	0.0	0.0	0.0	0.0	0.0	0.0	0.0	7.380345176022032	0.0	0.0	0.0	0.0	0.0	0.0	0.0	0.0	0.0	0.0	0.0	0.0	0.0	0.0	0.0	0.0	0.0
contig_261041	0.0	0.0	1.3130339278439418	0.0	0.0	0.0	0.0	0.0	0.0	0.0	0.0	0.0	0.0	0.0	0.0	0.0	0.0	0.0	0.0	0.0	0.0	0.0	0.0	0.0	0.0	0.0
contig_262616	0.0	0.0	0.0	0.0	0.0	0.0	0.0	0.0	0.0	0.0	0.0	0.0	0.0	0.0	0.0	29.2826017870251	0.0	0.0	0.0	0.0	0.0	0.0	0.0	0.0	0.0	0.0
contig_28854	3.141913501386988	0.0	5.379486993607176	0.0	0.0	0.0	1.3001679704092715	2.2612485640477282	0.0	7.256544811710352	0.0	0.5943394062555857	0.0	0.0	0.0	6.415747262012624	0.0	0.0	0.0	0.0	0.0	0.0	0.0	0.0	0.0	0.0
contig_295234	0.0	0.0	1.0056646220077474	0.0	0.0	0.0	0.0	0.0	0.0	0.0	0.0	0.0	0.0	0.0	0.0	0.0	0.0	0.0	0.0	0.0	0.0	0.0	0.0	0.0	0.0	0.0
contig_299549	0.0	0.0	0.0	0.0	0.0	0.0	0.0	0.0	0.0	0.0	39.82604917620401	0.0	0.0	0.0	0.0	0.0	0.0	0.0	0.0	0.0	0.0	0.0	0.0	0.0	0.0	0.0
contig_301514|provirus_69350_119718	0.0	0.0	0.0	0.0	0.0	13.419390355722035	0.0	0.0	0.0	0.0	9.315742994812648	0.0	0.0	0.0	0.0	0.0	0.0	0.0	0.0	25.147739178821666	0.0	0.0	0.0	0.0	0.0	0.0
contig_304067|provirus_8614_54127	9.296047097771126	0.0	11.480751429511967	0.0	0.0	17.665595301822748	0.0	0.0	0.0	0.0	0.0	0.0	0.0	0.0	0.0	0.0	0.0	0.0	0.0	0.0	0.0	18.400961406860706	0.0	4.424987008940353	33.40192358836814	17.48750110462981
contig_307921|provirus_7673_27693	0.0	0.0	0.0	0.0	0.0	0.0	0.0	0.0	0.0	0.0	137.37689392589095	0.0	0.0	0.0	0.0	0.0	0.0	0.0	0.0	0.0	0.0	0.0	0.0	0.0	0.0	0.0
contig_308971|provirus_238_20493	0.0	0.0	0.0	20.546910677958092	0.0	0.0	0.0	12.809660845947409	0.0	0.0	0.0	0.0	0.0	3.01610187973065	0.0	0.0	0.0	0.0	0.0	0.0	0.0	0.0	0.0	0.0	0.0	0.0
contig_308996|provirus_171925_229325	0.0	0.0	0.0	0.0	0.0	0.0	0.0	7.765017809412739	0.0	0.0	0.0	0.0	0.0	0.0	0.0	0.0	0.0	0.0	0.0	0.0	0.0	0.0	0.0	0.0	0.0	0.0
contig_313850	0.0	0.0	0.0	0.0	0.0	0.0	0.0	0.0	0.0	0.0	0.0	0.0	76.03834355425185	0.0	0.0	0.0	0.0	0.0	0.0	0.0	0.0	0.0	0.0	0.0	0.0	0.0
contig_313868|provirus_151_13636	0.0	0.0	0.0	29.04728529532776	0.0	13.254389519108003	3.9612785063925005	334.8388857689151	61.52665813475414	59.677802594170714	46.59377430307181	423.9047446724159	1297.1321180070076	821.4824831480179	7.015807538711686	3.416260033758185	55.83042398832117	0.0	63.855136276415706	6.6110431736821145	44.59707962167547	76.77738828043832	54.199812676343825	4.4825037862350054	6.5809235234190995	3.614761741732915
contig_313979|provirus_3_60591	0.0	0.0	0.0	5.911564076251104	0.0	0.0	0.0	79.05837675114778	17.67266215895238	3.6144549207206755	11.270110800734866	101.75950186926713	535.1922349046077	308.1318118992664	0.0	1.5629267799172908	17.2764763669358	0.0	0.0	0.0	7.42578381547152	11.52175738676399	12.441692703107924	0.0	0.0	0.0
contig_358936|provirus_92961_153879	0.40703357023826453	0.0	0.7387832775946976	0.0	0.0	0.0	0.0	0.0	0.0	0.0	0.0	2.6377701270705645	0.0	0.0	0.0	0.6380351053606643	0.0	0.0	0.0	0.0	0.0	0.0	0.0	0.0	0.0	0.0
contig_360107|provirus_232_45784	0.5682011315135066	0.0	0.0	0.0	0.0	0.0	0.0	0.0	0.0	0.0	0.0	0.0	0.0	0.0	0.0	0.0	0.0	0.0	0.0	0.0	0.0	0.0	0.0	0.0	0.0	0.0
contig_368926	0.0	0.0	0.0	0.0	0.0	14.10852378089159	5.2423430205414085	0.0	0.0	0.0	0.0	7.083909758193928	0.0	0.0	0.0	0.0	0.0	0.0	0.0	0.0	0.0	0.0	0.0	0.0	0.0	0.0
contig_386487|provirus_1_16086	3.886234421885917	0.0	3.902067887067464	0.0	1.0979893710514614	1.531317534458337	2.4210981184650215	0.42597249995441155	0.0	2.8857246198092614	18.508357173014893	2.6778300658876333	2.1710439643990807	3.0854807209602386	0.0	2.9493751030913984	0.0	0.0	0.0	0.0	2.3163542702016824	3.5439729443923462	0.0	0.0	7.6223410912797736	0.0
contig_386553|provirus_1_15629	0.0	0.0	2.4457951966898954	0.0	0.0	11.713915209461039	9.532307965405884	0.0	0.0	4.461282700534547	3.797730473346277	0.0	1.0915945941089	3.322008446936062	0.0	0.0	0.0	0.0	0.0	8.2985022396957	0.0	0.0	0.0	0.0	0.0	0.0
contig_386579|provirus_28226_49916	3.731696503955209	0.0	5.307899361976048	0.0	0.0	0.0	0.0	0.0	0.0	0.0	0.0	0.0	0.0	0.0	0.0	4.771568095391144	0.0	0.0	0.0	0.0	0.0	0.0	7.184951065304833	0.0	0.0	0.0
contig_390593	0.0	0.0	0.0	15.04462891869937	0.0	0.0	0.0	0.0	0.0	0.0	0.0	0.0	0.0	0.0	0.0	0.0	0.0	0.0	0.0	0.0	0.0	0.0	0.0	0.0	0.0	0.0
contig_390809	0.0	0.0	0.0	0.0	0.0	0.0	0.0	1.61828925902299	0.0	0.0	0.0	0.0	0.0	10.2019882691605	0.0	0.0	0.0	0.0	0.0	0.0	4.0761130163295665	8.92356147000526	15.587341524686142	0.0	0.0	0.0
contig_390820	0.0	0.0	0.0	0.0	0.0	0.0	0.0	0.0	0.0	0.0	0.0	0.0	0.0	32.17136367965994	0.0	0.0	0.0	0.0	0.0	0.0	0.0	0.0	26.39015693129934	0.0	0.0	0.0
contig_390911	0.0	0.0	0.0	0.0	0.0	0.0	0.0	0.0	0.0	0.0	0.0	0.0	0.0	0.0	0.0	0.0	8.44900596588044	0.0	0.0	0.0	23.79649484823626	0.0	0.0	0.0	0.0	0.0
contig_391099	0.0	0.0	0.0	58.33751155213003	28.886075574114884	0.0	8.086766724275433	11.143375238705257	0.0	0.0	0.0	0.0	0.0	0.0	0.0	0.0	0.0	0.0	0.0	0.0	0.0	0.0	53.984455558476846	0.0	0.0	0.0
contig_391265	0.0	0.0	0.0	0.0	0.0	0.0	0.0	0.0	0.0	0.0	0.0	0.0	0.0	0.0	0.0	0.0	0.0	0.0	0.0	0.0	24.385005789027556	0.0	8.341992170009178	0.0	0.0	0.0
contig_392294|provirus_308_25847	0.0	0.0	0.0	0.0	0.0	0.0	0.0	0.0	0.0	0.0	0.0	0.0	0.0	0.0	0.0	0.0	0.0	0.0	0.0	0.0	0.0	0.0	2.0986557128778163	0.0	0.0	0.0
contig_394783	0.0	0.0	0.0	0.0	0.0	10.70476615648909	1.6165304738601889	41.89766118595474	0.0	0.0	0.0	0.0	0.0	0.0	0.0	0.0	0.0	0.0	0.0	0.0	0.0	0.0	0.0	0.0	0.0	0.0
contig_394794	0.0	0.0	0.0	0.0	0.0	0.0	0.0	8.144829447099038	0.0	0.0	0.0	0.0	0.0	0.0	0.0	0.0	0.0	0.0	0.0	0.0	0.0	0.0	0.0	0.0	0.0	0.0
contig_394901	0.0	0.0	0.0	0.0	0.0	19.119757428645745	0.0	32.94309794791139	0.0	0.0	0.0	0.0	0.0	0.0	0.0	0.0	0.0	0.0	0.0	0.0	0.0	0.0	0.0	0.0	0.0	0.0
contig_394995	0.0	0.0	0.0	0.0	0.0	0.0	0.0	11.493411381765222	0.0	0.0	0.0	0.0	0.0	0.0	0.0	0.0	0.0	0.0	0.0	0.0	0.0	0.0	0.0	0.0	0.0	0.0
contig_395011	0.0	0.0	0.0	0.0	0.0	15.652730179629906	0.0	15.048793821124544	0.0	0.0	0.0	0.0	0.0	0.0	0.0	0.0	0.0	0.0	0.0	30.49315836499304	0.0	0.0	0.0	0.0	0.0	0.0
contig_395949	2.4903613532255	0.0	0.0	0.0	12.310163425827259	0.0	0.0	0.0	0.0	0.0	0.0	2.59908504974804	0.0	0.0	0.0	0.0	0.0	0.0	0.0	0.0	0.0	0.0	0.0	0.0	0.0	0.0
contig_396850	0.0	0.0	0.0	0.0	0.0	0.0	0.0	4.999874358171141	0.0	0.0	0.0	0.0	0.0	0.0	0.0	0.0	0.0	0.0	0.0	0.0	0.0	0.0	8.815582545550429	0.0	0.0	0.0
contig_398504	0.0	0.0	0.0	5.304235813788	14.93120825397577	5.635433379693097	32.48880395003333	11.467056569656814	0.0	0.0	0.0	3.9776805640121897	0.0	0.0	0.0	0.0	0.0	0.0	0.0	0.0	23.152810685997526	3.8121260470220792	10.697216750904563	19.473615569518437	13.535745853791866	6.138875902860687
contig_398731	0.0	0.0	0.0	2.760992790650937	0.0	31.278862627512247	56.67602054203254	69.40406099182893	0.0	2.219704650125183	0.0	0.0	2.3469092155472135	0.0	0.0	0.0	0.0	0.0	0.0	0.0	0.0	0.0	0.0	30.089476569189287	7.362144236656292	0.0
contig_398829	0.0	0.0	0.0	154.53624957845693	110.19605658603554	26.113541803353385	73.46828138795381	72.88360505261016	0.0	4.263757195940548	5.169916211230442	0.0	17.8782570468902	0.0	0.0	0.0	0.0	0.0	0.0	19.28669610993654	51.349542187597976	0.0	97.39820068631127	11.26235911678854	21.12648263818343	32.37662293220531
contig_399150	0.0	0.0	0.0	24.72343815427248	0.0	0.0	0.0	0.0	0.0	16.613164464473197	0.0	4.56317137678872	69.33225211073122	0.0	0.0	0.0	0.0	0.0	0.0	0.0	0.0	0.0	0.0	0.0	0.0	0.0
contig_400529	0.0	0.0	0.0	0.0	0.0	0.0	0.0	0.0	0.0	0.0	0.0	0.0	5.169478382118757	0.0	0.0	0.0	0.0	0.0	0.0	0.0	0.0	0.0	0.0	0.0	0.0	0.0
contig_400647	0.0	0.0	0.0	0.0	0.0	0.0	0.0	0.0	0.0	0.0	0.0	0.0	24.457130352399012	0.0	0.0	0.0	0.0	0.0	0.0	0.0	8.29611947332482	0.0	0.0	0.0	0.0	0.0
contig_401151	0.0	0.0	0.0	0.0	0.0	0.0	0.0	0.0	7.899245526839292	0.0	0.0	0.0	0.0	0.0	0.0	0.0	0.0	0.0	0.0	0.0	0.0	0.0	0.0	0.0	0.0	0.0
contig_402120	0.0	0.0	0.0	199.55604491148304	0.0	0.0	0.0	1442.2380632647526	75.13000276867518	56.53427655133547	75.6636085108235	921.905026140115	3032.9967338943165	3171.6605750211734	0.0	25.00981832778379	286.6721247011881	0.0	1796.429940259942	0.0	310.60162658804865	67.62169130418111	263.72834950298625	0.0	0.0	0.0
contig_402288	0.0	0.0	0.0	0.0	0.0	0.0	0.0	107.95389892232542	36.433061846034576	7.3908949548278455	3.7051409174776087	73.21487530255187	215.66316637592337	124.3194033558303	0.0	0.0	0.0	0.0	0.0	0.0	5.442643891169919	9.318641274676635	13.448669148309659	0.0	0.0	0.0
contig_402359	0.0	0.0	0.0	0.0	0.0	0.0	0.0	10.029506414313301	0.0	0.0	0.0	32.58017524676131	73.33698920327222	42.03800022451613	0.0	1.5436135438349001	0.0	0.0	0.0	0.0	0.0	0.0	2.476357090198483	0.0	0.0	0.0
contig_402399|provirus_3_34306	0.0	0.0	0.0	0.0	0.0	0.0	0.0	0.0	0.0	0.0	0.0	1.6196249790784218	5.133933805138063	82.28552522863	0.0	0.0	0.0	0.0	0.0	0.0	0.0	0.0	0.0	0.0	0.0	0.0
contig_402410	0.0	0.0	0.0	0.0	0.0	0.0	0.0	75.61930925069316	36.43405110720717	2.8841054847868	0.0	11.719673868529226	262.5887336692564	168.59922843203037	0.0	0.0	0.0	0.0	0.0	0.0	0.0	0.0	0.0	0.0	0.0	0.0
contig_402514	0.0	0.0	0.0	4.5194131618280995	0.0	0.0	0.0	164.2780019170488	37.620276110162564	0.0	0.0	204.44534550801202	1468.103984322998	507.3192399022176	0.0	0.0	0.0	0.0	0.0	0.0	28.502036380171482	0.0	5.386139775867759	0.0	0.0	0.0
contig_402567	0.0	0.0	0.0	0.0	0.0	0.0	0.0	0.0	0.0	0.0	0.0	0.0	11.04678513497409	0.0	0.0	0.0	0.0	0.0	0.0	0.0	33.140968971131834	13.27430484110531	41.977478451808544	0.0	0.0	0.0
contig_402627	0.0	0.0	0.0	0.0	0.0	0.0	0.0	0.56773937296763	0.0	0.6907029169791127	0.0	0.0	0.0	0.0	0.0	0.0	0.0	0.0	0.0	0.0	22.67528825824842	16.226953293597525	53.543080134331326	0.0	0.0	0.0
contig_402669	0.0	0.0	0.0	3.277668330178515	0.0	0.0	0.0	145.15334238391662	15.905317906219523	0.0	0.0	47.66537728232398	598.9384576710861	174.98906161395328	0.0	0.788561425767477	0.0	0.0	0.0	0.0	1.8648286600867308	13.154539777933776	7.4223822283459615	0.0	0.0	0.0
contig_402753	0.0	0.0	0.0	0.0	0.0	0.0	0.0	0.0	0.0	0.0	0.0	0.0	26.91060070713842	0.0	0.0	0.0	0.0	0.0	0.0	0.0	0.0	0.0	0.0	0.0	0.0	0.0
contig_402781	0.0	0.0	0.0	6.045577607258914	0.0	0.0	0.0	167.30193880019328	14.634537565278757	2.089486181179443	10.477514115263729	67.0672220463573	603.4536515042017	160.36406584557943	0.0	0.0	0.0	0.0	3.760762339302029	0.0	1.8556423120074859	21.77967816632733	7.141639901030345	0.0	0.0	0.0
contig_403320|provirus_110_14042	7.128605597762016	3.357287622128318	3.5547279529122076	0.0	0.0	10.32792511859237	7.015940634728174	10.573031016832978	0.0	0.0	5.233398205854685	0.6301234435075407	4.900958000743115	0.0	0.0	0.0	0.0	0.0	0.0	6.078353425641254	1.8375384845732692	12.445207143934253	0.0	2.662976087821084	4.07359360050771	1.9564630547582762
contig_403573	2.7524204336164937	0.0	6.423946175190709	0.0	0.0	0.0	17.259258483427413	4.939284131319675	10.637499423000937	3.7659557827267935	7.873939794803931	13.5785677437106	12.8476878401369	15.079706172297849	0.0	9.207736235949582	0.0	0.0	0.0	0.0	9.8149774715489	0.0	0.0	3.6699382425216087	25.162168740831394	11.781048655191675
contig_404099	0.0	0.0	0.0	0.0	0.0	0.0	0.0	5.184947411647478	3.648831971889855	0.0	0.0	0.0	3.0450940864829557	11.125746804661679	0.0	0.0	0.0	0.0	0.0	0.0	0.0	0.0	0.0	0.0	0.0	0.0
contig_404507	0.0	0.0	0.0	0.0	0.0	0.0	0.0	0.0	0.0	0.0	0.0	0.0	0.0	20.754111417511076	0.0	0.0	0.0	0.0	0.0	0.0	0.0	0.0	0.0	0.0	0.0	0.0
contig_404680|provirus_40302_58835	0.0	0.0	0.0	0.0	0.0	40.967360609818726	84.8884447247578	115.58695948022626	0.0	0.0	0.0	159.4717441585237	80.0841280919902	53.99381908346327	0.0	0.0	0.0	58.04127925217655	95.66194204406312	89.91450238719203	0.0	0.0	0.0	0.0	0.0	0.0
contig_405977	0.0	0.0	0.0	0.0	0.0	0.0	10.270296144760252	7.378383820958881	0.0	0.0	0.0	1.267924066678581	0.0	0.0	0.0	0.0	0.0	0.0	0.0	0.0	0.0	0.0	2.545664696716514	0.0	0.0	5.702695224356657
contig_406569	15.8868398329409	30.571997928082784	17.39237257220823	0.0	11.009311789500666	17.90800289615318	18.055390992615518	0.0	0.0	14.226124930790933	21.62793947655793	25.6367536158359	0.0	0.0	0.0	19.05198534896803	0.0	0.0	0.0	23.018478195062414	0.0	0.0	16.906638192184133	0.0	5.755110423380468	5.3303563880065505
contig_406790|provirus_17070_54808	0.0	0.0	0.0	0.0	0.0	0.0	0.0	0.0	0.0	0.0	0.0	1.8632251027255509	0.0	0.0	0.0	0.0	0.0	0.0	0.0	21.081679214182767	0.0	0.0	0.0	0.0	0.0	0.0
contig_406799	0.0	0.0	0.0	0.0	0.0	0.0	0.0	0.0	0.0	0.0	0.0	0.0	0.0	0.0	0.0	0.0	0.0	0.0	0.0	4.545359490531422	0.0	0.0	0.0	0.0	0.0	0.0
contig_406918	0.0	0.0	0.0	0.0	0.0	0.0	0.0	0.0	0.0	0.0	0.0	0.0	0.0	0.0	0.0	0.0	0.0	0.0	0.0	1.0241843653894693	0.0	0.0	0.0	0.0	0.0	0.0
contig_406977	0.0	0.0	0.0	40.28645756581252	0.0	30.1727825233701	79.68177935641201	193.75282494209387	0.0	0.0	0.0	107.2784884619461	36.05090979739335	77.77201538692997	0.0	0.0	0.0	66.13631372120008	0.0	90.37337516628718	0.0	0.0	0.0	0.0	0.0	0.0
contig_407033	0.0	0.0	0.0	33.18170794054751	0.0	0.0	32.021226361144286	0.0	0.0	0.0	18.172371732075682	0.0	0.0	0.0	0.0	0.0	0.0	0.0	19.47157198858737	16.449213472365493	0.0	0.0	0.0	0.0	0.0	0.0
contig_407157	0.0	0.0	0.0	17.22019319021617	0.0	0.0	0.0	19.687631116445182	0.0	0.0	0.0	17.918222670881484	0.0	0.0	0.0	0.0	0.0	0.0	0.0	0.0	0.0	0.0	0.0	0.0	0.0	0.0
contig_407363	0.0	0.0	0.0	0.0	0.0	0.0	0.0	0.0	0.0	12.58388002796975	0.0	62.88709554019177	270.3389346894546	35.21797242010064	0.0	0.0	0.0	0.0	0.0	0.0	0.0	0.0	0.0	0.0	0.0	0.0
contig_407480	0.0	0.0	0.0	0.0	0.0	83.46110625834893	69.87734273605562	73.10891745103226	0.0	0.0	0.0	44.860182736487815	0.0	29.92734312244053	0.0	0.0	0.0	0.0	0.0	0.0	0.0	0.0	0.0	0.0	0.0	0.0
contig_407536	0.0	0.0	0.0	0.0	0.0	0.0	13.008525283886557	23.1771677170438	0.0	0.0	0.0	0.0	0.0	0.0	0.0	0.0	0.0	0.0	0.0	0.0	0.0	0.0	0.0	0.0	0.0	0.0
contig_407611|provirus_18078_25970	0.0	0.0	0.0	0.0	0.0	0.0	16.72257210952901	0.0	0.0	0.0	0.0	0.0	0.0	0.0	0.0	0.0	0.0	0.0	0.0	239.38703409286413	0.0	0.0	0.0	0.0	0.0	0.0
contig_407645	0.0	0.0	0.0	0.0	0.0	0.0	0.0	0.0	0.0	2.5913795962181605	16.96154522479974	0.0	0.0	0.0	10.4541156445472	4.921795817272748	0.0	0.0	5.450457182310017	18.796778714177485	0.0	0.0	0.0	0.0	0.0	0.0
contig_407669|provirus_46710_80294	0.0	0.0	0.0	0.0	0.0	0.0	0.0	0.0	95.07912437173097	9.369170119402343	0.0	0.0	0.0	0.0	0.0	0.0	0.0	0.0	0.0	40.59246789523816	0.0	0.0	0.0	0.0	0.0	0.0
contig_407672	0.0	0.0	0.0	0.0	0.0	0.0	0.0	0.0	0.0	8.193883281898277	21.000772222703546	0.0	0.0	0.0	0.0	0.0	0.0	0.0	0.0	0.0	0.0	0.0	0.0	0.0	0.0	0.0
contig_408157	0.0	0.0	0.0	0.0	0.0	0.0	0.0	0.0	0.0	0.0	0.0	0.0	0.0	0.0	0.0	4.276559700626688	0.0	0.0	0.0	0.0	0.0	0.0	0.0	0.0	0.0	0.0
contig_411547|provirus_8716_13460	0.0	0.0	0.0	0.0	24.75034375365775	0.0	0.0	8.8267199711891	0.0	36.137617508830616	30.233399006911515	83.78132483410427	39.18076824645028	48.691020843241084	0.0	0.0	0.0	0.0	0.0	0.0	0.0	0.0	0.0	0.0	0.0	0.0
contig_412920	0.0	0.0	0.0	0.0	0.0	0.0	0.0	134.26997501571344	0.0	0.0	0.0	113.72677773773046	1372.8553273616858	467.85561129100677	0.0	0.0	0.0	0.0	0.0	0.0	0.0	0.0	0.0	0.0	0.0	0.0
contig_413036	0.0	0.0	0.0	0.0	0.0	0.0	0.0	0.0	18.188069747122363	8.590370422235907	0.0	0.0	0.0	0.0	0.0	0.0	0.0	0.0	0.0	0.0	0.0	0.0	0.0	0.0	0.0	0.0
contig_413581	0.0	0.0	0.0	0.0	0.0	0.0	0.0	0.0	0.0	0.0	0.0	12.241361983038118	0.0	0.0	0.0	0.0	0.0	0.0	0.0	30.632622268561885	0.0	0.0	0.0	0.0	0.0	0.0
contig_414276|provirus_1_30154	0.0	0.0	0.0	0.0	0.0	0.0	0.0	0.0	0.0	0.0	0.0	0.0	0.0	0.0	0.0	9.058268231634507	0.0	0.0	0.0	0.0	0.0	0.0	0.0	0.0	0.0	0.0
contig_415963	0.0	0.0	0.0	0.0	0.0	0.0	0.0	0.0	0.0	0.0	0.0	23.613564873374198	0.0	17.056758464274854	0.0	0.0	0.0	0.0	0.0	0.0	0.0	0.0	0.0	0.0	0.0	0.0
contig_415972	0.0	0.0	0.0	0.0	0.0	0.0	0.0	21.93498210806692	0.0	0.0	0.0	0.0	0.0	17.939440061083854	0.0	0.0	0.0	0.0	0.0	0.0	0.0	0.0	0.0	0.0	0.0	0.0
contig_416025	0.0	0.0	0.0	12.088828917856887	0.0	7.012462581838215	8.702572180299997	16.5055070490089	72.10178187325323	14.051820548182384	14.963055832833044	24.662882900297586	138.8284738858234	74.77466016443785	20.362556365832443	0.0	0.0	0.0	0.0	0.0	9.317363939748324	41.09582509648703	6.368357214516227	0.0	0.0	0.0
contig_416647|provirus_40099_72987	0.0	0.0	0.0	0.0	0.0	0.0	0.0	0.0	7.6533107631165604	0.6057120599560463	2.448184832789306	50.891727535341104	0.0	46.36679246522209	0.0	13.896684235299258	0.0	0.0	0.0	46.707965123708775	0.0	0.0	0.0	0.0	0.0	0.0
contig_418204	0.0	0.0	0.0	75.14605176778606	66.13514307002278	0.0	70.21540710535176	0.0	0.0	0.0	25.627195041251174	87.73902551907176	0.0	115.93577455853408	0.0	151.97454533035182	0.0	247.7924138720213	25.828143089060937	194.82521426293042	0.0	0.0	0.0	0.0	0.0	0.0
contig_418296	0.0	0.0	0.0	0.0	0.0	0.0	0.0	0.0	0.0	0.0	20.847841461561263	0.0	4.7983140634957255	0.0	30.78556357986293	13.982959425896018	0.0	0.0	33.20671104254516	21.285956785481627	0.0	0.0	0.0	0.0	0.0	0.0
contig_418803	0.0	0.0	0.0	0.0	0.0	0.0	0.0	0.0	0.0	0.0	0.0	0.0	0.0	0.0	0.0	20.307895020999847	0.0	0.0	0.0	0.0	0.0	0.0	0.0	0.0	0.0	0.0
contig_418856	0.0	0.0	0.0	0.0	0.0	0.0	0.0	0.0	0.0	0.0	0.0	0.0	0.0	0.0	10.459602585326701	23.39319337687582	9.28761440199868	0.0	0.0	0.0	0.0	0.0	0.0	0.0	0.0	0.0
contig_419056	0.0	0.0	0.0	0.0	0.0	0.0	0.0	0.0	0.0	0.0	0.0	0.0	0.0	0.0	9.090440443894249	0.0	0.0	0.0	0.0	0.0	0.0	0.0	0.0	0.0	0.0	0.0
contig_419351|provirus_249_37195	31.967543892643025	28.253222182928127	18.783084019142624	0.0	0.0	32.46167150910477	0.0	0.0	0.0	0.0	0.0	2.104656836768449	0.0	0.0	0.0	3.4464749545770834	0.0	0.0	0.0	16.714130932261817	33.73049176183433	34.772788724586164	42.2035555738813	25.525719993511718	37.505026241611	42.32096546501573
contig_421146	0.0	0.0	0.0	0.0	0.0	0.0	0.0	4.458266966208546	0.0	0.0	0.0	2.3614860613325543	1.5895910181569364	2.2891574499986453	0.0	0.0	0.0	80.45507048467346	0.0	0.0	0.0	0.0	0.0	0.0	0.0	0.0
contig_421294	0.0	0.0	0.0	0.0	0.0	0.0	0.0	0.0	0.0	0.0	0.0	6.564761357901102	0.0	0.0	0.0	0.0	0.0	0.0	0.0	65.35658146211894	0.0	0.0	0.0	0.0	0.0	0.0
contig_421335|provirus_37661_77134	0.0	0.0	0.0	0.0	0.0	0.0	0.0	0.0	0.0	0.0	0.0	11.143319690513385	9.929417953716603	0.0	0.0	0.0	0.0	0.0	41.75114220095599	68.81986972382911	0.0	0.0	0.0	0.0	0.0	0.0
contig_421335|provirus_3_28120	0.0	0.0	0.0	0.0	0.0	0.0	0.0	0.0	0.0	0.0	4.487024203068976	1.1966938488160934	0.0	0.0	0.0	0.8018325023759334	0.0	0.0	0.0	101.42112053694292	0.0	0.0	0.0	0.0	0.0	0.0
contig_422995	0.0	0.0	0.0	0.0	0.0	0.0	0.0	0.0	0.0	0.0	0.0	0.0	0.0	3.9908465364851	0.0	0.0	0.0	34.83086373451263	0.0	51.70832868199921	0.0	0.0	0.0	0.0	0.0	0.0
contig_423012	0.0	0.0	0.0	0.0	0.0	0.0	0.0	0.0	0.0	0.0	0.0	13.941183959564942	0.0	0.0	0.0	0.0	0.0	0.0	0.0	0.0	0.0	0.0	0.0	0.0	0.0	0.0
contig_423287	0.0	0.0	0.0	0.0	0.0	0.0	0.0	0.0	0.0	0.0	0.0	0.0	0.0	0.0	0.0	0.0	0.0	0.0	0.0	0.0	0.0	0.0	0.0	0.0	7.6471655135233	0.0
contig_423291	0.0	0.0	0.0	0.0	0.0	0.0	0.0	0.0	0.0	0.0	0.0	0.0	0.0	0.0	0.0	0.0	0.0	26.85631709580269	0.0	0.0	0.0	0.0	9.597558944954782	0.0	0.0	0.0
contig_423337	0.0	0.0	0.0	125.27019772862279	270.2948345948508	308.37559316557304	11.449134401530175	0.0	0.0	0.0	0.0	61.19490711304414	0.0	0.0	109.72673131715004	0.0	24.796081060815585	90.66020232715472	61.88193087596036	689.3742170910933	268.2783864505405	34.33179826712056	550.1381205610977	1011.3967197657304	313.0090294729004	399.60116599248244
contig_423381	0.0	0.0	0.0	0.0	0.0	0.0	0.0	0.0	0.0	0.0	0.0	0.0	0.0	0.0	0.0	13.333955513623662	0.0	63.07076357867659	0.0	0.0	0.0	0.0	44.43134059964868	24.61581180616671	0.0	0.0
contig_423482	0.0	0.0	0.0	0.0	0.0	0.0	13.630454811286024	0.0	0.0	0.0	0.0	0.0	0.0	0.0	0.0	0.0	0.0	0.0	0.0	0.0	0.0	0.0	14.319628513345066	0.0	44.07814079766439	0.0
contig_423484	0.0	0.0	0.0	0.0	0.0	0.0	0.0	0.0	0.0	0.0	0.0	0.0	0.0	0.0	0.0	0.0	0.0	0.0	0.0	0.0	13.908749149932072	0.0	0.0	25.3707245018902	0.0	0.0
contig_423512	0.0	0.0	0.0	0.0	0.0	0.0	0.0	0.0	0.0	0.0	0.0	0.0	0.0	0.0	0.0	0.0	0.0	0.0	0.0	0.0	0.0	0.0	13.97136774727276	6.3161562797518584	0.0	13.310045429091119
contig_423515	0.0	0.0	0.0	0.0	0.0	0.0	40.1870511587467	0.0	0.0	0.0	0.0	0.0	0.0	0.0	0.0	0.0	0.0	0.0	16.038567334785135	0.0	13.592604078483749	0.0	11.507903122232225	0.0	20.592448797184574	8.521453418695762
contig_423548	0.0	0.0	0.0	0.0	0.0	312.591450201411	0.0	0.0	0.0	0.0	0.0	0.0	0.0	0.0	0.0	0.0	0.0	0.0	0.0	0.0	0.0	0.0	0.0	0.0	0.0	0.0
contig_424560	0.0	0.0	0.0	0.0	0.0	0.0	0.0	0.0	0.0	0.0	0.0	0.0	0.0	0.0	0.0	4.646524405479481	0.0	0.0	0.0	0.0	0.0	10.07370894777691	0.0	0.0	0.0	0.0
contig_426076	0.0	0.0	0.0	0.0	0.0	0.0	0.0	1.0397621814801083	0.0	0.0	0.0	0.0	0.0	0.0	0.0	0.0	0.0	0.0	0.0	0.0	0.0	0.0	17.091613469442766	9.1385407224308	0.0	0.0
contig_426102	0.0	0.0	0.0	0.0	0.0	0.0	0.0	0.0	0.0	0.0	0.0	0.0	0.0	0.0	0.0	0.0	0.0	5.269183240516085	0.0	0.0	0.0	0.0	0.0	0.0	0.0	0.0
contig_426277	0.0	0.0	0.0	12.112809432007394	7.810759623843959	12.940220148499732	9.676131848218837	0.0	0.0	0.0	0.0	0.0	0.0	0.0	3.510980791797523	5.5488751768298075	0.0	16.695685107353604	0.0	30.14642090954555	35.202842201822236	0.0	25.368595013368836	60.97873210430516	0.0	29.993578702029527
contig_426290|provirus_346_18694	0.0	0.0	0.0	6.5663101742101	6.026554117313812	0.0	14.459849124774312	0.0	0.0	0.0	0.0	3.166333028184331	0.0	0.0	13.444278214537032	0.0	0.0	9.857268400629975	0.0	0.0	37.495037419800035	0.0	30.494512112553117	39.396106670663556	0.0	8.456075473409687
contig_427256	0.0	0.0	0.0	0.0	0.0	0.0	0.0	0.0	0.0	0.0	0.0	0.0	0.0	0.0	0.0	0.0	0.0	0.0	0.0	0.0	726.1388395608926	0.0	0.0	0.0	0.0	567.0464401295914
contig_433142	0.0	0.0	0.0	0.0	0.0	0.0	0.0	0.0	0.0	0.0	0.0	6.5316407559306	8.027975318909615	26.486659135813674	0.0	0.0	13.729411484903093	0.0	0.0	0.0	0.0	0.0	0.0	0.0	0.0	0.0
contig_433609	0.0	0.0	0.0	0.0	0.0	0.0	0.0	0.0	0.0	0.0	0.0	0.0	0.0	0.0	0.0	0.0	0.0	15.741041597143	142.89757083170934	52.76338749763531	0.0	0.0	0.0	0.0	0.0	0.0
contig_434113|provirus_39525_52598	0.0	0.0	0.0	0.0	0.0	56.02791094307767	78.92263148301446	128.84274046555137	0.0	0.0	0.0	127.70024595083783	59.9240565968584	53.514241627526154	0.0	0.0	0.0	87.21253244117925	147.85209659867755	109.9093558504215	0.0	0.0	0.0	0.0	0.0	0.0
contig_434170	0.0	0.0	0.0	0.0	0.0	0.0	0.0	0.0	0.0	0.0	0.0	0.0	0.0	0.0	0.0	0.0	0.0	0.0	61.32208907319523	17.0521341775338	0.0	0.0	0.0	0.0	0.0	0.0
contig_434243	1.4664597019979786	10.627709368478364	0.8841007666002143	0.0	0.0	0.0	0.0	0.0	0.0	0.0	0.0	0.0	0.0	0.0	0.0	2.225723158443257	0.0	0.0	0.0	0.0	0.0	0.0	0.0	0.0	0.0	0.0
contig_434532	0.0	0.0	0.0	0.0	0.0	0.0	0.0	0.0	0.0	0.0	0.0	0.0	0.0	0.0	0.0	0.0	0.0	130.70976040369456	1311.9740131563578	75.70096012154595	0.0	0.0	0.0	0.0	0.0	0.0
contig_434603	0.0	0.0	0.0	0.0	0.0	0.0	0.0	0.0	0.0	0.0	0.0	0.0	0.0	0.0	0.0	0.0	0.0	8.590773716280905	0.0	0.0	0.0	0.0	0.0	0.0	0.0	0.0
contig_434947	0.0	0.0	0.0	0.0	0.0	66.4289486614576	0.0	0.0	0.0	0.0	0.0	0.0	0.0	0.0	0.0	0.0	0.0	2683.4884347843654	0.0	784.215813321765	0.0	0.0	0.0	0.0	0.0	0.0
contig_435339	0.0	0.0	0.0	0.0	0.0	0.0	0.0	0.0	0.0	8.548386429795013	0.0	0.0	0.0	0.0	14.545959909074602	109.94996678231833	36.9098821530564	0.0	0.0	38.48298219814037	0.0	0.0	0.0	0.0	0.0	0.0
contig_436205	0.0	0.0	0.0	0.0	0.0	0.0	0.0	0.0	0.0	0.0	0.0	0.0	0.0	0.0	0.0	0.0	0.0	30.721696082256834	509.48395685899914	0.0	0.0	0.0	0.0	0.0	0.0	0.0
contig_437051	0.0	0.0	0.0	0.0	0.0	0.0	0.0	0.0	0.0	0.0	0.0	0.0	0.0	0.0	0.0	0.0	0.0	0.0	0.0	0.0	0.0	0.0	0.0	0.0	0.0	5.41611870182331
contig_437836	0.0	0.0	0.0	0.0	0.0	0.0	0.0	0.0	0.0	0.0	0.0	0.0	0.0	0.0	0.0	0.0	0.0	6.389554766471229	0.0	13.477569604852041	0.0	0.0	10.435023387169778	0.0	0.0	0.0
contig_438320	0.0	0.0	0.0	0.0	5.712207763389937	21.26686268528905	135.7831954915966	40.25169716855094	0.0	0.0	0.0	14.080806892147224	18.696804824136798	31.113700212265364	19.3920455928803	6.296377274091762	31.986429202877574	153.05099881801164	238.1958682382969	37.093306698580825	221.8003486726588	0.0	219.37953769496775	133.80749720327532	121.31433239084429	318.4506758094017
contig_438515	0.0	0.0	0.0	0.0	0.0	22.703543918972684	12.652856049226354	43.266948788048396	0.0	1.8139397824995775	1.8332517516455917	8.224934123099091	8.088630809168487	24.505816040318056	0.0	0.0	0.0	13.34350165398799	0.0	60.914449591063466	0.0	0.0	0.0	0.0	0.0	0.0
contig_439872	2.4412901935560285	0.0	0.0	0.0	0.0	0.0	0.0	0.0	0.0	0.0	0.0	0.0	0.0	0.0	0.0	0.0	0.0	0.0	19.21926778692094	0.0	0.0	0.0	0.0	0.0	0.0	0.0
contig_439997|provirus_1_47770	0.0	0.0	0.0	24.90766360330752	0.0	0.0	0.0	0.0	0.0	10.39019777403592	0.0	19.064463334612206	64.58827848708573	36.69225193842344	0.0	0.0	0.0	0.0	0.0	0.0	7.7343760922749425	0.0	0.0	0.0	0.0	0.0
contig_440991	0.0	0.0	0.0	0.0	0.0	0.0	11.745634715275765	0.0	0.0	0.0	0.0	0.0	0.0	0.0	16.846701952143388	1.3996804748625233	0.0	47.96572836398777	71.04536077026361	0.0	110.2019897050994	0.0	161.04017692096346	12.01997580869676	21.551419354959897	36.23269967977904
contig_441101	0.0	0.0	0.0	0.0	0.0	0.0	0.0	0.0	0.0	0.0	0.0	15.113510792528364	0.0	0.0	0.0	0.0	0.0	0.0	0.0	0.0	0.0	0.0	0.0	0.0	0.0	0.0
contig_441911	24.109719118755155	176.77990947711206	4.447846282584122	0.0	0.0	0.0	0.0	0.0	0.0	0.0	0.0	0.0	0.0	0.0	0.0	0.0	0.0	63.11284618661002	112.82336927682962	0.0	0.0	0.0	22.592714751679868	0.0	13.342643618809449	21.455794205965475
contig_442613	0.0	0.0	0.0	0.0	0.0	0.0	0.0	0.0	0.0	0.0	0.0	0.0	0.0	0.0	0.0	2.5164785016708398	0.0	0.0	0.0	0.0	0.0	0.0	0.0	0.0	0.0	0.0
contig_442639	0.0	0.0	0.0	0.0	0.0	3143.9987379936433	0.0	0.0	0.0	0.0	0.0	0.0	0.0	0.0	0.0	0.0	0.0	930.8201753202333	0.0	0.0	0.0	0.0	0.0	0.0	0.0	0.0
contig_442893	0.0	0.0	0.0	0.0	0.0	0.0	0.0	0.0	0.0	0.0	0.0	0.0	0.0	0.0	0.0	22.1164732754642	0.0	0.0	0.0	15.709515516452333	0.0	0.0	0.0	0.0	0.0	0.0
contig_443799	17.097181374149383	47.68502045671867	4.135566343937121	0.0	0.0	0.0	0.0	0.0	0.0	0.0	0.0	0.0	0.0	0.0	0.0	0.0	0.0	0.0	0.0	0.0	0.0	0.0	0.0	0.0	0.0	0.0
contig_444664	0.0	0.0	0.0	0.0	0.0	0.0	0.0	0.0	0.0	0.0	0.0	0.0	0.0	0.0	0.0	0.0	11.329983043057346	0.0	0.0	0.0	0.0	0.0	0.0	0.0	0.0	0.0
contig_446000	0.0	0.0	0.0	0.0	0.0	0.0	0.0	0.0	0.0	0.0	0.0	0.0	0.0	0.0	0.0	49.809783844514946	0.0	44.92432556227638	22.41417791368798	451.4864371880618	0.0	0.0	0.0	0.0	0.0	0.0
contig_446109	0.0	0.0	0.0	0.0	0.0	0.0	0.0	0.0	0.0	0.0	0.0	0.0	0.0	0.0	0.0	0.0	0.0	63.87604709548378	67.26013882899232	0.0	0.0	0.0	0.0	0.0	0.0	0.0
contig_446703|provirus_55101_78230	0.0	0.0	0.0	0.0	0.0	0.0	0.0	0.0	0.0	0.0	0.0	0.0	0.0	0.0	0.0	0.0	0.0	0.0	0.0	0.0	0.0	0.0	0.0	101.77059318986626	16.68151779041341	46.04201710825141
contig_446764	0.8833902126414851	0.0	0.0	0.0	0.0	0.0	0.0	0.0	0.0	0.0	0.0	6.937866195839834	0.0	0.0	0.0	0.0	0.0	0.0	0.0	0.0	0.0	0.0	0.0	0.0	0.0	0.0
contig_447034	0.0	0.0	0.0	0.0	0.0	0.0	0.0	0.0	0.0	0.36301463095450626	0.0	0.0	0.0	0.0	0.0	2.296734846536231	0.0	0.0	0.0	0.0	0.0	0.0	0.0	0.0	4.132586614602263	0.0
contig_448457	0.0	0.0	0.6366797606955521	0.0	0.0	0.0	0.0	9.168187273974556	0.0	0.0	0.0	0.0	12.903018549512066	0.0	0.0	0.0	26.235770029073507	0.0	0.0	0.0	64.17904036553685	3.233440199821836	35.84639058660772	0.0	0.0	0.0
contig_448659	0.0	0.0	0.0	0.0	0.0	0.0	0.0	0.0	0.0	0.0	0.0	6.352119501359592	0.0	0.0	0.0	34.63176474734511	0.0	40.028463270501575	13.29083907612076	409.09080847484455	0.0	0.0	0.0	0.0	0.0	0.0
contig_449345	4.605274784200282	0.0	0.0	0.0	0.0	0.0	0.0	0.0	0.0	0.0	0.0	0.0	0.0	0.0	0.0	10.8328097839002	0.0	0.0	0.0	0.0	0.0	5.652869479986657	0.0	0.0	0.0	0.0
contig_449530|provirus_5564_40730	0.0	0.0	0.0	0.0	0.0	0.0	0.0	0.0	0.0	0.0	0.0	0.0	0.0	0.0	0.0	0.0	0.0	0.0	0.0	97.28226841748453	0.0	0.0	0.0	0.0	0.0	0.0
contig_450121	1.1908858238810944	0.0	0.0	0.0	0.0	0.0	0.0	0.0	0.0	0.0	0.0	0.0	0.0	0.0	0.0	0.0	0.0	0.0	0.0	0.0	0.0	0.0	0.0	0.0	0.0	0.0
contig_451450	0.0	0.0	0.0	0.0	0.0	0.0	0.0	0.0	0.0	0.0	0.0	0.0	0.0	0.0	0.0	0.0	0.0	0.0	0.0	0.0	0.0	0.0	8.99245313382199	0.0	0.0	0.0
contig_451771	16.28050012879734	14.692689116916885	0.0	0.0	0.0	0.0	0.0	0.0	0.0	0.0	0.0	0.0	0.0	0.0	0.0	0.0	0.0	0.0	0.0	0.0	0.0	0.0	0.0	0.0	0.0	6.748293409714915
contig_452301	0.0	0.0	0.0	0.0	0.0	0.0	0.0	0.0	0.0	0.0	0.0	0.0	0.0	0.0	0.0	15.124348064138209	0.0	0.0	0.0	25.1464014018934	0.0	0.0	0.0	0.0	0.0	0.0
contig_452785	0.0	0.0	0.0	0.0	0.0	0.0	0.0	0.0	0.0	0.0	0.0	0.0	0.0	0.0	0.0	0.0	0.0	44.71725767419917	20.071665615325873	42.3555761445697	0.0	0.0	0.0	0.0	0.0	0.0
contig_453006	0.0	0.0	0.0	13.528783606751738	0.0	0.0	0.0	12.67665672610973	0.0	5.540237709225987	0.0	18.11383171391107	32.287878776595356	0.0	0.0	0.0	0.0	0.0	0.0	0.0	0.0	0.0	0.0	0.0	0.0	0.0
contig_45312|provirus_18830_35065	10.223375114559467	1.3423385780976813	17.747062237128148	0.0	0.0	17.349573608331987	13.561993491189147	2.676260201386795	0.0	3.1547712993999064	9.950168033249026	3.8193246773701537	1.92317457574374	4.32370674152154	0.0	1.0306625512421133	0.0	0.0	0.0	24.325345723462664	6.099495185096034	24.97170554824837	4.336781488666266	1.4341910962885553	15.960020587201326	5.743661968997538
contig_453339	0.0	0.0	0.0	0.0	0.0	0.0	0.0	0.0	0.0	0.0	0.0	0.0	0.0	0.0	0.0	30.872142110749667	0.0	0.0	0.0	0.0	0.0	5.331383083712066	0.0	0.0	0.0	0.0
contig_453805	0.0	0.0	0.0	0.0	0.0	0.0	0.0	0.0	0.0	0.0	0.0	0.0	0.0	0.0	0.0	2.403748166891246	0.0	0.0	0.0	0.0	0.0	0.0	0.0	0.0	0.0	0.0
contig_454264	0.0	0.0	0.0	0.0	0.0	0.0	0.0	0.0	0.0	0.0	0.0	0.0	0.0	0.0	41.76402455401622	0.0	77.95028587705944	0.0	0.0	0.0	22.231330768883836	0.0	0.0	0.0	0.0	0.0
contig_454509	0.0	0.0	0.0	0.0	0.0	0.0	0.0	9.315148104304257	0.0	0.0	0.0	0.0	0.0	0.0	0.0	0.0	0.0	0.0	28.39352881521044	18.00148002133223	0.0	0.0	12.345824030442737	0.0	0.0	0.0
contig_454812	0.0	0.0	0.0	0.0	0.0	0.0	0.0	0.0	0.0	0.0	0.0	0.0	0.0	0.0	0.0	32.847355374466474	0.0	0.0	0.0	18.51153235629699	0.0	0.0	0.0	0.0	0.0	0.0
contig_455082	3.666708388723623	15.189075876979187	0.0	0.0	0.0	0.0	0.0	0.0	0.0	0.0	0.0	0.0	0.0	0.0	0.0	0.0	27.232867699307764	143.045900922262	202.83930342352207	0.0	0.0	0.0	0.0	0.0	0.0	0.0
contig_455197	0.0	0.0	0.0	0.0	0.0	9.343522396818045	0.0	0.0	48.51127239969171	18.00948852949193	28.06929528027552	0.0	1.3691301349102658	16.685123493965744	8.911435923096079	40.19974346229802	0.0	0.0	56.79183162730764	0.0	0.0	0.0	0.0	0.0	0.0	0.0
contig_455526	0.0	0.0	0.0	35.32241311621022	0.0	0.0	0.0	0.0	0.0	0.0	0.0	0.0	0.0	0.0	0.0	0.0	0.0	0.0	0.0	0.0	0.0	0.0	13.519379277646284	0.0	0.0	0.0
contig_469331|provirus_55101_78230	0.0	0.0	0.0	0.0	0.0	0.0	0.0	0.0	0.0	0.0	0.0	0.0	0.0	0.0	0.0	0.0	0.0	0.0	0.0	0.0	0.0	0.0	0.0	100.67922177567871	14.865375935602406	48.40559655377074
contig_479057	0.0	0.0	0.0	0.0	0.0	0.0	12.358274037340037	34.528313073940744	0.0	0.0	0.0	0.6076338403428799	0.0	0.0	0.0	0.0	0.0	0.0	0.0	0.0	0.0	0.0	15.166807357927192	0.0	1.1284254012356143	0.0
contig_479462	0.0	0.0	0.0	0.0	0.0	0.0	0.0	0.0	0.0	0.0	0.0	0.0	0.0	0.0	78.7501729242524	0.0	0.0	0.0	0.0	0.0	0.0	0.0	0.0	0.0	0.0	0.0
contig_479909	0.0	0.0	0.0	0.0	0.0	0.0	0.0	0.0	0.0	0.0	0.0	0.0	0.0	0.0	0.0	0.0	0.0	196.60848518536483	436.1335765762553	0.0	0.0	0.0	0.0	0.0	0.0	0.0
contig_483527	0.0	0.0	0.0	9.563829751876696	10.753006156477289	57.17687752204985	96.27949278046606	49.62241727430137	35.49484334100337	0.0	0.0	21.96552134299575	16.0734685168008	16.133338648627273	6.779874492913494	1.197821979355755	4.964807698764275	65.5422683328551	90.94801504024745	31.37027982791005	20.28186293094505	0.0	0.0	280.5191384612641	237.546263730722	163.1973660604561
contig_487366	0.0	0.0	0.0	0.0	0.0	0.0	0.0	0.0	0.0	0.0	0.0	0.0	0.0	0.0	0.0	0.0	0.0	11.37731917587721	0.0	0.0	0.0	0.0	3.316543670495108	7.913063150752883	0.0	5.264782389325233
contig_492656|provirus_55101_78230	0.0	0.0	0.0	0.0	0.0	0.0	0.0	0.0	0.0	0.0	0.0	0.0	0.0	0.0	0.0	0.0	0.0	0.0	0.0	0.0	0.0	0.0	0.0	120.89979774523329	0.0	51.38993878818019
contig_505312	0.0	0.0	1.78184872624191	0.0	0.0	0.0	0.0	0.0	0.0	0.0	0.0	0.9509430500089341	0.0	0.0	0.0	0.8602119233983411	0.0	0.0	0.0	0.0	0.0	0.0	0.0	0.0	0.0	0.0
contig_507029	0.0	0.0	0.0	48.7717047530562	59.22847235152344	82.5477889335638	264.52381722984256	122.941392082532	0.0	0.0	0.0	27.242626586237378	30.977572521165598	13.282144325266879	14.578574124864321	4.40693185371766	0.0	146.20053634108962	309.7477982333938	0.0	297.54479148937895	0.0	325.7483463511106	201.31376762361364	161.77529509486408	438.94097752425677
contig_507316	0.0	0.0	0.0	144.25968983632762	0.0	0.0	14.917345895001954	0.0	278.0539744661279	0.0	11.354704620887782	0.0	0.0	0.0	34.531305554118575	3.610432526603273	30.83231915931769	78.1072005744404	57.422628972229624	30.758708405400668	1210.2443651656283	176.5017271320802	1293.6382292488918	197.06470394981352	159.42840538278367	292.8053454200518
contig_507655	1.0293884427581614	1.6550087062732461	1.119053573066577	0.0	0.0	0.0	0.0	2.7061942753804002	0.0	4.9127495778794845	0.0	0.0	0.0	0.0	55.8052425627213	7.464743542137138	68.00042224858437	21.897281831077485	61.34880128680887	0.0	113.87125624306489	81.8631839684975	167.55375483325665	7.712897441637262	5.2404242738748	0.0
contig_510357	0.0	0.0	1.3914856405138634	0.0	0.0	0.0	0.0	0.0	0.0	0.0	0.0	0.0	0.0	0.0	18.211429051666766	15.225306695650149	0.0	0.0	0.0	52.34877196162771	0.0	0.0	0.0	0.0	0.0	0.0
contig_512262	0.0	0.0	0.0	26.59570605418179	0.0	0.0	4.828344580741227	43.09542688981551	29.356732271787397	28.5304077460686	15.887624468314083	218.12316303735443	452.59651596166253	272.8713681051266	0.0	0.0	22.893690928412642	0.0	37.171723930494814	0.0	11.035454400850536	32.467078947407074	16.390546865376063	0.0	0.0	0.0
contig_515548	0.0	0.0	0.0	0.0	0.0	0.0	0.0	0.0	0.0	0.0	0.0	0.0	0.0	0.0	0.0	0.0	0.0	5081.963103339024	8665.384428953466	720.8696633160126	0.0	0.0	0.0	0.0	0.0	0.0
contig_516955|provirus_17734_39234	0.0	0.0	0.0	0.0	0.0	0.0	0.0	0.0	0.0	0.0	0.0	0.0	56.19607006283666	0.0	0.0	0.0	0.0	88.4982905386385	0.0	0.0	0.0	0.0	0.0	263.282414203087	0.0	275.5725330785892
contig_517948	0.0	0.0	0.0	0.0	0.0	53.9717966422947	112.93290483893468	161.41267092733017	0.0	0.0	0.0	173.90220839168305	96.81716215052367	63.60384596849591	0.0	0.0	0.0	96.94877347709948	46.31900343393792	246.82706417739857	0.0	0.0	0.0	0.0	0.0	0.0
contig_523053	24.890734806755617	22.04704182245549	16.393697793929697	0.0	0.0	0.0	16.77809259379824	0.0	0.0	0.0	0.0	0.0	0.0	0.0	0.0	0.0	16.894261167403716	77.18869902605776	63.93513122301304	0.0	19.030962091540463	11.499433408658426	26.445660197162457	94.34776029072982	62.911544635238904	66.50173677471328
contig_526054	41.08657792746203	66.64436858733309	35.56363577430423	0.0	0.0	52.27615141515993	38.62981907969993	19.059795489233146	0.0	0.0	0.0	0.0	0.0	0.0	0.0	0.0	56.80830673008322	152.14596210969998	207.40614861907744	0.0	33.01546914987131	23.417064708976095	67.17614607522543	203.25991819571794	97.76617096340395	152.69918386052973
contig_526370	0.0	0.0	0.0	0.0	0.0	0.0	0.0	0.0	0.0	0.0	0.0	0.0	0.0	0.0	0.0	31.321618191843264	0.0	0.0	0.0	0.0	0.0	0.0	0.0	0.0	0.0	0.0
contig_526645	2.0954837602193375	23.766027658282752	8.397554226009925	14.3053101370659	15.226332783097275	11.517718584913151	9.67433082577825	0.0	0.0	31.420463982190775	8.322178741053438	12.877736648813489	5.4490061111962	9.046619267009799	0.0	26.353512066473588	0.0	0.0	0.0	42.611276486448595	5.576358387189813	20.733855599110747	6.634656424719913	6.000100039655138	5.09453452464825	1.97353307724085
contig_527912	0.0	0.0	0.0	0.0	0.0	0.0	0.0	0.0	0.0	0.8544753091909287	0.0	2.7961504251918377	0.0	0.0	0.0	30.720326675004102	12.095308078364216	0.0	0.0	6.772534179423937	0.0	0.0	0.0	0.0	0.0	0.0
contig_528919	19.485172310040024	14.451797132053333	17.112264669006258	0.0	0.0	13.660956244043382	12.83112814039267	8.43544944851515	0.0	0.0	0.0	0.0	0.0	0.0	0.0	0.0	44.739100486601664	75.84938907974508	87.74289710955728	0.0	6.924469393293323	17.52236552957465	16.76286646535748	97.8067768085984	56.636687907698956	82.96178349879362
contig_529517	0.0	0.0	0.0	69.17755925217594	17.472079533924237	5.8531112136298	22.05921793223426	0.0	39.8091786106083	4.361450637861712	2.0940082127599	31.265498358586125	12.565621755439913	18.87631160405925	27.989162851969887	2.442926405265025	19.098109759422023	60.47783981411476	65.91799326330934	32.88063482517785	208.43232533307742	60.349565338104	349.49201251231875	173.57812852044333	127.75358508325925	139.32565221584312
contig_530547	45.153102340086214	0.0	12.932343196937278	0.0	0.0	10.642033906108217	0.0	20.861044701362996	0.0	0.0	0.0	0.0	0.0	0.0	163.8690878186974	91.82842130187358	0.0	0.0	0.0	0.0	0.0	0.0	23.82588759551105	12.167849723488779	0.0	0.0
contig_530711	0.0	0.0	0.0	0.0	0.0	0.0	0.48086465106974	0.0	0.0	0.0	0.0	0.0	0.0	0.0	40.88740628676384	16.91078904994698	6.763642378830918	0.0	12.52450811770049	49.41043742138056	0.0	0.0	0.0	0.0	0.0	0.0
contig_531259	2.109218204340625	0.0	0.0	0.0	0.0	0.0	0.0	0.0	0.0	0.0	0.0	0.0	0.0	0.0	0.0	0.0	0.0	0.0	0.0	0.0	0.0	0.0	0.0	8.880323871341613	0.0	0.0
contig_531396	0.0	0.0	0.0	0.0	0.0	0.0	0.0	33.8636176578422	0.0	0.0	0.0	0.0	0.0	0.0	0.0	0.0	0.0	0.0	0.0	0.0	0.0	0.0	0.0	0.0	0.0	0.0
contig_534260	0.0	0.0	0.0	0.0	0.0	0.0	0.0	0.0	0.0	0.0	0.0	0.0	0.0	0.0	31.85911990502403	0.0	0.0	0.0	0.0	0.0	0.0	0.0	0.0	0.0	0.0	0.0
contig_535315	0.0	0.0	0.0	0.0	0.0	0.0	0.0	0.0	0.0	0.0	0.0	22.539445285641776	0.0	0.0	0.0	0.0	0.0	0.0	0.0	20.560204287640598	42.844769557105245	14.57617992117931	0.0	0.0	0.0	0.0
contig_535391	18.178484768522413	14.939550273786844	12.317441233336552	0.0	0.0	12.371300210849341	0.0	0.8903550373889372	0.0	0.0	0.0	0.0	0.0	0.0	0.0	0.0	0.0	70.03726684746414	50.088185138535145	0.0	6.744285975149371	10.900985999522042	19.53662421681956	56.03385426899799	35.22101319135489	58.61922535464989
contig_53567	0.8030820114922588	7.3673009375601	1.6428859059260112	0.0	0.0	0.0	3.1504888786340643	0.6386838994100823	0.0	0.0	0.0	5.714409797118624	1.2717731653010365	3.1158770589299234	0.0	4.058657280818671	0.0	0.0	0.0	0.0	0.0	0.0	3.422422569788941	0.0	0.0	0.0
contig_536377	0.0	0.0	2.89633784577695	0.0	0.0	0.0	0.0	0.0	0.0	0.0	0.0	0.0	0.0	0.0	0.0	0.0	0.0	0.0	0.0	0.0	0.0	0.0	0.0	0.0	0.0	0.0
contig_537406	0.0	0.0	0.0	0.0	0.0	0.0	0.0	0.0	0.0	0.0	0.0	0.0	0.0	0.0	0.0	118.38200683019305	37.022711924217326	0.0	0.0	0.0	0.0	0.0	0.0	0.0	0.0	0.0
contig_540324	0.0	0.0	0.0	0.0	0.0	0.0	0.0	0.0	0.0	0.0	0.0	0.0	0.0	0.0	10.44940083046925	11.377310215212987	17.22159670563349	0.0	0.0	0.0	0.0	0.0	0.0	0.0	0.0	0.0
contig_541815	25.4845915332554	20.725962093882874	6.9438291104495	9.710068676934062	0.0	0.0	35.22436481490135	5.020996505350325	7.132408872589037	7.492057108875725	0.0	8.430552606109913	0.0	0.0	0.0	54.235625336232786	0.0	0.0	0.0	14.670122247469024	20.951222363740513	23.277459400277014	12.40631677405845	0.0	9.746106615193664	10.97499699908846
contig_545159	0.0	0.0	0.0	0.0	0.0	0.0	0.0	0.0	0.0	0.703352836902094	0.0	1.1302614724553413	0.0	0.0	0.0	32.82670089207658	13.689938491135834	38.91629736154927	28.594732932164938	8.780806367314247	0.0	0.0	0.0	0.0	0.0	0.0
contig_545169	0.0	0.0	0.0	0.0	0.0	0.0	0.0	0.0	0.0	0.0	0.0	0.0	0.0	0.0	0.0	23.246046996999574	0.0	0.0	0.0	13.19551820765175	0.0	0.0	0.0	0.0	0.0	0.0
contig_545734	0.0	0.0	0.0	8.351129959749075	0.0	30.95613948787754	67.66044570212775	75.71113149056721	0.0	0.0	0.0	0.0	0.0	5.285587219575238	0.0	0.0	0.0	0.0	0.0	0.0	0.0	0.0	0.0	38.71295654554176	5.094050848776591	0.0
contig_545933	0.0	0.0	0.0	0.0	0.0	0.0	0.0	0.0	0.0	0.0	0.0	0.0	0.0	0.0	0.0	26.4332918156134	0.0	66.2991328286448	161.640539957481	0.0	47.0337181037243	0.0	79.2143585680774	160.147687216516	62.8348065230409	153.422684422791
contig_546429	0.0	0.0	0.0	0.0	0.0	0.0	0.0	0.0	2.3083312017291	0.0	0.0	0.0	0.0	0.0	0.0	1.6981317695134874	0.0	0.0	0.0	0.0	0.0	0.0	0.0	0.0	0.0	0.0
contig_546687	2.600166059542325	0.0	1.443342379019804	14.551827701407785	5.7194100592979575	0.0	0.5341814020426462	0.0	0.0	0.0	0.0	0.0	0.0	0.0	0.0	0.6139009547467384	0.0	0.0	0.0	0.0	10.144229762857481	0.0	0.0	0.0	8.0630261493283	7.8447977992487665
contig_547260	0.0	0.0	0.0	0.0	0.0	0.0	0.0	0.0	0.0	0.0	0.0	0.0	0.0	0.0	124.15507165465779	0.0	0.0	0.0	0.0	0.0	0.0	0.0	0.0	0.0	0.0	0.0
contig_549080	0.0	0.0	0.0	0.0	0.0	0.0	0.0	0.0	0.0	0.0	0.0	0.0	0.0	0.0	0.0	17.4358276408893	0.0	0.0	0.0	0.0	0.0	0.0	0.0	0.0	0.0	0.0
contig_549104	2.8181900776629	3.3003319109598386	0.0	5.598140971529431	0.0	0.0	0.0	7.136076746618869	0.0	0.0	0.0	0.0	1.3800796383936922	0.0	44.46328488882763	2.5022875557173383	70.36505818724716	27.69069093131807	98.7541588228331	0.0	124.742237617114	79.79404366318657	149.29588119560165	7.954012259804623	0.7793041155442538	0.0
contig_549771	1.41462196912452	0.0	0.7885223053461385	0.0	0.0	0.0	0.0	0.0	0.0	0.0	0.0	0.0	0.0	0.0	0.0	1.847726968811447	0.0	0.0	0.0	4.874519619175038	0.0	0.0	0.0	0.0	0.5004797344357553	0.0
contig_551388|provirus_5291_23244	0.0	0.0	0.0	232.6985323431605	146.50143162076776	0.0	0.0	0.0	0.0	0.0	0.0	0.0	0.0	0.0	0.0	0.0	0.0	0.0	0.0	0.0	0.0	0.0	0.0	0.0	0.0	0.0
contig_551640	6.7152020229251	4.256377404480525	5.6960408129978	0.0	4.14870374143225	4.4989273447733	21.51759770998045	7.2428311958712	0.0	6.363872749914675	0.0	7.00837296612275	0.0	7.09700846286845	0.0	24.417229351209173	0.0	0.0	0.0	0.0	9.621555676168375	14.017636498150274	0.0	1.8290192694104674	4.795043439396875	8.12608294519145
contig_553868	19.94168858532837	14.857541687602527	1.3158228699166818	0.0	0.0	0.0	0.0	19.542995793885783	0.0	3.9902617582302637	0.0	0.0	0.0	0.0	0.0	42.31463671550399	0.0	0.0	0.0	68.09562024413766	0.0	0.0	4.202174961903554	2.6571115986698093	0.0	0.0
contig_555518	0.0	0.0	0.0	0.0	0.0	0.0	0.0	0.0	0.0	0.0	0.0	0.0	0.0	0.0	0.0	46.86081788307868	8.436322288799534	39.9199512794616	0.0	123.91949132216001	0.0	0.0	0.0	0.0	0.0	0.0
contig_555906	0.0	0.0	0.0	0.0	31.921024917918526	0.0	0.0	0.0	0.0	10.350360143413058	9.214002158057228	0.0	0.0	0.0	21.08681580211069	28.505715007108073	38.60994336376128	0.0	0.0	0.0	0.0	0.0	0.0	0.0	0.0	0.0
contig_561908	0.0	0.0	0.0	0.0	0.0	0.0	0.0	0.0	32.735821729810155	0.0	0.0	0.0	0.0	0.0	121.56730285079959	0.0	198.35098085441103	0.0	0.0	0.0	0.0	0.0	0.0	0.0	0.0	0.0
contig_564339	0.0	0.0	0.0	0.0	0.0	0.0	24.9055288260833	0.0	0.0	0.0	0.0	0.0	0.0	0.0	0.0	0.0	0.0	71.8240605643652	124.904053603508	0.0	47.0337181037243	0.0	67.4788980394733	238.950517434167	51.4102962461244	165.408831643322
contig_565417	0.0	0.0	0.0	0.0	0.0	0.0	0.0	0.0	0.0	0.0	0.0	0.0	0.0	0.0	0.0	102.68805632373869	0.0	0.0	0.0	0.0	0.0	0.0	0.0	0.0	0.0	0.0
contig_568448	2.2084755316037166	0.0	0.0	0.0	0.0	7.307381389529749	0.0	0.0	0.0	18.5761758677226	0.0	8.79622321258265	3.5824636311564166	0.0	0.0	9.618663018620984	0.0	0.0	0.0	0.0	0.0	13.801600913896067	0.0	0.0	12.138971654896283	0.0
contig_570106	0.0	0.0	0.0	2.9650291971461002	3.80340790208324	3.3679205887838	2.60844887705132	0.0	0.0	0.0	0.0	3.6714670800344997	0.0	0.0	0.0	7.19585974181916	5.73574057124318	0.0	0.0	28.64589186660218	34.657459279734624	0.0	9.83151587115822	7.825021569999559	20.2760074565422	16.419735770064822
contig_571793	0.0	0.0	0.0	0.0	5.335698151582127	0.0	11.363018437115043	7.511960128180514	2.768063616164481	0.0	0.0	5.470520137690932	0.0	0.0	7.571267498907635	0.0	0.0	0.0	0.0	15.54479789220382	15.262589996325877	0.0	19.582295967983015	19.858850033569365	16.820372735234347	14.419717775352472
contig_575850	3.285859669143452	2.7186505528618166	0.0	0.0	0.0	3.7532382426934667	0.0	2.937251028988317	0.0	3.2160726474117998	0.0	0.0	0.0	0.0	0.0	3.966674566649917	0.0	0.0	0.0	0.0	0.0	0.0	0.0	0.0	3.2502223228468003	0.0
contig_578255	5.7941031087164925	1.735856832729123	0.0	13.902542722899993	0.0	0.0	0.0	17.244838650507823	0.0	11.795114337295123	0.0	0.0	0.0	0.0	110.36302641823089	16.624920074253115	68.97572750926665	40.46326558579023	121.37238981153783	0.0	167.4054612305549	116.00697641614872	197.87176910652548	13.07342602897353	1.0654048045385847	0.0
contig_579244	0.0	0.0	0.0	0.0	0.0	234.5095841885226	73.06867623321025	0.0	0.0	0.0	0.0	56.74539454867761	33.804774671697686	244.83414843592675	0.0	0.0	0.0	133.90185463662323	474.41624529106286	164.1664496649225	0.0	0.0	0.0	0.0	0.0	0.0
contig_579836	0.0	0.0	0.0	0.0	0.0	0.0	0.0	0.0	0.0	0.0	8.86325258371145	0.0	0.0	0.0	0.0	21.50742732239265	15.23851867937545	0.0	0.0	0.0	0.0	0.0	0.0	0.0	0.0	0.0
contig_581343	0.0	0.0	0.0	0.0	0.0	32.75073877260264	52.46185366833945	64.089743195874	0.0	0.0	0.0	0.0	0.0	0.0	0.0	0.0	0.0	0.0	0.0	0.0	95.98744446605014	0.0	63.63660753540828	15.523979420333927	0.0	0.0
contig_581547	0.0	0.0	0.0	0.0	0.0	6.230528441446118	2.7293949547059535	0.0	0.0	0.0	0.0	0.0	0.0	7.699977219287385	0.0	0.0	0.0	0.0	0.0	0.0	0.0	0.0	0.0	0.0	0.0	0.0
contig_583626	0.0	0.0	0.0	0.0	0.0	0.0	0.0	0.0	0.0	0.0	0.0	0.0	0.0	0.0	0.0	0.0	0.0	63.96137767107538	0.0	0.0	0.0	0.0	0.0	0.0	0.0	0.0
contig_585356	0.0	0.0	0.0	0.0	0.0	0.0	0.0	0.0	101.78750273872721	49.35520933739742	0.0	0.0	0.0	0.0	139.1329790908161	0.0	0.0	0.0	0.0	0.0	0.0	0.0	0.0	0.0	0.0	0.0
contig_587170|provirus_37269_63560	0.0	0.0	0.0	51.18029446207705	0.0	0.0	9.643020498196062	0.0	101.2353415132634	48.239300514422645	73.96913496856764	6.198368316295764	0.0	0.0	62.54245268082707	6.828362556130667	19.49283918930715	0.0	0.0	0.0	0.0	0.0	0.0	0.0	0.0	0.0
contig_587615	4.88772541031409	0.0	0.0	0.0	0.0	0.0	0.0	0.0	0.0	0.0	0.0	0.0	0.0	0.0	0.0	0.0	0.0	0.0	0.0	0.0	0.0	0.0	0.0	0.0	0.0	0.0
contig_587857|provirus_10404_23958	0.0	0.0	0.0	0.0	0.0	0.0	0.0	0.0	0.0	0.0	0.0	0.0	0.0	0.0	0.0	8.819546731574066	0.0	0.0	0.0	0.0	0.0	0.0	0.0	0.0	0.0	0.0
contig_588865	0.0	0.0	0.0	280.1385128224409	81.82018277243692	3.1354872365717115	91.59562412397048	11.463626822921626	233.88545989949174	21.66019910513655	32.81059041240378	123.45686493136422	65.89614588922868	17.006143718017693	59.205054336154035	3.8946974310622755	29.90331868743102	147.61948536993063	210.90174699785288	70.17540502566192	875.8591272389361	175.05739879345	1079.594102621823	572.3041615308233	422.5412274291403	430.1405454229343
contig_589775	0.0	0.0	0.0	0.0	0.0	0.0	0.0	0.0	0.0	0.0	0.0	0.0	0.0	0.0	0.0	16.90183065422005	0.0	0.0	0.0	0.0	0.0	0.0	0.0	0.0	0.0	0.0
contig_590725	1.9960145943861398	2.98215809288604	0.0	0.0	0.0	0.0	0.0	0.0	0.0	0.0	0.0	0.0	0.0	0.0	0.0	26.324349663059262	0.0	0.0	0.0	29.00002726791294	0.0	0.0	0.0	0.0	0.0	0.0
contig_591846	0.0	0.0	0.0	0.0	0.0	15512.918923262863	78986.72509888743	102652.24140724463	40.16661104007223	0.0	0.0	23727.368654255893	10590.763423346394	17012.128460243497	0.0	0.0	0.0	66959.7782807809	38235.80114634792	24626.186602981597	0.0	0.0	0.0	73.10140687445646	183.8644872534549	0.0
contig_594263	0.0	0.0	0.0	0.0	0.0	0.0	0.0	0.0	0.0	0.0	0.0	0.0	0.0	0.0	0.0	65.01016208037991	7.561486692877821	0.0	0.0	0.0	0.0	0.0	0.0	0.0	0.0	0.0
contig_594510	11.206858423918263	29.101831341138812	0.7309897032214875	0.0	0.0	0.0	0.0	0.0	0.0	0.0	0.0	0.0	0.0	0.0	0.0	0.0	0.0	76.49826666411002	93.99312929842196	0.0	0.0	0.0	2.9720772888901372	0.0	0.0	17.833815497871868
contig_595569	0.0	0.0	0.0	0.0	0.0	0.0	0.0	0.0	0.0	0.0	0.0	0.0	3.0409567303871876	0.0	0.0	0.0	0.0	0.0	0.0	0.0	0.0	0.0	0.0	0.0	0.0	0.0
contig_596198	0.0	0.0	0.0	0.0	0.0	0.0	0.0	0.0	0.0	0.0	0.0	0.0	0.0	0.0	0.0	0.0	0.0	105.982723605444	1107.7925555362187	144.65437159570715	0.0	0.0	0.0	0.0	0.0	0.0
contig_596292	28.202829597603312	32.07462300950362	22.58138402713637	0.0	0.0	2.499320460353325	0.0	0.0	0.0	3.735535842278775	0.0	5.7768617249740934	0.0	0.0	0.0	23.530124477507705	0.0	0.0	0.0	0.0	25.76719614919495	28.41984764821376	21.26719480919475	2.79252464110418	11.713929670144768	15.900430836349306
contig_596363	0.0	0.0	0.0	0.0	0.0	67.0905542701452	66.62607669507396	0.0	0.0	0.0	0.0	23.42647834417495	9.122322369736533	21.28772093224465	15.19945807068761	4.679605745167508	0.0	59.3828862306603	64.34240159209979	30.0636824875443	67.99795646163541	0.0	86.28859981326075	78.44613094156881	82.91870919940867	107.59211234634309
contig_596423	0.0	0.0	0.0	0.0	0.0	0.0	0.0	0.0	0.0	0.0	0.0	0.0	0.0	0.0	0.0	0.0	0.0	0.0	0.0	0.0	6.045728470849087	0.0	0.0	0.0	0.0	0.0
contig_596446|provirus_13678_60855	0.0	0.0	0.0	0.0	0.0	0.0	0.0	0.0	23.247551030722214	0.0	0.0	13.30730160031289	0.0	0.0	0.0	19.138254105166126	18.199270585468465	0.0	0.0	0.0	0.0	0.0	0.0	0.0	0.0	0.0
contig_597675	0.0	0.0	0.0	20.412013601016433	56.50470330204178	68.27385512172243	0.0	0.0	0.0	0.0	0.0	7.2190131170994	0.0	0.0	9.519081636100958	0.0	0.0	24.96219294688064	0.0	142.907536729654	54.93700750576999	5.239309058310922	110.45107562799892	219.56968163064707	65.68231999145864	80.09968189762883
contig_599383	0.0	0.0	0.0	0.0	0.0	0.0	0.0	0.0	0.0	0.0	0.0	0.0	0.0	0.0	0.0	40.844156231903106	0.0	0.0	0.0	26.808905482649028	0.0	0.0	0.0	0.0	0.0	0.0
contig_599389|provirus_6403_23288	0.0	0.0	0.0	0.0	0.0	0.0	0.0	0.0	0.0	0.0	0.0	0.0	0.0	0.0	0.0	62.2441566636652	22.285466950774303	0.0	0.0	0.0	0.0	0.0	0.0	0.0	0.0	0.0
contig_606678	0.0	0.0	0.0	79.39370692554171	63.81582622028067	98.30443108722588	283.235460544614	160.06633144357758	15.269901865555857	0.0	0.0	22.296309105690828	32.23383235306753	32.5838897670764	0.0	0.0	6.466766330323201	182.52972171904398	88.17177693093542	52.44378632086886	315.82091039945396	25.684722032706997	404.62859558148375	174.5234948321688	174.7495708829471	274.3753274533198
contig_617111	0.0	0.0	0.0	0.0	0.0	0.0	0.0	0.0	0.0	1.5988441558956636	0.0	0.0	0.0	0.0	0.0	7.148499085353055	0.0	0.0	0.0	0.0	0.0	0.0	3.6894634554642636	0.0	0.0	0.0
contig_630495	0.0	0.0	0.0	0.0	0.0	565.4326463835249	577.602286731626	0.0	0.0	0.0	0.0	0.0	0.0	0.0	0.0	0.0	0.0	248.06985769088945	168.49213369949715	0.0	0.0	0.0	0.0	122.64745219817213	556.0738725492557	0.0
contig_633616	0.0	0.0	0.0	0.0	0.0	0.0	0.0	0.0	0.0	0.0	0.0	0.0	0.0	0.0	0.0	3.23194495404323	0.0	0.0	0.0	0.0	0.0	0.0	0.0	0.0	0.0	0.0
contig_635923	0.0	0.0	0.0	0.0	0.0	0.0	0.0	0.0	0.0	0.0	0.0	0.0	0.0	0.0	17.75109328054279	0.0	0.0	0.0	0.0	0.0	0.0	0.0	0.0	0.0	0.0	0.0
contig_639588	0.0	0.0	0.0	0.0	0.0	0.0	0.0	0.0	42.41628743014852	0.0	0.0	0.0	0.0	0.0	0.0	0.0	0.0	0.0	0.0	0.0	0.0	0.0	16.852973587044048	0.0	0.0	0.0
contig_649846	7.240949348809025	45.3845129191237	9.929917068141055	0.0	0.0	16.68312171531326	0.0	0.0	0.0	0.0	0.0	0.0	0.0	0.0	0.0	0.0	0.0	0.0	24.58433963979723	0.0	0.0	0.0	6.028942901818679	42.85534419308816	16.59751093689049	26.93486755639385
contig_650820	15.913794094421382	0.0	11.209257547234506	0.0	32.43965656020452	0.0	0.0	0.0	0.0	0.0	0.0	7.42725483376214	0.0	0.0	0.0	2.43491681049366	0.0	0.0	0.0	9.3584463598688	0.0	0.0	3.40520739928348	0.0	0.0	0.0
contig_661725	0.0	0.0	0.0	107.11432869155833	119.28438184776499	28.37126017629834	205.36318629737957	112.80004793210762	0.0	0.0	0.0	23.799272049305223	0.0	0.0	0.0	0.0	0.0	0.0	4.852506033323287	20.1273166222655	181.62838364810622	0.0	195.84256862864913	33.52819801229867	42.86752084594673	90.65082241610136
contig_661894	0.0	0.0	0.0	0.0	0.0	0.0	20.36301627664289	0.0	0.0	0.0	0.0	0.0	0.0	0.0	0.0	0.0	0.0	0.0	0.0	0.0	0.0	0.0	0.0	0.0	0.0	0.0
contig_662339	0.0	0.0	0.0	0.0	0.0	0.0	0.0	0.0	0.0	0.0	0.6321115748831693	0.0	0.0	0.0	0.0	0.0	0.0	0.0	0.0	0.0	0.0	0.0	0.0	0.0	0.0	0.0
contig_662831	0.0	0.0	0.0	64.99501691708502	0.0	539.6138528101052	105.71819266990383	140.501121381008	118.51419280191905	0.0	0.0	59.798625282847595	97.50758564161491	131.53497270146872	0.0	0.0	0.0	0.0	159.1956695561583	0.0	152.8613214197016	82.85920776382694	160.5059977910643	402.2540425325966	313.9689767417366	309.4142102913484
contig_663660	0.0	0.0	0.0	4.7225737857322	0.0	0.0	0.0	0.0	0.0	28.853344485773697	0.0	0.0	0.0	0.0	0.0	0.0	0.0	0.0	0.0	0.0	0.0	0.0	0.0	0.0	0.0	0.0
contig_664123	0.0	0.0	0.0	0.0	30.467581030476776	0.0	0.0	0.0	0.0	0.0	0.0	0.0	0.0	0.0	0.0	0.0	0.0	0.0	0.0	0.0	0.0	0.0	0.0	0.0	0.0	222.70372377186956
contig_664612	1.324535427484948	0.0	1.1250759708191151	0.0	0.0	0.639346901998835	0.0	0.0	0.0	14.325878880389306	0.0	0.0	0.0	0.0	0.0	1.8425739399192451	0.0	0.0	36.36973616485602	0.0	109.37640572764595	133.33578247611788	138.59473869681102	10.049236384543242	3.142579686374452	0.0
contig_664663	0.0	0.0	0.0	8.7096556532663	0.0	0.0	0.0	123.58109143568328	0.0	0.0	0.0	0.0	0.0	23.825041385996656	0.0	0.0	0.0	0.0	24.17864777156209	0.0	0.0	0.0	0.0	0.0	0.0	0.0
contig_665504	0.0	0.0	0.0	0.0	0.0	0.0	0.0	0.0	21.225593991784013	0.0	9.039645318669114	0.0	0.0	0.0	0.0	0.0	0.0	0.0	0.0	0.0	19.103255635493493	14.919649967991987	0.0	0.0	0.0	0.0
contig_665524	0.0	0.0	0.0	0.0	0.0	0.0	0.0	0.0	0.0	0.0	0.0	0.0	0.0	0.0	0.0	0.0	0.0	0.0	0.0	0.0	37.13342152204711	0.0	0.0	0.0	0.0	0.0
contig_665529	0.0	0.0	0.0	0.0	0.0	0.0	0.0	0.0	33.784558809753314	0.0	0.0	0.0	0.0	0.0	0.0	0.0	0.0	0.0	0.0	0.0	0.0	0.0	0.0	0.0	0.0	0.0
contig_665610	0.0	0.0	0.0	0.0	0.0	0.0	0.0	1.36846119368995	0.0	0.0	0.0	0.0	0.0	0.0	0.0	0.0	0.0	0.0	0.0	0.0	0.0	0.0	0.0	0.0	0.0	0.0
contig_665730	0.0	0.0	0.0	0.0	0.0	0.0	0.0	0.0	0.0	0.0	0.0	0.0	0.0	19.609416195639	0.0	0.0	0.0	0.0	0.0	0.0	11.960137698411316	0.0	0.0	0.0	0.0	0.0
contig_665805	0.0	0.0	0.0	0.0	0.0	0.0	3.811068918741684	0.0	0.0	0.0	0.0	0.0	2.668609145612385	0.0	0.0	0.0	0.0	0.0	0.0	0.0	0.0	0.0	9.36286139923342	0.0	0.0	0.0
contig_666010	0.0	0.0	0.0	0.0	0.0	0.0	0.0	0.0	0.0	0.0	0.0	0.0	0.0	0.0	0.0	4.625499408169622	0.0	0.0	0.0	0.0	0.0	0.0	0.0	0.0	0.0	0.0
contig_666189	0.0	0.0	0.0	0.0	0.0	0.0	0.0	43.01403086648155	0.0	0.0	0.0	0.0	0.0	0.0	0.0	0.0	0.0	0.0	0.0	0.0	0.0	0.0	0.0	0.0	0.0	0.0
contig_666299|provirus_6043_23234	0.0	0.0	0.0	0.0	0.0	0.0	0.0	45.44454354997142	41.394463210029826	7.02774073482846	0.0	0.0	0.0	0.0	0.0	0.0	0.0	0.0	0.0	0.0	0.0	0.0	0.0	0.0	0.0	0.0
contig_666400	0.0	0.0	0.0	0.0	0.0	0.0	0.0	0.0	0.0	0.0	0.0	0.0	0.0	0.0	0.0	0.0	4.495335192747491	0.0	0.0	0.0	0.0	0.0	0.0	0.0	0.0	0.0
contig_666446	0.0	0.0	0.0	0.0	0.0	0.0	0.0	3.434948659834722	0.0	0.0	0.0	4.924774891435533	61.9054810122185	171.60764785445176	0.0	0.0	0.0	0.0	0.0	0.0	0.0	12.919395685829349	22.38125040036649	0.0	0.0	0.0
contig_667997	0.0	0.0	0.0	0.0	0.0	0.0	11.74334806253147	0.0	0.0	0.0	0.0	0.0	0.0	0.0	0.0	0.0	0.0	0.0	0.0	0.0	0.0	0.0	0.0	0.0	0.0	0.0
contig_668238	0.0	0.0	0.0	0.0	0.0	51.14317180972008	40.79713833134951	28.236503881064024	0.0	0.0	0.0	0.0	0.0	0.0	0.0	0.0	0.0	0.0	0.0	23.87771581481164	41.553972477138544	0.0	61.83691156918306	43.866648192736186	28.583259630388408	0.0
contig_668673	0.0	0.0	0.0	0.0	16.361725245660597	0.0	0.0	0.0	0.0	0.0	0.0	0.0	0.0	0.0	0.0	0.0	0.0	0.0	0.0	0.0	0.0	0.0	0.0	0.0	0.0	0.0
contig_668773	0.0	0.0	0.0	0.0	0.0	0.0	0.0	10.587518834474258	0.0	0.0	0.0	0.0	0.0	0.0	0.0	0.0	0.0	0.0	0.0	0.0	0.0	0.0	0.0	0.0	0.0	0.0
contig_669064	0.0	0.0	0.0	0.0	0.0	0.0	85.88033591007189	0.0	0.0	0.0	0.0	0.0	0.0	0.0	0.0	216.9448639876973	0.0	356.5027855495084	0.0	86.6036306510515	0.0	0.0	0.0	0.0	0.0	0.0
contig_669675	0.0	0.0	0.0	0.0	0.0	90.69776056848399	5.995889598394224	0.0	0.0	0.0	0.0	0.0	0.0	1.6996288653869078	0.0	0.0	0.0	0.0	0.0	0.0	0.0	0.0	0.0	13.371314752010193	13.905847303583178	9.72529472246518
contig_670513	0.0	0.0	0.0	0.0	0.0	0.0	0.0	0.0	0.0	0.0	0.0	0.0	0.0	0.0	0.0	0.0	28.04464659049845	0.0	0.0	0.0	0.0	23.359817468155136	24.401445119256998	0.0	0.0	0.0
contig_670656	0.0	0.0	0.0	0.0	0.0	0.0	0.0	0.0	0.0	0.0	0.0	0.0	0.0	0.0	8.91033746885364	0.0	0.0	0.0	0.0	0.0	0.0	0.0	0.0	0.0	0.0	0.0
contig_672682	0.0	0.0	0.0	0.0	0.0	4.232597728235463	3.278139878949055	0.0	0.0	0.0	0.0	0.0	0.0	20.52071735857088	0.0	0.0	0.0	0.0	0.0	9.978894235005818	0.0	0.0	0.0	7.945390420651901	0.0	0.0
contig_672826	0.0	0.0	0.0	0.0	0.0	0.0	0.0	0.0	0.0	0.0	0.0	0.0	0.0	0.0	0.0	0.0	0.0	0.0	0.0	0.0	1.9113347226721442	0.0	0.0	0.0	0.0	0.0
contig_672843	0.0	0.0	0.0	0.0	0.0	0.0	0.0	0.0	29.566718112281574	6.406941238940274	0.0	0.0	0.0	0.0	0.0	0.0	0.0	0.0	0.0	0.0	0.0	0.0	0.0	0.0	0.0	0.0
contig_673160	4.7393609065499485	0.0	1.2925728992820744	0.0	0.0	4.868340733786952	0.0	0.0	0.0	6.805595698317987	0.0	0.0	48.45142477514616	15.560727344367026	0.0	8.41835492460281	0.0	0.0	0.0	0.0	146.44125597010375	192.34045703928578	139.21216416385366	6.479913113080781	0.0	0.0
contig_673351	0.0	0.0	0.0	0.0	0.0	0.0	0.0	0.0	0.0	0.0	0.0	0.0	0.0	0.0	0.0	0.0	0.0	0.0	0.0	0.0	0.0	0.0	0.0	11.518047462368713	0.0	0.0
contig_673500|provirus_3722_9119	0.0	0.0	0.0	0.0	0.0	0.0	0.0	70.02624040657447	0.0	0.0	0.0	40.257513052743704	67.571275018477	27.44160285052687	0.0	0.0	0.0	0.0	0.0	0.0	0.0	0.0	0.0	0.0	0.0	0.0
contig_675166	0.0	0.0	0.0	21.293420616998535	3.9428975669348323	5988.945024083835	3886.2094913167334	7639.500368688276	0.9648842808979936	4.028021910993487	17.07768970009615	139.8797209001698	22.571744545954243	28.26762093945704	0.0	11.018966594860284	0.0	1883.6306233204748	878.8251906035761	3144.023068143418	0.0	0.0	0.0	17.651059800962692	0.0	4.351695250589937
contig_676397	0.0	0.0	0.0	3.467662851448543	0.0	0.0	0.0	0.0	0.0	0.0	0.0	0.0	0.0	0.0	0.0	0.0	0.0	0.0	0.0	0.0	0.0	0.0	0.0	0.0	0.0	0.0
contig_677311	0.0	0.0	0.0	0.0	0.0	10.263397630085892	0.0	1.570585157819777	0.0	0.0	0.0	47.81117222607141	0.0	19.885386690216755	0.0	42.24686145418218	0.0	65.26998668635241	57.646729993011235	83.14527941775249	0.0	0.0	0.0	0.0	0.0	0.0
contig_677612	0.0	0.0	0.0	0.0	0.0	0.0	0.0	0.0	0.0	0.0	1.8110750221630125	0.0	0.0	0.0	0.0	0.0	0.0	0.0	0.0	0.0	0.0	0.0	0.0	0.0	0.0	0.0
contig_678139	0.0	0.0	0.0	0.0	0.0	0.0	0.0	8.96407836079163	0.0	0.0	0.0	0.0	0.0	0.0	0.0	0.0	0.0	0.0	0.0	0.0	9.58555231796368	0.0	5.7576177399722	0.0	0.0	0.0
contig_679090	0.0	0.0	0.0	0.0	0.0	0.0	4.87371874208595	97.5820466607967	0.0	0.0	0.0	0.0	0.0	0.0	0.0	0.0	0.0	0.0	0.0	0.0	25.176588487055284	0.0	18.450578541154965	15.030296135665301	0.0	0.0
contig_679517|provirus_3833_41670	0.0	0.0	0.0	0.0	0.0	0.0	0.0	0.0	36.640783729399345	0.0	11.351430393114017	14.837548991024065	0.0	0.0	0.0	58.20017443950634	0.0	59.91476064887117	42.13460529699301	55.71242947496158	0.0	0.0	0.0	0.0	0.0	0.0
contig_680046	0.0	0.0	0.0	0.0	0.0	0.0	0.0	0.0	0.0	11.603679670285421	0.0	6.573606479901167	0.0	0.0	0.0	0.0	0.0	0.0	0.0	0.0	0.0	0.0	0.0	0.0	0.0	0.0
contig_680545	0.0	0.0	0.0	0.0	0.0	0.0	0.0	0.0	0.0	0.0	0.0	0.0	16.19440676515414	0.0	0.0	0.0	0.0	0.0	0.0	0.0	0.0	0.0	0.0	0.0	0.0	0.0
contig_680742	0.0	0.0	0.0	0.0	0.0	0.0	0.0	0.0	0.0	0.0	0.0	0.0	0.0	147.1363489972684	0.0	0.0	0.0	0.0	0.0	0.0	0.0	0.0	0.0	0.0	0.0	0.0
contig_681080	0.0	0.0	0.0	0.0	7.1533325997820985	0.0	35.473643312059465	0.0	0.0	0.0	0.0	0.0	0.0	0.0	0.0	0.0	0.0	0.0	0.0	361.93399093170603	0.0	0.0	0.0	0.0	0.0	0.0
contig_682295	3.677787824058427	0.0	0.0	0.0	0.0	0.0	2.666386221912782	10.439537490043199	0.0	0.0	0.0	0.0	0.0	0.0	0.0	0.0	0.0	0.0	0.0	0.0	0.0	0.0	0.0	0.0	0.0	0.0
contig_683181	0.0	0.0	0.0	0.0	0.0	0.0	11.86519432205846	0.0	0.0	0.0	0.0	12.54081698222353	0.0	0.0	0.0	0.0	0.0	0.0	0.0	0.0	0.0	0.0	0.0	0.0	0.0	0.0
contig_683260	0.0	0.0	0.0	0.0	0.0	0.0	0.0	0.0	9.247421486010934	2.757802753633013	0.0	0.0	0.0	0.0	0.0	0.0	0.0	0.0	0.0	0.0	13.201077865820167	0.0	0.0	0.0	0.0	0.0
contig_683677	0.0	0.0	0.0	0.0	0.0	0.0	0.0	0.0	0.0	0.0	0.0	0.0	0.0	0.0	0.0	0.0	0.0	3.2952600323024654	0.0	0.0	0.0	0.0	0.0	0.0	0.0	0.0
contig_683993	74.98656489858365	27.11686726050155	65.81981498973947	23.018479973291	27.35097736660895	13.894726273043975	10.46849450966395	12.919805862467324	7.607552783497625	15.993407806576876	25.770353151210777	40.39600421274237	47.95216177063875	16.56494077714445	0.0	0.0	0.0	0.0	0.0	107.46315938628024	47.98977767051977	46.62012311606958	35.589571714866004	4.126232466636525	55.17010676402147	20.5655424077095
contig_684371	15.186594917351641	0.0	10.77629933497594	0.0	0.0	0.0	29.4659626678093	3.49360092977316	0.0	0.0	0.0	0.0	0.0	3.9499187372525597	0.0	34.700422615479084	0.0	0.0	0.0	0.0	0.0	0.0	0.0	0.0	18.345659262297563	0.0
contig_684924	0.0	0.0	0.0	0.0	0.0	0.0	0.0	0.0	0.0	0.0	0.0	0.0	0.0	9.121886912562926	0.0	0.0	6.385007668620194	0.0	0.0	0.0	24.820051833055295	0.0	0.0	0.0	0.0	0.0
contig_685940	0.0	0.0	0.0	0.0	0.0	5.0266594596895	0.0	30.19986760215494	0.0	0.0	0.0	0.0	0.0	0.0	0.0	0.0	0.0	0.0	0.0	0.0	0.0	0.0	0.0	0.0	0.0	0.0
contig_686008	0.0	0.0	0.0	0.0	0.0	1175.1057448725253	1843.9029268324898	527.0683757466059	0.0	0.0	0.0	743.8324710887233	1595.1710221867093	381.2692106950571	0.0	0.0	0.0	68.9875141762693	243.3667452224448	91.96460626334245	0.0	0.0	0.0	69.8667593961073	29.851201108234658	0.0
contig_687325	0.0	0.0	0.0	0.0	0.0	0.0	45.081390165077934	16.754418850798537	0.0	0.0	0.0	8.792906055235875	0.0	0.0	0.0	0.0	0.0	0.0	0.0	0.0	50.633968305347565	0.0	80.08539168292218	42.588614170755136	30.82282500804319	39.9168471686528
contig_688784	0.0	0.0	0.0	5.0339906842144435	0.0	0.0	0.0	0.0	0.0	2.5501320773811678	40.853264971370386	163.07697847764277	100.15117136041813	63.30885634958852	0.0	10.89430783685543	37.9531894702065	0.0	0.0	0.0	30.8784135438916	17.454185478977255	47.96210251359476	6.679156260275892	0.0	0.0
contig_688984	0.0	0.0	0.7384720188307885	0.0	0.0	0.0	0.0	0.0	0.0	0.0	0.0	0.0	0.0	0.0	0.0	0.0	0.0	0.0	0.0	0.0	0.0	0.0	0.0	0.0	6.063509754546857	0.0
contig_689486	0.0	0.0	0.0	135.72076829528754	0.0	0.0	0.0	0.0	0.0	73.61634148158211	0.0	0.0	522.5787322885512	0.0	0.0	0.0	0.0	0.0	0.0	0.0	0.0	0.0	0.0	0.0	0.0	0.0
contig_689558	0.0	0.0	0.0	12.548716801337509	19.62370912507369	29.045136932689	40.219797575307055	116.094046111616	0.0	0.0	0.0	0.0	0.0	0.0	0.0	0.0	0.0	0.0	0.0	0.0	142.10794702984475	0.0	61.81425127118293	49.62696759475161	22.11857417101106	22.8975609733089
contig_689636	0.0	0.0	0.0	0.0	0.0	0.0	0.0	0.0	19.471841481131595	0.0	0.0	0.0	0.0	0.0	0.0	0.0	0.0	0.0	0.0	0.0	1.3938444197498352	0.0	0.0	0.0	0.0	0.0
contig_689854	0.0	0.0	0.0	8.161855785571285	23.325462329557144	0.0	0.0	0.0	0.0	0.0	0.0	0.0	0.0	0.0	0.0	0.0	0.0	0.0	0.0	0.0	0.0	0.0	0.0	0.0	0.0	0.0
contig_690651	0.0	0.0	0.0	0.0	0.0	0.0	0.0	0.0	0.0	0.0	0.0	0.0	0.0	0.0	0.0	0.0	0.0	0.0	0.0	0.0	16.260924852628555	0.0	0.0	0.0	0.0	0.0
contig_690986	0.0	0.0	0.0	0.0	0.0	0.0	0.0	132.8771398466324	0.0	0.0	0.0	0.0	0.0	0.0	0.0	0.0	0.0	0.0	0.0	0.0	0.0	0.0	0.0	0.0	0.0	0.0
contig_693807	0.0	0.0	0.0	0.0	0.0	0.0	0.0	0.0	0.0	0.0	0.0	0.0	0.0	0.0	0.0	0.0	0.0	0.0	0.0	104.55470279403605	0.0	0.0	0.0	0.0	0.0	0.0
contig_694834	30.888381811519263	17.721369919863392	20.535300771251794	0.0	0.0	0.0	0.0	3.3839871004476367	0.0	0.0	0.0	0.0	0.0	0.0	0.0	7.642822956310673	0.0	0.0	0.0	0.0	0.0	0.0	0.0	0.0	0.0	0.0
contig_696434	0.0	0.0	0.0	0.0	0.0	0.0	0.0	6.479824288152874	0.0	1.7620158649772428	0.0	32.30875801849923	64.39510504780341	125.1031186047768	0.0	0.0	0.0	0.0	0.0	0.0	0.0	3.564635566134532	0.0	0.0	0.0	0.0
contig_698499	0.0	0.0	0.0	0.0	0.0	0.0	0.0	0.0	0.0	0.0	0.0	0.0	0.0	0.0	0.0	0.0	0.0	0.0	0.0	0.0	11.682132602314026	0.0	8.417628507588642	0.0	0.0	0.0
contig_698850	0.0	0.0	0.0	0.0	0.0	0.0	0.0	15.3567712264704	0.0	0.0	0.0	0.0	0.0	109.80088555932937	0.0	0.0	0.0	0.0	0.0	0.0	0.0	0.0	0.0	0.0	0.0	0.0
contig_699183	0.0	0.0	0.0	0.0	0.0	0.0	2.8728528324361835	0.0	0.0	0.0	0.0	0.0	0.0	0.0	0.0	0.0	0.0	0.0	0.0	0.0	0.0	0.0	9.05934202040635	15.972039112069671	0.0	0.0
contig_699224	0.0	0.0	0.0	0.0	0.0	0.0	0.0	0.0	0.0	0.0	0.0	0.0	0.0	0.0	0.0	0.0	0.0	0.0	54.00697731461369	0.0	0.0	0.0	0.0	0.0	0.0	0.0
contig_699679	0.0	0.0	0.0	2.879831873535747	4.54151141540086	0.0	0.0	39.76655735071908	0.0	0.0	0.0	0.0	0.0	0.0	0.0	0.0	0.0	0.0	0.0	0.0	12.540147562550882	0.0	0.0	0.0	0.0	0.0
contig_699703	0.0	0.0	0.0	0.0	0.0	0.0	0.0	20.0685678829606	0.0	0.0	0.0	0.0	0.0	0.0	0.0	0.0	0.0	0.0	0.0	0.0	0.0	0.0	0.0	0.0	0.0	0.0
contig_700139	0.0	0.0	0.0	0.0	0.0	0.0	0.0	18.588522186119498	0.0	0.0	0.0	0.0	27.76202417258524	0.0	0.0	0.0	35.979942332486985	0.0	0.0	0.0	49.99935527285306	0.0	44.7267888744513	0.0	0.0	0.0
contig_700660	0.0	0.0	0.0	15.50576949564449	0.0	0.0	0.0	8.23853304143196	0.0	3.95914696685945	0.0	11.90240590629334	6.0422339353835	0.0	0.0	0.0	0.0	0.0	0.0	0.0	0.0	0.0	0.0	0.0	0.0	0.0
contig_701071	0.0	0.0	0.0	0.0	0.0	0.0	0.0	4.721057669238671	0.0	0.0	0.0	0.0	0.0	0.0	0.0	0.0	0.0	0.0	0.0	0.0	0.0	0.0	0.0	0.0	0.0	0.0
contig_701922	0.0	0.0	0.0	32.70572956297876	0.0	0.0	20.052342923920403	0.0	0.0	0.0	0.0	431.34471958245103	0.0	251.26250885305657	0.0	0.0	76.08665388002746	0.0	57.11797260215426	0.0	37.83183327571805	0.0	0.0	0.0	0.0	15.426799100616986
contig_703869	0.0	0.0	0.0	0.0	0.0	0.0	0.0	0.0	0.0	0.0	0.0	0.0	0.0	0.0	0.0	0.0	0.0	0.0	0.0	0.0	6.182740938943836	0.0	4.731817671475457	0.0	0.0	5.8001887283111
contig_705345	0.0	0.0	0.0	21.647612520126817	0.0	0.0	0.0	10.316742377720555	0.0	4.145034041355473	0.0	3.549022284104091	59.72088279382424	19.79102692996455	0.0	0.0	0.0	0.0	0.0	0.0	0.0	0.0	0.0	0.0	0.0	0.0
contig_706124|provirus_3_28512	0.0	0.0	0.0	688.4443643038948	146.47463784231536	35.64387028937826	114.17095390976914	11.327876636402701	351.3594248150121	49.20422424457435	25.705171899631065	209.86101046459146	90.17614140675126	0.0	160.21342283297835	15.666087489412199	53.63688894159382	70.88563722250613	205.28705924427652	251.85613865559014	677.1148044567092	87.95310030814183	783.2418075908689	732.3928818346646	261.51483992351274	626.8452035032723
contig_706473	0.0	0.0	0.0	0.0	0.0	0.0	0.0	0.0	0.0	0.0	0.0	0.0	0.0	94.35901868426744	0.0	0.0	0.0	0.0	0.0	0.0	0.0	0.0	8.225518827664178	0.0	0.0	0.0
contig_706784	0.0	0.0	0.0	6.984965353827389	0.0	0.0	0.0	1.3842914764880343	0.0	0.0	0.0	0.0	0.0	0.0	0.0	1.1015512267865115	0.0	0.0	0.0	0.0	71.34505104440414	121.50560806045237	80.50824979848228	12.9021646279226	0.0	0.0
contig_706836	0.0	0.0	0.0	93.60545111033194	0.0	0.0	0.0	13.824732193773029	26.170653976026916	18.454493612398522	0.0	53.92694214757888	0.0	0.0	0.0	0.0	0.0	0.0	0.0	0.0	0.0	0.0	0.0	0.0	0.0	0.0
contig_706928	1.6520544236412182	0.0	0.0	0.0	0.0	0.0	0.0	0.0	0.0	0.0	0.0	0.0	0.0	0.0	0.0	0.0	0.0	0.0	0.0	0.0	0.0	3.1611965578716203	0.0	0.0	0.0	0.0
contig_707063	0.0	0.0	0.0	0.0	0.0	0.0	0.0	16.5176807916622	0.0	0.0	0.0	0.0	0.0	0.0	6.0342918842304	5.12852795327233	2.0742458040659284	0.0	0.0	0.0	0.0	0.0	12.791232754352185	0.0	0.0	0.0
contig_707968	0.0	0.0	0.0	30.29282721353023	0.0	0.0	0.0	0.0	0.0	16.328336357656273	0.0	15.423081093428111	0.0	0.0	0.0	0.0	0.0	0.0	0.0	0.0	0.0	0.0	0.0	0.0	0.0	0.0
contig_708387	0.0	0.0	0.0	0.0	0.0	0.0	0.0	0.0	0.0	0.0	0.0	0.0	60.34608934257058	227.82099014109147	0.0	0.0	0.0	0.0	0.0	0.0	0.0	0.0	0.0	0.0	0.0	0.0
contig_709158	0.0	0.0	0.0	1819.4934574376168	608.7960765683381	19.961589103789304	192.35839436723208	7.6578618803771485	404.3849218550433	68.44796417715912	65.10497067797515	174.85390207834914	61.200029193844685	6.890434530865106	307.69129934605957	5.868687229683239	60.76420371069071	61.129290741443974	129.40374614077564	379.33647251677047	1645.7203170212454	134.24395018532493	1552.8617090213038	965.0789652614545	407.9001442194139	1174.5043396564702
contig_709641	3.9906629543268965	0.0	6.934097338284977	0.0	0.0	9.84659685076951	8.88611734884161	0.0	0.0	19.326233822450146	0.0	23.407893961325268	0.0	9.676267962416789	0.0	0.0	0.0	0.0	0.0	0.0	0.0	0.0	0.0	0.0	0.0	0.0
contig_709720	0.0	0.0	0.0	0.0	0.0	0.0	4.3116965984123	0.0	0.0	0.0	0.0	0.0	0.0	0.0	0.0	0.0	0.0	0.0	0.0	0.0	0.0	0.0	0.0	0.0	0.0	0.0
contig_710251	0.0	0.0	0.0	12.603497273833787	0.0	0.0	0.0	109.72489907643839	98.10043953261948	28.4490508521518	0.0	140.83216322461269	714.8866104623643	411.0917787379479	0.0	8.509759637997487	0.0	0.0	0.0	0.0	31.849170324063316	29.978396800088348	44.18656629975411	0.0	0.0	0.0
contig_710991	7.287022048847682	2.906219477645576	6.281016970281612	0.0	6.651239400059905	14.577587339638177	14.003166343159402	5.342182286673436	10.325669464094064	9.4039398354383	22.444181360064782	6.206269944427936	4.248840819326736	6.635865083373901	0.0	2.981427942002807	0.0	0.0	0.0	22.081171046259385	9.25387412363293	10.433120816423827	8.003737780615706	1.322241040911042	15.283845217032493	18.8083791674981
contig_711061	0.0	0.0	0.0	0.0	0.0	0.0	0.0	67.76048993785616	5.641277991724839	0.0	0.0	0.0	66.879502609443	36.49666779428301	0.0	0.0	0.0	0.0	0.0	0.0	0.0	0.0	0.0	0.0	0.0	0.0
contig_712079	0.0	0.0	0.0	0.0	0.0	0.0	0.0	0.0	0.0	0.0	0.0	3.9042681630485667	0.0	0.0	0.0	0.0	0.0	0.0	0.0	0.0	0.0	0.0	0.0	0.0	0.0	0.0
contig_713188	0.0	0.0	0.0	6.023922271901717	17.260606578306465	0.0	0.0	0.0	0.0	0.0	0.0	0.0	0.0	0.0	0.0	0.0	0.0	0.0	0.0	0.0	0.0	0.0	5.341033578586283	0.0	0.0	0.0
contig_713418	0.0	0.0	0.0	0.0	0.0	12675.993960980028	8367.554220856491	32279.5717547837	0.0	13.877780401589662	81.32797532221889	497.6416249951019	183.44047616541732	210.18867011907562	0.0	0.0	0.0	5430.576265512734	1984.3429807417654	4992.514080356523	0.0	0.0	10.776456961306637	128.23585769171112	71.62004483693497	38.69594917203879
contig_714179	0.0	0.0	0.0	0.0	99.34533549621842	0.0	0.0	0.0	0.0	0.0	0.0	0.0	0.0	0.0	0.0	0.0	0.0	0.0	0.0	0.0	86.10661266122825	0.0	74.46306708854898	0.0	0.0	0.0
contig_715825	0.0	0.0	0.0	0.0	0.0	0.0	0.0	0.0	124.84396572257873	16.550931877335344	0.0	0.0	0.0	0.0	0.0	0.0	0.0	0.0	0.0	0.0	0.0	0.0	0.0	0.0	0.0	0.0
contig_716412	0.0	0.0	0.0	0.0	0.0	0.0	0.0	15.773835116846335	0.0	0.0	0.0	0.0	0.0	21.37158300672813	0.0	0.0	0.0	0.0	0.0	0.0	0.0	0.0	0.0	0.0	0.0	0.0
contig_717369	0.0	0.0	0.0	0.0	0.0	0.0	0.0	0.0	0.0	1.1222230975751883	0.0	7.427090911815888	11.553099352824088	97.24425925930433	0.0	0.0	0.0	0.0	0.0	0.0	0.0	5.413218167748997	0.0	0.0	0.0	0.0
contig_718869	2.749072005316575	0.0	5.100306310150703	0.0	32.1675822986984	5.7992240511501505	38.39660553277657	14.168580199534981	37.55219952202302	18.471308384519656	25.991112856338606	30.181759205819485	5.962421987519075	4.537068819817142	0.0	0.0	0.0	0.0	0.0	0.0	0.0	1.9668480835856668	0.0	3.752830300778792	0.0	0.0
contig_718999	0.0	0.0	0.0	0.0	0.0	0.0	0.0	21.698918304415315	0.0	0.0	0.0	14.304969062886915	119.37750281023156	225.82909176728091	0.0	0.0	0.0	0.0	0.0	0.0	0.0	6.3754456042723575	10.303454928387485	0.0	0.0	0.0
contig_720555	9.37043586134725	31.592462006974735	6.5185789788869	0.0	0.0	2.3763300747514373	0.0	0.0	0.0	0.0	0.0	0.0	5.516999120042187	0.0	113.79919785803695	23.25244087067214	65.29383029872538	103.94362118816913	168.1249758073655	0.0	245.5142388279935	134.12150431977196	240.7418561160785	25.7548988838007	0.0	2.97611952028805
contig_720677	0.0	0.0	0.0	0.0	0.0	0.0	0.0	0.0	0.0	0.0	0.0	0.0	0.0	0.0	0.0	0.0	0.0	0.0	0.0	0.0	0.0	0.0	7.783537557892717	0.0	0.0	0.0
contig_720824	0.0	0.0	0.0	0.0	0.0	0.0	0.0	0.0	0.0	0.0	0.0	0.0	0.0	22.571369912852205	0.0	0.0	0.0	0.0	0.0	0.0	0.0	0.0	0.0	0.0	0.0	0.0
contig_722473	5.476402999148961	0.0	0.0	0.0	0.0	0.0	0.0	0.0	0.0	0.0	0.0	0.0	0.0	0.0	0.0	0.0	0.0	0.0	0.0	0.0	12.111177964132164	0.0	0.0	0.0	0.0	0.0
contig_722540	0.0	0.0	0.0	0.0	0.0	0.0	0.0	109.28932132437558	0.0	0.0	0.0	0.0	1219.8108658246554	397.1962760174416	0.0	0.0	0.0	0.0	0.0	0.0	0.0	0.0	0.0	0.0	0.0	0.0
contig_722894	0.0	0.0	0.0	0.0	0.0	129.70293897005158	210.54220953581319	750.8454624170425	0.0	0.0	0.0	242.09181993891335	242.29678665857494	140.65857038212076	0.0	0.0	0.0	111.13103036595608	85.62267480726506	165.153018616993	0.0	0.0	0.0	0.0	0.0	0.0
contig_723056	0.0	0.0	0.0	0.0	0.0	30.765122187268773	58.82557592580837	75.22940542472556	0.0	0.0	0.0	84.79941518413457	43.51687192454319	34.25931735443078	0.0	0.0	0.0	16.656185347428757	16.774142792085872	85.85471382613495	0.0	0.0	0.0	0.0	0.0	0.0
contig_723583	0.0	0.0	0.0	0.0	0.0	0.0	0.0	0.0	0.0	0.0	0.0	0.0	0.0	0.0	0.0	0.0	0.0	0.0	0.0	0.0	0.0	0.0	0.0	9.397868108703323	0.0	0.0
contig_723719	0.0	0.0	0.0	0.0	0.0	0.0	0.0	29.303676318732073	0.0	7.329903187480165	0.0	25.792845054765397	105.6152136483041	189.12273050752347	0.0	0.0	0.0	0.0	0.0	0.0	0.0	0.0	24.415257159929055	0.0	0.0	0.0
contig_724333	0.0	0.0	0.0	0.0	1.268117694324475	0.0	0.0	0.0	0.0	0.0	0.0	0.0	0.0	0.0	0.0	0.0	0.0	0.0	0.0	0.0	0.0	0.0	0.0	0.0	0.0	0.0
contig_724521	0.0	0.0	0.0	2412.1764472087625	237.37391117896826	53.696391317019426	673.510115918688	17.569231083823443	1019.8828076633837	488.82080797276274	431.30458375862827	151.14163786719456	63.86418624882374	200.82844648282202	190.24729848985277	58.900643720433955	171.76949007531326	0.0	40.20325531978617	0.0	345.307670710149	53.74749668908037	115.15203396302607	36.7806240891142	83.15988498179506	68.97789367672773
contig_725092	0.0	0.0	0.0	0.0	14.180204348926468	6.37520810376861	0.0	0.0	0.0	0.0	0.0	0.0	0.0	0.0	0.0	0.0	0.0	0.0	0.0	0.0	13.34125781781048	0.0	3.9155497213827335	0.0	0.0	0.0
contig_726255	0.0	0.0	0.0	0.0	0.0	0.0	0.0	0.0	0.0	0.6029816702626308	0.0	0.0	0.0	0.0	0.0	0.0	0.0	0.0	0.0	0.0	0.0	0.0	0.0	0.0	0.0	0.0
contig_727458	0.0	0.0	0.0	0.0	9.376712421399636	0.0	39.08676395966003	0.0	0.0	0.0	0.0	0.0	0.0	0.0	0.0	0.0	0.0	0.0	0.0	143.79853676773158	0.0	0.0	11.299920588773091	0.0	0.0	0.0
contig_728022	0.0	0.0	0.0	0.0	0.0	1.497838367117008	0.0	0.0	0.0	0.0	0.0	0.0	0.0	0.0	0.0	0.0	0.0	0.0	0.0	0.0	8.787513580298429	0.0	0.0	0.0	0.0	0.0
contig_729092	0.0	0.0	0.0	0.0	0.0	0.0	0.0	0.0	0.0	0.0	0.0	0.0	239.70892682829225	63.522476195681136	0.0	0.0	0.0	0.0	0.0	0.0	0.0	0.0	0.0	0.0	0.0	0.0
contig_729561	0.0	0.0	0.0	0.0	0.0	0.0	0.0	0.0	0.0	0.0	0.0	0.0	0.0	0.0	0.0	0.0	0.0	0.0	0.0	158.576639940985	0.0	0.0	0.0	0.0	0.0	0.0
contig_731791	0.0	0.0	0.0	0.0	0.0	0.0	0.0	0.0	0.0	0.0	0.0	0.0	0.0	0.0	0.0	0.0	0.0	0.0	30.796090208646035	0.0	0.0	0.0	0.0	0.0	0.0	0.0
contig_732309	0.0	0.0	0.0	0.0	0.0	0.0	0.0	66.0821858390664	0.0	0.0	0.0	0.0	140.11552945169885	110.9728287518948	0.0	0.0	5.878878482112	0.0	0.0	0.0	11.099919050584015	17.63591753839463	9.922543747541614	0.0	0.0	0.0
contig_732768	0.0	0.0	0.0	0.0	0.0	0.0	0.0	0.0	0.0	0.0	0.0	0.0	0.0	0.0	0.0	0.0	0.0	0.0	0.0	142.9652624192541	0.0	0.0	0.0	0.0	0.0	0.0
contig_733463|provirus_2_8967	0.0	0.0	0.0	0.0	0.0	0.0	0.0	19.766887241737024	0.0	0.0	0.0	0.0	0.0	0.0	0.0	0.0	0.0	0.0	0.0	0.0	0.0	0.0	0.0	0.0	0.0	0.0
contig_733883	0.0	0.0	0.0	14.74094596678252	0.0	0.0	0.0	13.062294366909072	0.0	0.0	0.0	14.459978743308527	18.119342380275235	38.18919888134478	0.0	1.0093395718521785	0.0	0.0	0.0	0.0	0.0	0.0	0.0	0.0	0.0	0.0
contig_733937	0.0	0.0	0.0	0.0	0.0	0.0	0.0	136.65464962948968	0.0	0.0	0.0	144.63647124427587	663.3796280439803	235.81997745208417	0.0	14.84129113181807	0.0	0.0	0.0	0.0	0.0	0.0	0.0	0.0	0.0	0.0
contig_734298	0.0	0.0	0.0	70.9836965071366	0.0	35.258180847504775	91.91206362855034	48.38473011830043	0.0	0.0	0.0	10.101950611831958	4.3966599109647	0.0	96.8734439165842	0.0	0.0	0.0	37.50010919593378	0.0	111.43820566123057	0.0	199.36510259628412	73.7976572563487	54.916746458139905	64.33564193594043
contig_734540	0.0	0.0	0.0	0.0	0.0	0.0	0.0	0.30400908991678866	0.0	0.0	0.0	0.0	0.0	0.0	0.0	0.0	0.0	0.0	0.0	0.0	0.0	0.0	0.0	0.0	0.0	0.0
contig_735618	0.0	0.0	0.0	157.42357358605975	43.774454235861775	0.0	36.819296256934884	6.0498260480772466	63.94000317311474	10.001150070173962	0.0	37.99682009989418	13.53183787075946	7.887573454155098	26.684648642074308	0.0	62.31325790224168	62.57625228562551	128.42964144280492	57.56634881749553	671.3353478213706	105.63725519931899	813.5172101511741	213.9333054948136	185.0775639168689	228.22931905002423
contig_737902	0.0	0.0	0.0	0.0	40.68347139136423	0.0	0.0	0.0	147.3017287664877	104.20512977685586	87.85789934930864	0.0	0.0	14.403378675391528	0.0	0.0	0.0	0.0	0.0	0.0	0.0	0.0	0.0	0.0	0.0	0.0
contig_738484	0.0	0.0	0.0	3.2196532091371814	0.0	0.0	0.0	9.1042685437138	23.003593837649344	6.591361208683337	0.0	0.0	3.351080348468763	0.0	0.0	0.0	0.0	0.0	0.0	0.0	0.0	0.0	0.0	0.0	0.0	0.0
contig_738888	0.0	0.0	0.0	410.317307967018	45.6079826144878	0.0	0.0	0.0	57.214198493343886	0.0	21.245581720792515	0.0	0.0	0.0	0.0	0.0	0.0	0.0	0.0	0.0	0.0	0.0	0.0	0.0	0.0	0.0
contig_739112	0.0	0.0	0.0	4.696468546970067	0.0	0.0	0.0	0.0	0.0	0.0	0.0	0.0	0.0	0.0	0.0	0.0	0.0	0.0	0.0	0.0	24.2918897669987	0.0	13.2929005176254	0.0	0.0	0.0
contig_740454	0.0	0.0	0.0	4.783061483763991	12.317085068229082	19.870840394874214	38.32151395098241	129.70759340564186	0.0	0.0	0.0	0.0	3.0636069044483714	0.0	0.0	0.0	0.0	0.0	0.0	9.55695601662371	157.6478780917258	17.92103035131301	60.38850317479254	55.73023496957494	24.298659896830788	24.485582087858646
contig_740857	0.0	0.0	0.0	0.0	0.0	0.0	0.0	0.0	140.13747599867665	37.64050963624391	19.831212507480895	0.0	0.0	0.0	31.9980286467301	0.0	0.0	0.0	0.0	0.0	0.0	0.0	0.0	0.0	0.0	0.0
contig_741331	0.0	0.0	0.0	0.0	0.0	0.0	0.0	0.0	0.0	0.0	0.0	1.2982377633028626	0.0	4.360299904759325	2.3309617764906	0.0	9.161252301291212	0.0	0.0	0.0	0.0	0.0	0.0	0.0	0.0	0.0
contig_743084	0.0	0.0	0.0	0.0	20.398648621873203	0.0	0.0	0.0	0.0	0.0	0.0	0.0	0.0	0.0	0.0	0.0	0.0	0.0	0.0	0.0	0.0	0.0	0.0	0.0	0.0	0.0
contig_743537	0.0	0.0	0.0	5.067650339463791	4.49265803527235	0.0	0.0	0.0	41.610315820934105	69.93623611928464	15.154754143464649	0.0	0.0	0.0	0.0	0.0	0.0	0.0	0.0	0.0	0.0	0.0	0.0	0.0	0.0	0.0
contig_743593	0.0	0.0	0.0	31.4472804550871	0.0	0.0	0.0	6.585989304291229	0.0	0.0	0.0	0.0	0.0	0.0	0.0	0.0	0.0	0.0	0.0	0.0	16.163948775035866	0.0	25.75114081620564	0.0	0.0	0.0
contig_743737	0.0	0.0	0.0	1.9844532221276852	6.092188283784539	12.010099763521433	41.12961040077125	24.789207218824465	0.0	0.0	0.0	0.0	10.982313668540039	0.0	0.0	0.0	0.0	0.0	0.0	19.600567174706804	60.739806553493914	10.073427211339977	51.27754341561003	50.338087054753196	8.951766147197102	32.859619420288574
contig_743953	0.0	0.0	0.0	0.0	6.486280764938391	0.0	0.0	19.6874485811588	0.0	0.0	0.0	0.0	0.0	0.0	0.0	0.0	0.0	0.0	0.0	0.0	0.0	0.0	0.0	0.0	0.0	0.0
contig_744269|provirus_41_28801	0.5840366973567773	0.0	0.14105271230145783	1.4647647983173053	0.0	0.0	0.0	0.13921665175721107	0.0	2.1794650292589024	0.0	0.0	0.0	0.0	0.0	6.036276175054475	0.0	0.0	8.941594731492449	0.0	60.40086744663598	84.3872965851949	67.327681418751	3.581056034130391	0.4929497069117865	0.0
contig_744370	0.0	0.0	0.0	0.0	0.0	0.0	0.0	0.0	0.0	0.0	0.0	0.0	0.0	0.0	0.0	26.414801570767885	0.0	0.0	0.0	0.0	0.0	0.0	0.0	0.0	0.0	0.0
contig_744971|provirus_2_35744	0.0	0.0	0.0	0.0	0.0	0.0	0.0	0.0	0.0	0.0	0.0	0.0	0.0	172.949138151262	0.0	0.0	0.0	0.0	0.0	0.0	0.0	3.173922858610121	0.0	0.0	0.0	0.0
contig_745262	0.0	0.0	0.0	0.0	0.0	0.0	0.0	9.50821053520562	0.0	0.0	0.0	0.0	0.0	0.0	0.0	0.0	0.0	0.0	0.0	0.0	0.0	0.0	0.0	0.0	0.0	0.0
contig_745877	0.0	0.0	0.0	0.0	0.0	4.411787019910384	0.0	5.56909875374508	13.659402308814522	9.897299643145171	4.607543718659277	24.811960984438386	0.0	8.665392647118024	6.070252165896193	54.89341394630754	10.99648918588679	23.08831149264519	0.0	34.58763867995029	0.0	0.0	0.0	0.0	0.0	0.0
contig_746018	0.0	0.0	0.0	0.0	0.0	0.0	0.0	0.0	0.0	0.0	0.0	0.0	0.0	38.213028157332545	0.0	0.0	102.20928843073779	0.0	0.0	0.0	47.13980574499455	0.0	0.0	0.0	0.0	0.0
contig_746470	0.0	0.0	0.0	0.0	0.0	0.0	0.0	118.31923458301229	18.531346668141325	24.985342493997237	22.713605149198564	300.70682441326227	1124.7437949068562	636.8434742683359	1.6716862970799624	0.0	0.0	0.0	0.0	0.0	0.0	30.145486486020523	0.0	0.0	0.0	0.0
contig_746819	0.0	0.0	0.0	0.0	36.74965765402198	0.0	0.0	0.0	0.0	0.0	0.0	0.0	0.0	0.0	0.0	0.0	0.0	0.0	0.0	0.0	0.0	0.0	0.0	0.0	0.0	0.0
contig_747380	0.0	0.0	0.0	0.0	0.0	0.0	0.0	0.0	0.0	0.0	0.0	0.0	0.0	0.0	0.0	0.0	0.0	0.0	0.0	0.0	0.0	47.00715950285143	62.67887076962392	0.0	0.0	0.0
contig_747596	0.0	0.0	0.0	0.0	0.0	0.0	6.037844612549843	0.0	0.0	0.0	0.0	0.0	0.0	0.0	0.0	0.0	0.0	0.0	0.0	0.0	0.0	0.0	0.0	0.0	0.0	0.0
contig_748064	0.0	0.0	0.0	21.598704065417724	0.0	0.0	0.0	0.0	21.1156422182186	22.436062894259475	0.0	0.0	0.0	0.0	0.0	0.0	0.0	0.0	0.0	0.0	0.0	0.0	0.0	0.0	0.0	0.0
contig_748207	0.0	0.0	0.0	0.0	0.0	0.0	0.0	34.88126914678549	0.0	0.0	0.0	0.0	0.0	0.0	0.0	0.0	0.0	0.0	0.0	0.0	0.0	0.0	0.0	0.0	0.0	0.0
contig_748367	0.0	0.0	0.0	0.0	0.0	0.0	0.0	0.0	0.0	0.0	0.0	0.0	0.0	12.783512956575361	0.0	0.0	0.0	0.0	0.0	0.0	11.113571055633512	0.0	0.0	0.0	0.0	0.0
contig_748447	0.0	0.0	0.0	13.76570262602171	100.6978459215049	53.073081240515904	0.0	27.879348646327454	0.0	54.49101644633952	49.46492622731002	0.0	0.0	70.03430399072103	0.0	0.0	0.0	0.0	0.0	0.0	0.0	0.0	0.0	0.0	0.0	0.0
contig_748474	0.0	0.0	0.0	6.1657430087079	0.0	0.0	0.0	0.0	54.63129424777053	3.010601339382711	2.252046568439889	3.0786781244039223	0.0	0.0	0.0	78.82027668133634	11.324381592654532	14.470175318089499	0.0	0.0	0.0	0.0	0.0	0.0	0.0	0.0
contig_749588	0.0	0.0	0.0	14.52608783668174	0.0	0.0	0.0	0.0	0.0	0.0	0.0	0.0	0.0	0.0	0.0	0.0	0.0	0.0	0.0	0.0	0.0	0.0	0.0	0.0	0.0	0.0
contig_749867	0.0	0.0	0.0	0.0	43.79456265409643	0.0	0.0	22.25196640167403	15.171384891898	0.0	0.0	0.0	0.0	0.0	0.0	0.0	0.0	0.0	66.12378011353682	0.0	0.0	0.0	0.0	0.0	0.0	0.0
contig_750308	0.0	0.0	0.0	0.0	0.0	0.0	0.0	38.843193788813316	0.0	0.0	0.0	0.0	0.0	0.0	0.0	0.0	0.0	0.0	0.0	0.0	0.0	0.0	1.2181424545876829	0.0	0.0	0.0
contig_750568	0.0	0.0	0.0	0.0	0.0	0.0	0.0	0.0	0.0	0.0	0.0	0.0	0.0	0.0	0.0	0.0	0.0	0.0	0.0	0.0	26.394455752973602	0.0	0.0	0.0	0.0	0.0
contig_751166	0.0	0.0	0.0	9.460878545196325	0.0	0.0	0.0	88.17050409311281	41.932916740134395	7.660272105066397	16.555383676063283	0.0	108.88945430846378	31.334888312694428	0.0	0.0	0.0	0.0	0.0	0.0	0.0	0.0	2.960098630855534	3.983596824017748	0.0	0.0
contig_751751	0.0	0.0	0.0	0.0	9.075727986575608	0.0	0.0	0.0	0.0	106.54766280577934	46.22252591836435	0.0	0.0	0.0	0.0	2.4200134403604725	7.043564475943146	0.0	0.0	0.0	0.0	0.0	0.0	0.0	0.0	0.0
contig_752690	0.0	0.0	0.0	0.0	0.0	707.4864434265744	0.0	0.0	0.0	0.0	0.0	0.0	0.0	0.0	0.0	0.0	0.0	0.0	0.0	0.0	0.0	0.0	0.0	0.0	0.0	0.0
contig_753879	0.0	0.0	0.0	0.0	0.0	0.0	0.0	0.0	0.0	11.85205086568984	0.0	0.0	0.0	23.6192601063141	0.0	0.0	0.0	0.0	0.0	0.0	0.0	130.82123907272359	0.0	0.0	0.0	0.0
contig_753913	0.0	0.0	0.0	0.0	0.0	0.0	0.0	0.0	57.16341151637911	11.102686345128872	9.29783240546577	65.71795177366383	0.0	0.0	9.51245547729709	0.0	0.0	0.0	50.5164765049039	0.0	0.0	0.0	0.0	0.0	0.0	0.0
contig_754587	0.0	0.0	0.0	40.15772225379749	34.654687643725424	0.0	0.0	2.245743117641461	0.0	0.0	0.0	0.0	0.0	0.0	0.0	0.0	0.0	0.0	0.0	0.0	0.0	0.0	29.173276395906882	0.0	0.0	0.0
contig_754828	0.0	0.0	0.0	7.280815605895293	0.0	0.0	0.0	6.9947470092459545	0.0	0.0	0.0	0.0	0.0	0.0	0.0	0.0	0.0	0.0	0.0	0.0	80.29381073779138	118.99268254583393	70.37557960558212	0.0	0.0	0.0
contig_755293	0.0	0.0	0.0	0.0	0.0	11.343868051907581	0.0	0.0	0.0	15.23431424670034	0.0	0.0	0.0	38.87204316981086	0.0	0.0	0.0	0.0	0.0	0.0	9.281167323576359	85.96548740827286	0.0	0.0	0.0	0.0
contig_755337	0.0	0.0	0.0	245.57502325121388	37.982869622526	0.0	27.52549176432269	0.0	472.04555413244424	5.123886594988838	27.48729540018832	0.0	0.0	0.0	66.06818099361925	15.732040172083137	63.96167919942922	79.9117554106998	58.46131996010128	40.18630112596704	2031.5926349670565	241.4174661423305	2099.174913414457	286.9073258619704	267.9116563921125	582.357030674116
contig_755764	0.0	0.0	0.0	1.2150089334839957	0.0	0.0	0.0	0.0	0.0	45.57867303630264	0.0	1.2541149926850501	0.0	0.0	0.0	0.0	0.0	0.0	0.0	0.0	0.0	0.0	0.0	0.0	0.0	0.0
contig_755943	0.0	0.0	0.0	0.0	0.0	0.0	0.0	6.240318491508826	0.0	0.0	0.0	0.0	0.0	38.2305337333087	0.0	1.7115007600996577	0.0	0.0	0.0	0.0	0.0	0.0	0.0	0.0	0.0	0.0
contig_756200	0.0	0.0	0.0	7.1985983830150895	0.0	0.0	0.0	0.0	0.0	12.611901251937166	2.2505300387641776	0.0	2.2676232558915665	0.0	0.0	0.0	0.0	0.0	0.0	0.0	0.0	0.0	0.0	0.0	0.0	0.0
contig_756765	0.0	0.0	0.0	0.0	0.0	11.519090299495087	6.913328706867125	8.199645392721013	68.76091887767262	24.117659279800726	17.55329154455344	19.74954144620145	106.81135143583325	133.57612328141943	18.81546149773715	5.5906783899253245	15.581201470206038	0.0	0.0	0.0	6.990827508129525	42.27912687608418	3.33831939679755	0.0	0.0	0.0
contig_757342	0.0	0.0	0.0	0.0	0.0	0.0	0.0	23.400924732747583	22.193846449007335	54.424526149154595	0.0	27.119592702487022	117.67811958799273	16.73167221973937	0.0	0.0	0.0	0.0	0.0	0.0	0.0	0.0	0.0	0.0	0.0	0.0
contig_757603	0.0	0.0	0.0	0.0	0.0	0.0	1.9305524409107333	0.0	0.0	0.0	0.0	0.0	0.0	0.0	0.0	0.0	0.0	0.0	0.0	0.0	0.0	0.0	0.0	0.0	0.0	0.0
contig_758605	0.0	0.0	0.0	0.0	0.0	0.0	7.096486655714803	0.0	0.0	0.0	0.0	0.0	0.0	0.0	0.0	0.0	0.0	0.0	0.0	99.41569219314566	0.0	0.0	0.0	0.0	0.0	0.0
contig_758795	0.0	0.0	0.0	0.0	0.0	0.0	0.0	0.0	0.0	0.0	0.0	0.0	0.0	0.0	0.0	28.350795635501363	0.0	0.0	0.0	0.0	0.0	0.0	0.0	0.0	0.0	0.0
contig_760512	0.0	0.0	0.0	21.352418605341608	0.0	0.0	0.0	0.0	0.0	6.962433241912007	0.0	24.9297726376567	0.0	5.08241130215574	0.0	0.0	0.0	0.0	0.0	0.0	18.383219729130914	6.414148435490593	0.0	0.0	0.0	0.0
contig_761193	0.0	0.0	0.0	0.0	0.0	0.0	0.0	0.0	19.3068821712622	28.4501826571666	0.0	0.0	0.0	0.0	0.0	0.0	0.0	0.0	0.0	0.0	4.89704006138776	0.0	0.0	0.0	0.0	0.0
contig_761292	0.0	0.0	0.0	0.0	0.0	0.0	0.0	79.57516707948405	0.0	0.0	0.0	0.0	0.0	0.0	0.0	0.0	0.0	0.0	0.0	0.0	0.0	0.0	0.0	0.0	0.0	0.0
contig_761332	0.0	0.0	0.0	0.0	0.0	0.0	0.0	0.0	0.0	0.0	0.0	0.0	0.0	0.0	0.0	0.0	0.0	0.0	0.0	0.0	0.0	0.0	6.014617483670699	0.0	0.0	0.0
contig_761476	0.0	0.0	0.0	0.0	0.0	0.0	0.0	6.547706683697051	0.0	0.0	0.0	0.0	0.0	0.0	0.0	0.0	0.0	0.0	0.0	0.0	20.604451585787892	0.0	0.0	0.0	0.0	0.0
contig_761880	0.0	0.0	0.0	0.0	0.0	0.0	0.0	0.0	0.0	0.0	0.0	0.0	0.0	0.0	0.0	110.62681821963194	17.774096249895823	98.54887568535446	0.0	127.5457254279447	0.0	0.0	0.0	0.0	0.0	0.0
contig_762131	0.0	0.0	0.0	0.0	0.0	239.61555126275297	0.0	0.0	0.0	0.0	0.0	0.0	0.0	0.0	0.0	0.0	0.0	134.262912155141	0.0	0.0	0.0	0.0	0.0	0.0	0.0	0.0
contig_762548	0.0	0.0	0.0	0.0	0.0	0.0	0.0	0.0	11.02502740017801	0.0	0.0	0.0	145.97982304791174	84.05655251990407	0.0	0.0	0.0	0.0	0.0	0.0	29.393483196057556	31.773008335203485	0.0	0.0	0.0	0.0
contig_763283|provirus_3_15454	0.0	0.0	0.0	0.0	0.0	0.0	0.0	0.0	0.0	0.0	0.0	0.0	0.0	0.0	0.0	0.0	18.84628541979285	0.0	0.0	0.0	0.0	0.0	0.0	0.0	0.0	0.0
contig_763627	0.0	0.0	0.0	0.0	0.0	0.0	0.0	0.0	0.0	1.364117539052441	0.0	0.0	0.0	23.300525842308776	0.0	0.0	0.0	0.0	0.0	0.0	0.0	0.0	0.0	0.0	0.0	0.0
contig_764047	0.0	0.0	0.0	0.0	2.6282669169484527	0.0	0.0	0.0	0.0	0.0	0.0	0.0	0.0	0.0	0.0	0.0	0.0	0.0	0.0	0.0	0.0	0.0	10.009921399270976	9.89189041653978	0.0	0.0
contig_765578	0.0	0.0	0.0	6.46845870461735	0.0	0.0	0.0	0.0	0.0	15.583140389668575	3.882745348719875	0.0	0.0	16.261291958062674	0.0	0.0	0.0	0.0	0.0	0.0	0.0	51.30634770030555	0.0	0.0	0.0	0.0
contig_765649	2.1501755064184	21.33763104981036	5.571155935109576	0.0	0.0	0.0	0.0	1.9784023179253667	0.0	11.068804468174934	0.0	0.0	0.0	0.0	71.42594916331801	8.67062383347465	99.70364633980647	76.54675834692989	154.58616244681556	0.0	187.487559588633	109.16926187092717	217.96982202970025	13.283795361395557	2.0683007976997168	1.1337598172525916
contig_765900	0.0	0.0	0.0	0.0	0.0	0.0	0.0	7.42833753781051	0.0	0.0	0.0	0.0	0.0	0.0	0.0	0.0	0.0	0.0	0.0	0.0	0.0	0.0	0.0	0.0	0.0	0.0
contig_765927	0.0	0.0	0.0	0.0	0.0	0.0	0.0	0.0	9.05970673362395	0.0	0.0	0.0	0.0	0.0	0.0	0.0	0.0	0.0	0.0	0.0	0.0	0.0	0.0	0.0	0.0	0.0
contig_766269	0.0	0.0	0.0	0.0	0.0	0.0	0.0	17.983839354650314	0.0	0.0	0.0	0.0	0.0	0.0	0.0	0.0	0.0	0.0	0.0	0.0	0.0	0.0	0.0	0.0	0.0	0.0
contig_766451	0.0	0.0	0.0	19.96518863189871	12.650436853819366	236.41537942774926	258.1222426321386	0.0	0.0	0.0	0.0	199.98546002806552	39.51260412022906	186.30714626417367	0.0	0.0	0.0	168.9522664354586	345.5230391973067	242.58326026603496	0.0	0.0	0.0	0.0	0.0	0.0
contig_766680	0.0	0.0	0.0	0.0	0.0	0.0	0.0	0.0	0.0	0.0	0.0	0.0	0.0	0.0	0.0	0.0	0.0	0.0	0.0	0.0	0.0	0.0	2.59647064195364	0.0	0.0	0.0
contig_766878	0.0	0.0	0.0	5.0651052920818636	13.035152392014492	0.0	0.0	0.0	0.0	0.0	0.0	0.0	0.0	0.0	0.0	0.0	0.0	0.0	0.0	0.0	0.0	0.0	0.0	0.0	0.0	0.0
contig_769120	0.0	0.0	0.0	0.0	0.0	0.0	0.0	0.0	0.0	0.0	0.0	0.0	0.0	0.0	11.744678245797191	13.099216509259277	0.0	0.0	0.0	0.0	0.0	0.0	0.0	0.0	0.0	0.0
contig_769362	0.0	0.0	0.0	11.922338170499483	0.0	0.0	0.0	0.0	0.0	0.0	0.0	0.0	0.0	0.0	0.0	0.0	0.0	0.0	0.0	0.0	34.06250894392006	0.0	28.47620813301295	0.0	0.0	0.0
contig_770821	0.0	0.0	0.0	0.0	0.0	0.0	0.0	0.0	0.0	0.0	0.0	0.0	0.0	0.0	0.0	0.0	0.0	0.0	0.0	0.0	0.0	0.0	1.2850634209124667	0.0	0.0	0.0
contig_770832	0.0	0.0	0.0	0.0	0.0	0.0	0.0	0.0	0.0	0.0	0.0	0.0	0.0	0.0	0.0	226.12973521784374	0.0	0.0	0.0	0.0	0.0	0.0	0.0	0.0	0.0	0.0
contig_770877	0.0	0.0	0.0	0.0	0.0	0.0	0.0	0.0	0.0	0.0	0.0	0.0	0.0	0.0	0.0	0.0	0.0	0.0	0.0	0.0	0.0	0.0	6.823633160296589	0.0	0.0	0.0
contig_771149	0.0	0.0	0.0	50.400578128323616	27.190864561125522	0.0	9.185598488375208	6.259262448264114	0.0	0.0	0.0	0.0	0.0	0.0	0.0	0.0	0.0	0.0	0.0	0.0	0.0	0.0	37.760747651981134	0.0	0.0	0.0
contig_771447	0.0	0.0	0.0	0.0	0.0	0.0	0.0	0.0	0.0	0.0	0.0	0.0	0.0	43.81863909789654	22.687371752666355	18.227509990378334	0.0	229.12513524311453	40.224398386328545	30.58873246488712	0.0	0.0	13.055430677253021	0.0	0.0	0.0
contig_772136	0.0	0.0	0.0	2.77997189635335	0.0	24.437520073166702	0.0	1.72984123707215	0.0	0.0	0.0	0.0	0.0	0.0	0.0	0.0	0.0	0.0	0.0	0.0	0.0	0.0	0.0	0.0	0.0	0.0
contig_772333	0.0	0.0	0.0	0.0	0.0	6.250338798591489	0.0	0.0	0.0	0.0	0.0	0.0	0.0	0.0	0.0	0.0	0.0	0.0	0.0	0.0	14.478388784056623	0.0	0.0	0.0	14.773066103049144	0.0
contig_772634	0.0	0.0	0.0	3.3737965816470585	12.798069025535229	21.27562750348647	68.39600315576283	42.830222423572806	0.0	0.0	0.0	0.0	10.533764632372183	0.0	0.0	0.0	0.0	0.0	0.0	17.469387317599523	88.9322959932443	11.520328505532452	56.08721524632754	63.81026756710805	34.35608899766143	38.31779749990209
contig_772996	0.0	0.0	0.0	0.0	0.0	0.0	0.0	0.0	0.0	0.0	0.0	0.0	0.0	0.0	0.0	0.0	0.0	0.0	0.0	0.0	10.164917737047237	0.0	0.0	0.0	0.0	0.0
contig_773239	0.0	0.0	0.0	36.92729513459095	14.553804401393121	26056.786630130915	18846.47741822595	51166.601416439364	12.814693855921115	5.404416080368105	29.35871943118693	243.24506698992698	72.60088557588473	83.24859454088855	22.62937079967265	42.049207697949036	0.0	7359.979940339738	4620.6329308416925	7254.028032939384	0.0	0.0	3.712584792991711	143.18209484854796	44.20485789637665	32.63266243348564
contig_773831	0.0	0.0	0.0	0.0	0.0	0.0	0.0	0.0	0.0	0.0	0.0	0.0	0.0	0.0	0.0	0.0	0.0	0.0	0.0	186.05643980048444	0.0	0.0	0.0	0.0	0.0	0.0
contig_773937	0.0	0.0	0.0	0.0	0.0	46.45541496802455	0.0	0.0	0.0	0.0	0.0	0.0	0.0	0.0	0.0	0.0	0.0	11.76934812911708	0.0	0.0	0.0	0.0	0.0	0.0	0.0	45.984544029479345
contig_774022	0.0	0.0	0.0	0.0	0.0	0.0	0.0	0.0	0.0	0.0	0.0	0.0	0.0	0.0	6.533028565264986	0.0	50.324331244147594	0.0	0.0	0.0	0.0	0.0	0.0	0.0	0.0	0.0
contig_776767	0.0	0.0	0.0	0.0	0.0	0.0	0.0	0.0	1179.296727409335	0.0	0.0	0.0	0.0	20.228053449363625	0.0	0.0	0.0	0.0	0.0	0.0	0.0	0.0	0.0	0.0	0.0	0.0
contig_777090	0.0	0.0	0.0	0.0	0.0	0.0	0.0	8.576393841005274	26.87521914548249	8.79130929699009	4.495456682292647	2.659047232953458	24.939165709054173	1.7744625025314316	0.0	0.0	0.0	0.0	0.0	0.0	0.0	14.905823936997841	0.0	0.0	0.0	0.0
contig_780201	0.0	0.0	0.0	22.453393949347383	0.0	0.0	0.0	0.0	0.0	15.88678552955999	0.0	0.0	0.0	0.0	0.0	0.0	0.0	0.0	0.0	0.0	0.0	0.0	0.0	0.0	0.0	0.0
contig_782822	0.0	0.0	0.0	15.163603407298782	0.0	9.534971499890485	8.229140039123175	42.0788935464211	38.51443651430742	41.91063191256325	9.729657167985167	75.97064617550357	182.992713871615	153.65529370915678	11.130877694272952	0.0	18.73191249919415	0.0	0.0	0.0	2.277230529105081	59.67423054305027	18.267285776293846	0.0	0.0	0.0
contig_782873	0.0	0.0	0.0	0.0	0.0	0.0	0.0	17.807979384829	0.0	11.709679616754386	0.0	0.0	6.35281187086207	42.46257962757091	0.0	0.0	0.0	0.0	0.0	0.0	0.0	0.0	0.0	0.0	0.0	0.0
contig_783147	0.0	0.0	0.0	0.0	0.0	0.0	0.0	0.0	0.0	0.0	0.0	0.0	0.0	0.0	0.0	0.0	0.0	0.0	0.0	0.0	4.167258244192043	0.0	18.54653398500286	6.343288804550064	0.0	7.2822647446262065
contig_785093	12.801854757379107	6.87855443322618	9.9157063606428	0.0	41.19228144766022	0.0	0.0	0.0	0.0	0.0	0.0	10.24727901261452	0.0	0.0	0.0	3.4151041250829004	0.0	0.0	0.0	0.0	0.0	0.0	1.89523404522164	0.0	0.0	12.738023900753845
contig_789214	0.0	0.0	0.0	43.71182389106298	0.0	1.0945741913547384	0.56516392336112	113.91561708150385	70.29400610084647	20.57532220640547	21.299369031892596	64.9424124618975	384.48793281080714	297.3117156066829	8.705555128038155	0.0	52.32888704091351	0.0	0.0	0.0	12.038763287914504	61.298180793266006	58.71643120744234	0.0	0.0	0.0
contig_789669	0.0	0.0	0.0	0.0	0.0	0.0	0.0	0.0	0.0	3.7290119981187764	4.117812545762077	7.417551217871422	0.0	0.0	0.0	35.906983931373425	0.0	0.0	0.0	12.036440716364192	0.0	0.0	0.0	0.0	0.0	0.0
contig_793066	0.0	0.0	0.0	0.0	0.0	0.0	0.0	1.4919292226789294	11.934873930436847	15.259325720604302	0.0	1.7156720197916588	86.22654642487586	35.837132638181586	0.0	0.0	0.0	0.0	0.0	0.0	0.0	2.695122706390559	0.0	0.0	0.0	0.0
contig_794844|provirus_2754_9587	0.0	0.0	0.0	0.0	0.0	8.316239624069823	0.0	28.728302096328523	0.0	0.0	0.0	0.0	0.0	0.0	0.0	0.0	0.0	0.0	0.0	0.0	0.0	0.0	0.0	0.0	0.0	0.0
contig_795553	0.0	0.0	0.0	0.0	0.0	5.515296313027743	0.0	18.73345970592526	0.0	0.0	0.0	0.0	0.0	0.0	0.0	0.0	0.0	0.0	0.0	0.0	0.0	0.0	0.0	0.0	0.0	0.0
contig_797611	0.0	0.0	0.0	0.0	0.0	0.0	0.0	5.8179150177447	0.0	0.0	0.0	0.0	0.0	0.0	0.0	13.918402925561798	0.0	0.0	0.0	0.0	0.0	0.0	0.0	0.0	0.0	0.0
contig_797724	16.455975768930276	10.498684908110375	7.4060124084331	0.0	0.0	0.0	17.5574154136205	13.20613619543375	0.0	12.202507125507001	0.0	19.085865274894275	0.0	15.0446037266584	0.0	44.17132995868613	13.4264761418545	63.26700394275855	0.0	45.695735787311676	0.0	16.4795087750434	0.0	2.00507460015586	0.0	0.0
contig_797971	0.0	0.0	0.0	20.9764200709791	32.197629306072244	1.6607684976203998	3.2885330863235573	31.028261735643117	0.0	0.0	0.0	0.0	0.0	0.0	0.0	0.0	0.0	0.0	0.0	13.879174810638728	0.0	0.0	0.0	0.0	0.0	0.0
contig_799079	0.0	0.0	0.0	0.0	0.0	0.0	0.0	1.092955756461977	0.0	0.0	0.0	0.0	0.0	0.0	0.0	0.0	0.0	0.0	0.0	0.0	0.0	0.0	0.0	0.0	0.0	0.0
contig_799923	0.0	0.0	0.0	0.0	0.0	0.0	0.0	30.900378865056584	0.0	0.0	0.0	0.0	0.0	0.0	0.0	0.0	0.0	0.0	0.0	0.0	0.0	0.0	0.0	0.0	0.0	0.0
contig_804854	11.098184259515849	44.03045054824441	12.409540352693368	21.435528915250753	28.170426247086667	4.659941586586251	0.0	0.0	70.32365126963295	46.84494396526142	0.0	54.142213871600255	0.0	29.802401652996267	0.0	0.0	0.0	0.0	0.0	3.8892053664658	0.0	0.0	0.0	0.0	0.0	0.0
contig_804986	10.038283482854157	0.0	0.0	0.0	0.0	10.175333310253643	0.0	20.25763777458056	31.71088624327854	28.8224044621848	0.0	0.0	0.0	0.0	0.0	0.0	0.0	0.0	0.0	0.0	0.0	0.0	0.0	0.0	0.0	0.0
contig_805341	0.0	0.0	0.0	0.0	0.0	0.0	0.0	0.0	0.0	0.0	0.0	9.436542622744378	0.0	6.008525404988846	0.0	0.0	0.0	0.0	0.0	0.0	0.0	0.0	0.0	0.0	0.0	0.0
contig_807955	0.0	0.0	0.0	0.0	10.968038156256776	0.0	6.985418192269184	0.0	35.02527783011053	0.0	60.5941164391935	79.32513603859091	0.0	119.93837265281167	0.0	181.96454573456032	0.0	125.69003625931029	0.0	126.11607529934327	0.0	0.0	0.0	0.0	0.0	0.0
contig_808994	3.200268624537918	21.440812648064405	6.208978950487379	15.824138280985082	20.456493040856177	10.58258705700186	16.89656205415441	6.611322886082414	0.0	10.95031647082955	0.0	0.0	0.0	0.0	0.0	21.256596742042394	57.628573113293065	0.0	0.0	0.0	14.390358484679144	0.0	8.905899328396272	6.1508464286086095	6.742240191496568	9.215860932447457
contig_814047	0.0	0.0	0.0	0.0	0.0	0.0	0.0	0.0	0.0	0.0	0.0	0.0	0.0	0.0	0.0	5.79167815658606	0.0	0.0	0.0	0.0	0.0	0.0	0.0	0.0	0.0	0.0
contig_814224	0.0	0.0	0.0	0.0	0.0	0.0	0.0	0.0	0.0	15.3515703137149	0.0	3.6362340052014877	0.0	0.0	0.0	2.9603651477975377	0.0	0.0	0.0	0.0	0.0	0.0	0.0	0.0	0.0	0.0
contig_814430	0.0	0.0	1.1148713370708223	0.0	0.0	0.0	6.870276627865778	0.0	0.0	7.9675634162831335	0.0	4.768752583214834	0.0	4.856150892837189	0.0	0.0	0.0	0.0	0.0	0.0	0.0	0.0	0.0	0.0	0.0	0.0
contig_815181	0.0	0.0	0.0	0.0	0.0	15.112993328345652	0.0	0.0	0.0	0.0	0.0	0.0	0.0	0.0	0.0	0.0	0.0	0.0	0.0	0.0	0.0	0.0	0.0	0.0	0.0	0.0
contig_815768	0.0	0.0	0.0	0.0	0.0	0.0	0.0	0.0	0.0	0.0	0.0	0.0	10.131558321569926	0.0	0.0	0.0	0.0	0.0	0.0	0.0	0.0	0.0	0.0	0.0	0.0	0.0
contig_815781	0.0	0.0	0.0	0.0	0.0	0.0	0.0	0.0	0.0	0.0	0.0	0.0	0.0	0.0	0.0	3.598007738027221	0.0	0.0	0.0	0.0	0.0	0.0	0.0	0.0	0.0	0.0
contig_816403	0.0	0.0	0.0	0.0	0.0	0.0	0.0	0.0	0.0	0.0	0.0	0.0	0.0	0.0	0.0	36.14210833777408	0.0	0.0	0.0	0.0	12.10618701538014	0.0	0.0	0.0	0.0	0.0
contig_816969	0.0	0.0	1.1993540044020672	0.0	0.0	0.0	0.0	0.0	0.0	1.9542259672097941	0.0	0.0	0.0	0.0	0.0	3.0990960465105655	0.0	0.0	0.0	0.0	0.0	0.0	0.0	0.0	0.0	0.0
contig_817027	0.0	0.0	0.0	97.90217991104925	9.366892527735581	0.0	29.717262708479446	0.0	166.17590035510682	345.26815145320944	75.94349094089678	142.9925836094782	12.510606942997924	0.0	0.0	0.0	0.0	0.0	0.0	0.0	0.0	0.0	0.0	0.0	423.65242803644287	0.0
contig_817186	0.0	0.0	0.0	0.0	0.0	0.0	0.0	0.0	0.0	5.590366186916575	0.0	2.2566227089871664	0.0	0.0	0.0	5.9589885603155155	0.0	0.0	0.0	0.0	0.0	0.0	0.0	0.0	2.426213079096475	0.0
contig_817993	0.0	0.0	0.0	0.0	0.0	0.0	0.0	0.0	0.0	0.0	0.0	0.0	0.0	0.0	0.0	14.875375371726749	0.0	0.0	0.0	0.0	0.0	0.0	0.0	0.0	0.0	0.0
contig_824492	2.85868660182205	0.0	0.0	0.0	0.0	0.0	0.0	0.0	0.0	0.0	0.0	0.0	0.0	0.0	0.0	8.746853718521027	0.0	0.0	0.0	0.0	0.0	0.0	0.0	0.0	0.0	0.0
contig_824576	0.0	0.0	5.492607830215491	0.0	0.0	0.0	0.0	0.0	0.0	0.0	0.0	0.0	0.0	0.0	0.0	5.6721383842263675	0.0	0.0	0.0	0.0	0.0	0.0	0.0	0.0	0.0	0.0
contig_825109	0.0	0.0	0.0	0.0	0.0	0.0	0.0	0.0	0.0	5.133228283865682	0.0	0.0	0.0	0.0	0.0	27.74086905643236	0.0	0.0	0.0	0.0	0.0	0.0	0.0	0.0	0.0	0.0
contig_825222	5.37624115092073	0.0	0.0	0.0	0.0	0.0	0.0	0.0	0.0	6.03557309088657	0.0	0.0	0.0	0.0	0.0	0.0	0.0	0.0	0.0	0.0	0.0	0.0	0.0	0.0	0.0	0.0
contig_825631	0.0	0.0	0.0	0.0	0.0	0.0	0.0	0.0	0.0	0.0	0.0	0.0	0.0	0.0	0.0	0.0	0.0	0.0	0.0	0.0	0.0	0.0	1.4581062570136798	0.0	0.0	0.0
contig_825849	15.50101039282141	0.0	0.0	16.45822947594511	14.283826272074055	24.308347347634154	24.96510069404834	0.0	0.0	10.147868070497871	0.0	0.0	0.0	0.0	0.0	24.914244007582127	0.0	0.0	0.0	0.0	10.118297519222853	12.276400134629837	2.612331224387427	7.506982269726365	7.180554999775746	0.0
contig_825972	0.0	0.0	0.0	0.0	0.0	0.0	0.0	0.0	0.0	0.0	0.0	0.0	0.0	0.0	0.0	0.0	0.0	0.0	0.0	13.75895056073857	0.0	0.0	0.0	0.0	0.0	0.0
contig_827329	0.0	0.0	0.0	0.0	0.0	0.0	0.0	0.0	0.0	0.0	0.0	0.0	0.0	0.0	0.0	0.0	0.0	0.0	0.0	0.0	0.0	25.568859534752512	0.0	0.0	0.0	0.0
contig_828216	0.0	0.0	0.0	0.0	0.0	0.0	0.0	0.0	0.0	0.0	0.0	0.0	5.709380121885832	0.0	0.0	0.0	0.0	0.0	0.0	0.0	0.0	0.0	0.0	0.0	0.0	0.0
contig_828453	0.0	0.0	0.0	0.0	0.0	0.0	0.0	21.61058121921058	0.0	0.0	0.0	0.0	13.467622596646644	7.99381363763	0.0	0.0	0.0	0.0	0.0	0.0	0.0	0.0	0.0	0.0	0.0	0.0
contig_828587	0.0	0.0	0.0	0.0	0.0	0.0	1.9163095992943555	0.0	0.0	0.0	0.0	0.0	0.0	0.0	0.0	0.0	0.0	0.0	0.0	0.0	0.0	0.0	0.0	0.0	0.0	0.0
contig_830668	0.0	0.0	0.0	0.0	0.0	14.99581417863083	0.0	0.0	0.0	0.0	0.0	0.0	0.0	0.0	0.0	17.46705300460831	0.0	0.0	0.0	0.0	0.0	0.0	0.0	0.0	0.0	0.0
contig_830925	0.0	0.0	0.0	0.0	0.0	0.0	0.0	0.0	0.0	0.0	0.0	0.0	12.9324612416296	9.775026417913622	0.0	0.0	0.0	0.0	0.0	0.0	0.0	0.0	0.0	0.0	0.0	0.0
contig_831001	10.199958884740226	18.637404829886474	0.0	20.370591383992974	0.0	0.0	53.461798470062924	0.0	96.5590602263205	0.0	0.0	49.12715341045497	0.0	130.2026357836068	0.0	40.054591909797104	0.0	250.7142364619965	109.31877441252325	0.0	22.47411747457985	0.0	8.953347041219475	0.0	0.0	0.0
contig_831870	1.3071441250884637	0.0	0.0	0.0	0.0	0.0	0.0	0.0	0.0	0.0	0.0	0.0	0.0	0.0	0.0	0.0	0.0	0.0	0.0	0.0	0.0	0.0	0.0	0.0	0.0	0.0
contig_832296	0.0	0.0	1.5104990700941021	0.0	0.0	0.0	0.0	0.0	0.0	0.0	0.0	0.0	0.0	0.0	0.0	2.8091711870985807	0.0	0.0	0.0	0.0	0.0	0.0	8.1027529818575	0.0	0.0	0.0
contig_835468	0.0	0.0	0.0	0.0	0.0	0.0	0.0	0.0	0.0	0.0	0.0	0.0	0.0	0.0	0.0	0.0	0.0	0.0	0.0	0.0	0.0	0.0	0.0	11.702063687097032	0.0	0.0
contig_838346	0.0	0.0	0.0	0.0	0.0	14.28926784365951	0.0	0.0	0.0	0.0	0.0	0.0	0.0	0.0	0.0	0.0	0.0	0.0	119.71085124552764	7.131515379093456	0.0	0.0	0.0	0.0	0.0	0.0
contig_840995|provirus_2_12527	0.0	0.0	0.0	11.64862876706319	9.6304139638347	29.6706256710871	65.64219824580074	102.3983624102649	0.0	0.0	0.0	0.0	3.28870161340159	0.0	0.0	0.0	0.0	0.0	0.0	34.4096788762497	180.60816863125245	10.57173280126976	73.00244500047644	88.08493371097642	34.01829662777745	20.61440528338915
contig_841070	0.0	0.0	0.0	0.0	0.0	0.0	0.0	0.0	0.0	0.0	0.0	0.0	0.0	0.0	0.0	0.0	0.0	0.0	0.0	0.0	0.0	0.0	0.0	8.629308308207763	0.0	0.0
contig_842084	0.0	0.0	0.0	0.0	0.0	7.825874544179706	0.0	0.0	0.0	0.0	0.0	0.0	0.0	0.0	0.0	0.0	0.0	16.72185549482949	0.0	0.0	0.0	0.0	0.0	0.0	7.790412753688111	0.0
contig_842699	0.0	0.0	0.0	0.0	0.0	327.6719500413731	18.657830021013726	21.90069429772194	25.325205993471503	0.0	0.0	23.055280463355224	0.0	10.407694859240785	0.0	0.0	0.0	151.2905341427592	0.0	0.0	48.31223674542353	37.605991410655285	53.412392142752736	307.94092570268987	246.88019299849157	160.590122901613
contig_843512	0.0	0.0	0.0	0.0	0.0	0.0	26.075714114852072	0.0	0.0	0.0	0.0	0.0	0.0	0.0	0.0	0.0	0.0	0.0	0.0	0.0	0.0	0.0	0.0	0.0	0.0	0.0
contig_844396	0.0	0.0	0.0	0.0	0.0	0.0	0.0	26.84387559486696	0.0	0.0	0.0	0.0	0.0	0.0	0.0	0.0	0.0	0.0	46.62529774294872	0.0	0.0	0.0	0.0	0.0	0.0	0.0
contig_845649	4.636064346482258	0.0	1.378481101817475	1.3937748506833831	0.0	0.0	0.0	3.320739601243833	0.0	1.4068230557863084	4.461998808497733	0.0	0.0	0.0	0.0	0.0	0.0	0.0	0.0	0.0	0.0	0.0	0.0	0.7636434831550832	0.0	0.0
contig_846053|provirus_6636_51075	0.0	0.0	0.0	19.673776727201044	13.473831981676321	0.0	5.437959696369439	0.0	0.0	0.0	0.0	19.943583226750466	0.0	20.412649982787524	0.0	39.107990799693084	0.0	95.97458306336387	7.995292869454468	32.81269098893522	0.0	0.0	0.0	0.0	0.0	0.0
contig_848526	0.0	0.0	0.0	0.0	0.0	0.0	13.844732736346115	0.0	0.0	0.0	0.0	184.1885627811324	484.2828604304413	108.39410007759162	0.0	0.0	0.0	0.0	0.0	0.0	0.0	0.0	0.0	0.0	0.0	0.0
contig_850571	0.0	0.0	0.0	0.0	0.0	0.0	2.0012614242273243	0.0	0.0	0.0	0.0	57.01263448887374	0.0	93.54086385467872	0.0	2.883690895268867	0.0	0.0	0.0	0.0	0.0	0.0	0.0	0.0	0.0	0.0
contig_851908	0.0	0.0	0.0	0.0	0.0	0.0	0.0	0.0	0.0	0.0	0.0	0.0	0.0	0.0	0.0	0.0	0.0	0.0	0.0	0.0	13.38852297595023	0.0	0.0	0.0	0.0	0.0
contig_852073	1.8046665178337564	0.0	0.0	0.0	0.0	0.0	3.2183156417230814	0.0	0.0	0.0	0.0	0.0	0.0	0.0	0.0	0.0	0.0	0.0	0.0	0.0	7.049908453112681	0.0	2.2836259259839564	0.0	0.0	6.311475740928456
contig_852488	0.0	0.0	0.0	0.0	0.0	0.0	0.0	0.0	0.0	0.0	0.0	0.0	0.0	0.0	0.0	0.0	0.0	0.0	0.0	38.50373716028986	0.0	0.0	0.0	0.0	0.0	0.0
contig_852684	0.0	0.0	0.0	56.54866356942977	36.50281886260438	441.9918402045524	132.85969996888812	220.1514877924525	0.0	0.0	0.0	33.61529418605029	0.0	129.85151959896137	0.0	0.0	0.0	0.0	0.0	0.0	0.0	0.0	0.0	95.62688989689104	0.0	0.0
contig_853886	3.843933354046761	3.9816385353535626	12.948137216190988	11.925652730500211	17.60198416889716	11.334953566319676	19.750090371014913	6.0516466620238	2.8348179750407874	42.58327130049355	28.151265749354025	12.86100269325595	9.64001069803925	13.32245246880115	0.0	29.853117769553148	0.0	0.0	0.0	21.851063156641615	27.035302454171088	8.927217446244487	0.0	0.0	2.5631628458643627	6.818808123219988
contig_854136	0.0	0.0	0.0	154.55530949903292	113.62904845314281	0.0	224.84706009371166	131.7095663671855	0.0	0.0	0.0	0.0	0.0	0.0	0.0	0.0	0.0	0.0	0.0	0.0	317.9690667032858	0.0	303.38975702905043	0.0	0.0	0.0
contig_854916	0.0	0.0	0.0	0.0	0.0	0.0	0.0	117.46754458092607	2.811633124228125	5.249476241483683	13.664939365981025	60.41253568968194	478.3778061409511	121.77399694645315	0.0	5.086641282195667	0.0	0.0	0.0	0.0	2.341527601598924	4.3556911698004255	1.5641389409359334	0.0	0.0	0.0
contig_855993	0.0	0.0	0.0	0.0	0.0	0.0	0.0	0.0	0.0	0.0	0.0	32.49487051677199	0.0	0.0	0.0	0.0	0.0	32.052837355319824	0.0	101.94732429917889	0.0	0.0	0.0	0.0	0.0	0.0
contig_857270	0.0	0.0	0.0	112.03963343863592	34.79700794768701	0.0	34.01837264247276	37.98957079778338	310.2553853549965	13.801958577500493	10.686672012054013	33.536760284059675	19.143423829225416	0.0	20.333613789021346	0.0	21.33109843419141	55.17434912227332	58.822128419242695	40.04579254283761	539.3853303594992	105.71248870827225	436.64883829792205	233.3727914091485	109.14989641288975	148.47984645628102
contig_857457	0.0	0.0	0.0	0.0	0.0	0.0	0.0	0.0	0.0	0.0	0.0	31.347996823040823	37.392459949776196	0.0	0.0	0.0	0.0	0.0	0.0	0.0	0.0	0.0	0.0	0.0	0.0	0.0
contig_858059	0.0	0.0	0.0	0.0	0.0	0.0	0.0	0.0	0.0	4.136097521356551	0.0	92.02448820349295	14.623703621177333	0.0	0.0	12.274450130383174	0.0	0.0	0.0	0.0	0.0	0.0	0.0	0.0	0.0	0.0
contig_858151|provirus_14375_49241	0.0	0.0	0.0	150.90505542939488	0.0	0.0	2.6223850074532957	0.0	8.459189047786142	18.74574141828873	8.216416133811327	131.28173216693025	18.45278526666734	37.022705015974175	0.0	0.0	0.0	0.0	62.49108483313457	0.0	75.78439303538777	7.765637306005849	0.0	0.0	0.0	0.0
contig_859409	0.0	0.0	0.0	0.0	1.4437232927360666	0.0	0.0	1.6803070315524222	0.0	0.0	0.0	0.0	0.0	0.0	0.0	0.0	0.0	0.0	0.0	0.0	0.0	0.0	0.0	0.0	61.671103177352315	0.0
contig_859490	0.0	0.0	0.0	0.0	0.0	0.0	0.0	4.688341806493715	0.0	17.020587780433427	0.0	169.94737228429906	179.69063376217323	109.94581289505172	0.0	0.0	0.0	0.0	0.0	0.0	0.0	0.0	0.0	0.0	0.0	0.0
contig_859715|provirus_7596_43736	0.14342728554586617	0.0	0.0	0.0	0.0	0.0	0.0	0.0	0.0	0.0	0.0	33.813063966975925	3.141706243133874	16.54608719470522	0.0	0.0	0.0	0.0	0.0	0.0	0.0	0.0	0.0	0.0	0.0	0.0
contig_860955	0.0	0.0	0.0	0.0	0.0	0.0	0.0	0.0	0.0	0.0	0.0	162.8393256829527	0.0	0.0	0.0	0.0	0.0	0.0	0.0	0.0	0.0	0.0	0.0	0.0	0.0	0.0
contig_861080	0.0	0.0	0.0	0.0	0.0	3009.0206336755846	16270.221918801064	46456.97718091453	0.0	0.0	0.0	4746.604022653702	6532.144411128276	2206.9448165070207	0.0	0.0	0.0	197262.94160913338	10433.429178445429	13079.932409399968	0.0	0.0	0.0	55.37191926989751	182.66515542209166	0.0
contig_861989	0.0	0.0	0.0	0.0	0.0	0.0	0.0	0.0	0.0	0.0	0.0	0.0	0.0	0.0	0.0	0.0	0.0	0.0	0.0	0.0	7.865785088864763	0.0	9.360638353429145	9.835991457069708	0.0	0.0
contig_862041|provirus_3_10167	0.0	0.0	0.0	0.0	0.0	1.158279567571154	7.690043496801883	0.0	0.0	0.0	0.0	13.27086332481209	0.0	13.784464748445608	0.0	0.0	0.0	0.0	0.0	9.756855098145776	0.0	0.0	0.0	0.0	0.0	0.0
contig_862614	0.0	0.0	0.0	0.0	0.0	0.0	0.0	0.0	0.0	0.0	0.0	2.309382075177163	0.40691680442979433	0.0	0.0	0.0	0.0	0.0	0.0	0.0	0.0	0.0	0.0	0.0	0.0	0.0
contig_862677	0.0	0.0	0.0	0.0	0.0	0.0	0.0	0.0	0.0	0.0	0.0	4.669504442622737	0.0	0.0	0.0	0.0	0.0	0.0	45.305405311394566	0.0	0.0	0.0	0.0	0.0	0.0	0.0
contig_862874	0.0	0.0	0.0	0.0	0.0	0.0	9.068287739077201	0.0	0.0	0.0	0.0	0.0	0.0	0.0	0.0	0.0	0.0	0.0	0.0	0.0	0.0	0.0	0.0	0.0	5.62981691089189	0.0
contig_863822	0.0	0.0	0.0	0.0	0.0	20.5389987783403	11.050819463338392	24.574399346322224	0.0	0.0	0.0	0.0	0.0	0.0	0.0	0.0	0.0	0.0	0.0	0.0	0.0	0.0	0.0	0.0	0.0	0.0
contig_865379	0.0	0.0	0.0	0.0	0.0	0.0	3.7793883763860876	0.0	0.0	0.0	0.0	122.75665951545194	271.5872225127597	68.22749080920677	0.0	0.0	0.0	0.0	0.0	0.0	0.0	0.0	0.0	0.0	0.0	0.0
contig_866011	0.0	0.0	0.0	0.0	0.0	0.0	36.49516853090815	109.43502825424461	0.0	0.0	0.0	0.0	0.0	0.0	0.0	0.0	0.0	0.0	0.0	0.0	0.0	0.0	0.0	0.0	0.0	0.0
contig_866574	0.0	0.0	0.0	0.0	0.0	0.0	0.0	0.0	0.0	0.0	0.0	0.0	0.0	0.0	0.0	0.0	0.0	62.936734696720265	0.0	0.0	0.0	0.0	0.0	0.0	0.0	9.966329463829917
contig_867071	0.0	0.0	0.0	0.0	0.0	0.0	0.0	0.0	0.0	0.0	0.0	0.0	0.0	0.0	0.0	0.0	0.0	0.0	0.0	0.0	0.0	0.0	13.625077848762135	5.632772779563927	0.0	0.0
contig_867213	0.0	0.0	0.0	581.8476502938695	83.61805815524171	0.0	77.64813111716208	2.94728170275449	315.8229073942533	86.55091262016425	50.67802901315044	256.9113833225352	50.670305146373	0.0	80.5689030771469	0.0	24.36238903047347	0.0	65.33923328055735	9.968594930802201	592.2630046715369	13.449561062474805	680.6952322667147	216.3678664832555	166.0642980438903	128.1802673186865
contig_868523	0.0	0.0	0.0	1.0684725445463705	0.0	0.0	0.0	0.0	0.0	0.0	0.0	0.0	0.0	0.0	0.0	0.0	0.0	0.0	0.0	0.0	0.0	0.0	0.0	15.2707135013073	0.0	0.0
contig_869770	0.0	0.0	0.0	17.338656409443498	0.0	7.18378249353959	39.187292005101376	1.9016392276594956	83.51491016869899	0.0	27.28866015909426	34.55595868071416	0.0	66.52313963361995	0.0	0.0	0.0	0.0	0.0	0.0	0.0	0.0	0.0	0.0	0.0	0.0
contig_869971	0.0	0.0	0.0	6.3914532438481	0.0	0.0	0.0	0.0	0.0	0.0	0.0	20.409675093880363	0.0	9.253407188124624	0.0	0.0	0.0	0.0	0.0	0.0	0.0	0.0	0.0	0.0	0.0	0.0
contig_870516	0.0	0.0	0.0	0.0	0.0	13.07972708781758	90.47564507219833	6.933302895505909	0.0	0.0	0.0	6.4163495238594725	0.0	0.0	0.0	0.0	0.0	0.0	24.12717236722972	46.83943831220194	0.0	0.0	41.424934931074205	103.1352782102823	10.966434041621	8.21612492610839
contig_870722	0.0	0.0	0.0	0.0	9.663156364935787	12.56527626213625	0.0	0.0	0.0	0.0	4.679869844068913	2.157951956357894	0.0	0.0	0.0	0.0	0.0	0.0	0.0	0.0	0.0	0.0	0.0	0.0	0.0	0.0
contig_871076	0.0	0.0	0.0	0.0	0.0	0.0	15.911281344515501	0.0	0.0	0.0	0.0	0.0	0.0	0.0	0.0	0.0	0.0	0.0	0.0	0.0	0.0	0.0	0.0	0.0	0.0	0.0
contig_871458	0.0	0.0	0.0	0.0	0.0	0.0	0.0	0.0	0.0	0.0	0.0	0.0	0.0	0.0	0.0	0.0	0.0	0.0	0.0	0.0	0.0	0.0	80.5890985232938	92.67374215994927	0.0	0.0
contig_871539	0.0	0.0	0.0	0.0	0.0	0.0	0.0	0.0	0.0	0.0	0.0	1.7041308856973456	0.0	0.0	0.0	0.0	0.0	0.0	0.0	0.0	0.0	0.0	0.0	0.0	0.0	0.0
contig_871696	0.0	0.0	0.0	0.0	0.0	53.2091186328526	170.63501875207865	31.14990250346698	0.0	0.0	0.0	98.22977517436404	104.40252166085959	158.53870481547537	0.0	0.0	0.0	0.0	111.54061271652007	45.3588359315692	0.0	0.0	0.0	0.0	0.0	0.0
contig_871876	0.0	0.0	0.0	0.0	0.0	873.2076648979239	788.6543646425317	0.0	0.0	0.0	0.0	116.30344706320389	0.0	263.2752416613081	197.08426615425702	0.0	0.0	354.1245923067994	389.258829310246	278.15325949873073	0.0	0.0	213.3644526411147	0.0	0.0	255.65765776277078
contig_872244	0.0	0.0	0.0	0.0	0.0	12.338422988489945	8.653864550876989	0.0	0.0	0.0	0.0	0.0	0.0	0.0	0.0	0.0	0.0	0.0	0.0	0.0	12.1024271299272	0.0	22.18994212332102	4.593014231311089	0.0	0.0
contig_872818	0.0	0.0	0.0	0.0	0.0	0.0	122.30249836497417	0.0	0.0	0.0	0.0	150.74831001597926	67.22787566880622	1.7151626700713556	0.0	0.0	0.0	0.0	0.0	0.0	0.0	0.0	0.0	0.0	0.0	0.0
contig_872846	0.0	0.0	0.0	0.0	0.0	0.0	0.0	0.0	0.0	0.0	0.0	0.0	2.2261784444261776	0.0	0.0	0.0	0.0	0.0	0.0	0.0	0.0	0.0	0.0	11.838961302648332	0.0	0.0
contig_872975	0.0	0.0	0.0	0.0	0.0	0.0	0.0	0.0	0.0	0.0	0.0	0.0	0.0	1.897449189323843	0.0	0.0	0.0	0.0	0.0	0.0	0.0	0.0	0.0	0.0	0.0	0.0
contig_873223	0.0	0.0	0.0	0.0	0.0	0.0	0.0	0.0	0.0	0.0	0.0	0.0	0.0	0.0	0.0	0.0	0.0	0.0	0.0	0.0	0.0	0.0	0.0	7.03950399042928	0.0	0.0
contig_873755	0.0	0.0	0.0	0.0	0.0	0.0	0.0	0.0	0.0	0.0	0.0	0.0	0.0	0.0	0.0	38.809189148007974	0.0	0.0	0.0	0.0	0.0	0.0	0.0	0.0	0.0	0.0
contig_874274	0.0	0.0	0.0	0.0	0.0	0.0	0.0	0.0	9.654769012273865	41.10554320942064	6.305730391631699	65.48171325081246	0.0	13.484537313084132	0.0	50.36387066123957	33.73495347490823	21.560932785052234	0.0	72.6287502318393	0.0	0.0	0.0	0.0	0.0	0.0
contig_874447	0.0	0.0	0.0	0.0	0.0	6.161684709101136	28.091512213756555	21.37716678147599	0.0	0.0	0.0	75.93348508725151	13.768955247032078	32.356444000679474	0.0	0.0	0.0	45.155443017096516	127.31230715018884	0.0	0.0	0.0	0.0	0.0	0.0	0.0
contig_875063	0.0	0.0	0.0	0.0	0.0	0.0	0.0	0.0	0.0	1.3817854326434	12.514998929551657	14.515569167066882	0.0	6.572930930920794	0.0	8.402688743642509	0.0	0.0	0.0	0.0	0.0	0.0	0.0	0.0	0.0	0.0
contig_875240	0.0	0.0	0.0	0.0	0.0	0.0	0.0	0.0	0.0	0.0	0.0	0.0	0.0	0.0	0.0	29.181455776427846	0.0	0.0	7.43162230839641	30.8508129814704	0.0	0.0	0.0	0.0	0.0	0.0
contig_875837	0.0	0.0	0.0	23.611333015344705	0.0	24.389628361369446	13.344028715700858	0.0	0.0	30.97199801016477	85.50055848236097	254.8432844395199	86.31826847711285	145.29112634896006	0.0	0.0	0.0	5666.165819044839	895.347333564482	416.28288199513355	0.0	0.0	0.0	0.0	0.0	0.0
contig_876422	0.0	0.0	0.0	0.0	0.0	80.24686538971551	65.87499745908363	207.45062057183554	0.0	0.0	0.0	6.160095301307203	25.588617775887666	116.11042906163586	0.0	0.0	0.0	263.68133927040236	58.6898358519442	617.335934888348	0.0	0.0	0.0	0.0	0.0	0.0
contig_876857	0.0	0.0	0.0	0.0	0.0	0.0	0.0	0.0	0.0	0.0	0.0	14.649895877239755	0.0	0.0	0.0	0.0	0.0	0.0	0.0	0.0	0.0	0.0	0.0	0.0	0.0	0.0
contig_878097|provirus_37469_90671	0.0	0.0	0.0	26.165475264767217	14.504068248962986	108.01325030124076	0.0	0.0	0.0	0.0	0.0	0.0	20.90694245089377	0.0	0.0	0.0	0.0	66.2174942348652	0.0	0.0	0.0	0.0	10.359052776848584	62.40480796198147	14.41283521161084	44.971430589941356
contig_878373	0.0	0.0	0.0	0.0	0.0	0.0	2.466515972466458	4.326138272347191	0.0	0.0	0.0	25.00184363978759	0.5719765278724708	0.0	0.0	7.863694061414752	0.0	37.200259021174546	0.0	260.6183780080328	0.0	0.0	0.0	0.0	0.0	0.0
contig_878378	1.9926095021988428	0.0	2.0687957938445143	0.0	7.889086504938029	8.977113269280856	0.0	0.0	0.0	12.892182060340016	5.580395912445872	5.3736927262323	1.993152492970657	0.0	0.0	11.578611700729343	0.0	0.0	0.0	0.0	9.079865286036442	18.317645519919687	0.0	0.0	0.0	0.0
contig_878998	0.0	0.0	0.0	0.0	0.0	0.0	11.832928297891277	12.687680905332241	0.0	0.0	0.0	146.60431440746515	265.4416717271885	138.26247734835223	0.0	0.0	0.0	0.0	0.0	0.0	0.0	0.0	0.0	0.0	0.0	0.0
contig_879008	0.0	0.0	0.0	0.0	0.0	0.0	0.0	0.0	0.0	0.0	0.0	38.08135979961564	0.0	0.0	0.0	0.0	0.0	0.0	0.0	0.0	0.0	0.0	0.0	0.0	0.0	0.0
contig_879160	0.0	0.0	0.0	0.0	0.0	0.0	12.168018732635808	0.0	0.0	0.0	0.0	0.0	0.0	0.0	0.0	0.0	0.0	0.0	23.430008434903343	0.0	0.0	0.0	26.73045454179112	33.0923305207485	0.0	0.0
contig_879758	0.0	0.0	0.0	0.0	0.0	0.0	0.0	0.0	0.0	0.0	0.0	2.1871575095103	0.0	0.0	0.0	0.0	0.0	0.0	0.0	0.0	0.0	0.0	0.0	0.0	0.0	0.0
contig_881188	0.0	0.0	0.0	2.0452650380313835	0.0	0.0	0.0	20.114874710190765	0.0	0.0	2.3871693625462833	318.324790587882	329.92930551521016	172.05466473285898	0.0	0.0	0.0	0.0	0.0	0.0	14.407233803792971	0.0	11.021752929109367	0.0	0.0	0.0
contig_881376	0.0	0.0	0.0	0.0	0.0	0.0	0.0	9.275137173262411	0.0	0.0	0.0	11.55740376730444	0.0	0.0	5.958695635821146	58.154529289309835	0.0	225.44045839821774	47.02308450466692	362.99066623180886	0.0	0.0	0.0	0.0	0.0	0.0
contig_881633	0.0	0.0	0.0	0.0	0.0	86.61574476875829	27.594874798975795	65.07113451296881	0.0	0.0	0.0	0.0	0.0	4.138589740110546	0.0	0.0	0.0	0.0	0.0	0.0	0.0	0.0	0.0	0.0	0.0	0.0
contig_881672	0.0	0.0	0.0	0.0	0.0	0.0	13.039934396665993	0.0	0.0	0.0	0.0	18.008707364412317	0.0	0.0	0.0	0.0	0.0	35.85269902934568	43.07213664515472	0.0	28.031091918305414	0.0	59.44888998077644	22.902590581022	17.396240093569933	53.09650026865583
contig_881952	0.0	0.0	0.0	0.0	0.0	0.0	0.0	29.73296854156143	0.0	3.171040909193073	0.0	200.7081432414343	119.49116490794268	314.77386238876267	0.0	27.998288084299443	0.0	0.0	0.0	0.0	0.0	0.0	31.114997133093723	0.0	0.0	0.0
contig_882271	0.0	0.0	0.0	0.0	0.0	7.9052580486731	3.961688286305883	0.0	0.0	0.0	0.0	5.795158822407384	0.0	0.0	0.0	0.0	0.0	0.0	0.0	0.0	0.0	0.0	0.0	0.0	0.0	0.0
contig_882516	0.0	0.0	0.0	0.0	0.0	2.7544453131265167	4.266626599125767	0.0	0.0	0.0	9.149429612546733	0.0	5.570294060639566	0.0	0.0	0.0	0.0	0.0	0.0	12.968783246809968	0.0	0.0	0.0	0.0	0.0	0.0
contig_883712	0.0	0.0	0.0	0.0	0.0	0.0	0.0	0.0	0.0	0.0	0.0	0.0	0.0	0.0	0.0	0.0	0.0	20.621019821399248	0.0	0.0	0.0	0.0	0.0	0.0	0.0	0.0
contig_884027	0.0	0.0	0.0	0.0	0.0	0.0	0.0	0.0	0.0	0.0	0.0	0.0	0.0	0.0	0.0	0.0	0.0	23.641977158498698	0.0	0.0	0.0	0.0	0.0	0.0	24.109914702555873	2.9382786921448485
contig_884220	0.0	0.0	0.0	28.829910149080355	0.0	0.0	76.3211383995314	41.27361225814644	16.552016764060376	0.0	0.0	22.186894681171314	0.0	5.075465122113543	0.0	165.33556346808945	0.0	385.08483415486353	23.09864625687411	200.4834017401194	0.0	0.0	0.0	0.0	0.0	0.0
contig_884424	0.0	0.0	0.0	0.0	0.0	0.0	0.0	0.0	0.0	0.0	0.0	0.0	0.0	6.3761361878912	0.0	0.0	0.0	35.5604439717276	0.0	49.48731765597726	0.0	0.0	0.0	0.0	0.0	0.0
contig_885450	0.0	0.0	0.0	0.0	0.0	2.5337365540618877	0.0	0.0	0.0	0.0	0.0	20.009691711566163	0.0	0.0	0.0	4.335071853808625	0.0	0.0	0.0	0.0	0.0	0.0	0.0	0.0	0.0	0.0
contig_885980	0.0	0.0	0.0	0.0	0.0	0.0	0.0	0.0	0.0	0.0	0.0	97.87721206324146	103.14308043673155	63.455643627178624	0.0	0.0	0.0	0.0	0.0	0.0	0.0	0.0	0.0	0.0	0.0	0.0
contig_886637	0.0	0.0	0.0	0.0	0.0	11.221384668428584	0.0	0.0	0.0	0.0	0.0	0.0	0.0	0.0	0.0	0.0	0.0	0.0	0.0	0.0	14.978980499815904	0.0	6.559423787818416	22.574628570441867	9.084296062050349	13.03513025699696
contig_887318	0.0	0.0	0.0	0.0	0.0	1.74921475555251	1.838109945092307	0.0	0.0	0.0	0.0	1.6909222935242951	0.0	10.502672241388304	0.0	0.0	0.0	28.667482573840992	0.0	47.24261005821771	0.0	0.0	0.0	0.0	0.0	0.0
contig_887885	0.0	0.0	0.0	0.0	0.0	0.0	0.0	0.0	0.0	0.0	0.0	15.660572354800852	0.0	0.0	0.0	0.0	0.0	0.0	0.0	0.0	0.0	0.0	0.0	0.0	0.0	0.0
contig_887967	0.0	0.0	0.0	0.0	0.0	0.0	0.0	0.0	0.0	0.0	0.0	0.0	0.0	0.0	0.0	0.0	0.0	0.0	0.0	33.496277280237884	0.0	0.0	0.0	0.0	0.0	0.0
contig_888087	0.0	0.0	0.0	0.0	0.0	0.0	0.0	0.0	0.0	0.0	17.928484509399357	69.99210099446425	19.67326991798134	18.752469759782212	0.0	0.0	0.0	872.095261461763	94.6276497504972	104.01051223620739	0.0	0.0	0.0	0.0	0.0	0.0
contig_888127	0.0	0.0	0.0	0.0	0.0	0.0	3.539568494042622	21.115605088390296	0.0	0.0	0.0	21.951248336134125	0.0	13.23273697781836	0.0	0.0	0.0	0.0	0.0	0.0	0.0	0.0	0.0	0.0	0.0	0.0
contig_890193	0.0	0.0	0.0	101.20700590708225	0.0	80.5378107867847	175.04259601977395	109.09177966250209	184.212453744153	0.0	0.0	88.71943268819011	5.28002552610347	126.60902826571149	0.0	0.0	0.0	143.24270632439192	33.94688797133868	64.84562076628954	0.0	0.0	0.0	0.0	0.0	0.0
contig_890553	0.0	0.0	0.0	46.46364995527779	0.0	47.8840410242052	1.8631777693223714	0.0	0.0	0.0	0.0	1.5614597418785716	0.0	0.0	0.0	0.0	0.0	0.0	0.0	0.0	0.0	0.0	0.0	0.0	0.0	0.0
contig_890785	0.0	0.0	0.0	0.0	0.0	85.20199462976925	71.43750151768533	27.712778398417186	0.0	0.0	0.0	0.0	0.0	0.0	0.0	0.0	0.0	0.0	0.0	0.0	64.03035076290831	18.624784125005043	0.0	226.12837396627114	402.1912257562223	0.0
contig_890940	0.0	0.0	0.0	0.0	0.0	0.0	0.0	2.5658518437280455	0.0	0.0	0.0	0.0	0.0	0.0	0.0	0.0	0.0	24.21966108461123	0.0	17.65856886632299	0.0	0.0	0.0	0.0	0.0	0.0
contig_891213	0.0	0.0	0.0	0.0	0.0	0.0	0.0	0.0	0.0	0.0	0.0	8.131511073231097	0.0	5.064967567386067	0.0	0.0	0.0	0.0	0.0	24.76131533903401	0.0	0.0	0.0	0.0	0.0	0.0
contig_891308	0.0	0.0	0.0	0.0	0.0	0.0	0.0	0.0	0.0	0.0	0.0	0.0	0.0	0.0	0.0	0.0	0.0	0.0	0.0	0.0	0.0	0.0	1.1153224407017417	0.0	0.0	0.0
contig_891644	0.0	0.0	0.0	0.0	0.0	0.0	7.90108531792504	0.0	0.0	0.0	0.0	2.04771200884141	5.4039697872796095	0.0	0.0	0.0	0.0	0.0	0.0	0.0	0.0	0.0	0.0	0.0	0.0	0.0
contig_892164	0.0	0.0	0.0	0.0	0.0	0.0	0.5925105648140775	0.0	0.0	6.142727892088937	6.601293342073562	6.8303797975009255	0.0	0.0	0.0	0.0	0.0	0.0	0.0	0.0	0.0	0.0	0.0	0.0	0.0	0.0
contig_892437	0.0	0.0	0.0	0.0	0.0	12.733638974070082	21.12450649095329	99.33265228195567	0.0	0.0	0.0	40.03440677697613	3.8826578430212364	20.074016902366125	0.0	0.0	0.0	184.6604855378989	0.0	394.1503607176008	0.0	0.0	0.0	0.0	0.0	0.0
contig_892442	0.0	0.0	0.0	7.226550452222606	0.0	0.0	0.0	18.184553649526052	0.0	0.0	2.3702446620006925	7.1538235391705935	0.0	0.0	0.0	23.900000573907153	0.0	70.39289202228618	0.0	136.77083480949278	0.0	0.0	0.0	0.0	0.0	0.0
contig_893854	0.0	0.0	0.0	10.229187392567567	0.0	16.975476893396646	17.511558406556002	15.119043409815824	0.0	0.0	0.0	32.48537255190077	4.377617498550428	13.456751033188786	0.0	19.533211774362755	0.0	102.62365790498838	37.094374947208316	344.12976016308323	0.0	0.0	0.0	0.0	0.0	0.0
contig_894315	4.21055148081455	14.748432947728023	4.135443305452425	0.0	0.0	0.0	0.0	0.0	0.0	0.0	0.0	0.0	0.0	0.0	34.78693033233972	0.0	0.0	90.47102361067002	63.026862075543775	0.0	0.0	34.64262507884155	0.0	0.0	0.0	0.0
contig_894348	0.0	0.0	0.0	0.0	0.0	0.0	16.42307686999721	38.59681597189085	0.0	0.0	0.0	8.738971279765275	0.0	16.476327007388598	0.0	0.0	0.0	71.35918694921487	0.0	11.569585774586688	0.0	0.0	0.0	0.0	0.0	0.0
contig_894540	0.0	0.0	0.0	0.0	0.0	77.21991278316362	58.611052969277445	45.64267633749086	152.29475037888201	0.0	0.0	70.40578921763516	0.0	69.90580507963706	0.0	0.0	0.0	55.362907775024404	4.2655895594281	58.603202313440995	0.0	0.0	0.0	0.0	0.0	0.0
contig_894700	0.0	0.0	0.0	0.0	0.0	0.0	0.0	0.0	0.0	0.0	0.0	12.1606772524184	3.78882674355022	25.46254395995865	0.0	0.0	0.0	0.0	0.0	0.0	0.0	0.0	0.0	0.0	0.0	0.0
contig_895496	0.0	0.0	0.0	0.0	0.0	0.0	0.0	0.0	0.0	0.0	0.0	153.06777314815915	0.0	38.46678701683283	0.0	0.0	0.0	120.35982453708041	0.0	0.0	0.0	0.0	0.0	0.0	0.0	0.0
contig_895559	0.0	0.0	0.0	0.0	0.0	0.0	0.0	0.0	0.0	0.0	0.0	0.0	0.0	0.0	0.0	0.0	0.0	16.760181863287432	94.89005635510735	0.0	0.0	0.0	0.0	0.0	0.0	0.0
contig_895777	0.0	0.0	0.0	0.0	0.0	0.0	16.903621343544582	0.0	0.0	0.0	0.0	0.0	0.0	11.22571785874073	0.0	0.0	0.0	90.23971842760812	0.0	0.0	9.834639011581489	0.0	21.020359467923704	73.88645564741437	0.0	0.0
contig_896047	0.0	0.0	0.0	19.193019345791306	0.0	0.0	0.0	131.66228365341865	0.0	12.089903259990646	43.56674100574667	0.0	0.0	0.0	0.0	0.0	0.0	0.0	0.0	0.0	0.0	0.0	0.0	0.0	0.0	0.0
contig_896849	0.0	0.0	0.0	5.45404010141704	5.076821338728626	0.0	0.0	0.0	33.285923179514036	54.04239939073598	23.491246998904458	0.0	0.0	0.0	0.0	0.0	3.90880098188425	0.0	0.0	0.0	0.0	0.0	0.0	0.0	0.0	0.0
contig_897381	0.0	0.0	0.0	5.0849130779786	0.0	0.0	0.0	234.08385955919078	0.0	0.0	0.0	158.33373606465554	1908.9153629485602	365.67227428515463	0.0	0.0	0.0	0.0	0.0	0.0	6.5522666555905715	0.0	9.788741106094664	0.0	0.0	0.0
contig_897426	0.0	0.0	0.0	0.0	0.0	0.0	0.0	0.0	82.99903966061947	0.0	0.0	0.0	0.0	0.0	0.0	0.0	0.0	0.0	0.0	0.0	0.0	0.0	0.0	0.0	0.0	0.0
contig_897639	0.0	0.0	0.0	0.0	0.0	0.0	0.0	0.0	22.966771021958376	0.0	0.0	0.0	0.0	0.0	0.0	0.0	0.0	0.0	0.0	0.0	0.0	0.0	0.0	0.0	0.0	0.0
contig_897826	0.0	0.0	0.0	15.081963626202766	0.0	0.0	0.0	0.0	4.984258720222583	0.0	0.0	0.0	0.0	0.0	0.0	0.0	0.0	0.0	0.0	0.0	21.861273408346218	8.910435603475367	0.0	0.0	0.0	0.0
contig_898929	0.0	0.0	0.0	30.35343871953063	0.0	5.589460713746868	0.3898371597291064	108.31942372124408	62.2641073006936	19.93011287983017	10.959206959221872	110.68208487800433	362.78527413961643	241.51270839993546	4.039769347483705	0.0	0.0	0.0	0.0	0.0	15.16565358274748	42.21253292213051	37.54517558471772	0.0	10.307937197036427	0.0
contig_899368	0.0	0.0	0.0	3.461761204267293	0.0	5.936142216431474	3.8718158123824935	1.5668915382645734	25.584929564965343	13.031073065398285	2.03472578847172	8.495291656240687	37.09083863444155	28.510710886898	8.043347775042067	0.0	0.0	0.0	0.0	0.0	1.8416219034278734	16.01835357273861	3.4680257658625933	0.0	0.0	0.0
contig_899630	0.0	0.0	0.0	0.0	0.0	0.0	0.0	0.0	29.28606356082414	0.0	0.0	0.0	0.0	0.0	0.0	0.0	0.0	0.0	0.0	0.0	0.0	0.0	0.0	0.0	0.0	0.0
contig_902418	0.0	0.0	0.0	0.0	0.0	0.0	0.0	0.0	29.9074519805195	0.0	0.0	0.0	0.0	0.0	0.0	0.0	0.0	0.0	0.0	0.0	0.0	0.0	0.0	0.0	0.0	0.0
contig_902789	0.0	0.0	0.0	0.0	0.0	0.0	0.0	0.0	52.602213445040974	65.6787558143308	62.67871504016807	0.0	0.0	0.0	0.0	0.0	0.0	0.0	0.0	0.0	0.0	0.0	0.0	0.0	0.0	0.0
contig_903596	0.0	0.0	0.0	4.582686848032309	0.0	0.0	0.0	0.0	3.0930648527317457	18.308016570613145	0.0	0.0	0.0	0.0	0.0	0.0	0.0	0.0	0.0	0.0	0.0	0.0	0.0	0.0	0.0	0.0
contig_903813	0.0	0.0	0.0	3.4863372727412543	0.0	0.0	0.0	0.0	14.499114852925887	11.051337600820219	0.0	0.0	0.0	0.0	0.0	0.0	0.0	0.0	0.0	0.0	0.0	0.0	0.0	0.0	0.0	0.0
contig_904392	0.0	0.0	0.0	12.249649038637601	0.0	0.0	0.0	8.797148479624825	15.967971068338125	19.642548323511875	15.307543985233425	17.347457862526458	102.09882144493046	24.725140297713107	2.6746980753279335	0.0	0.0	0.0	0.0	0.0	0.0	29.370836625641076	9.060762246164408	0.0	0.0	0.0
contig_906226	0.0	0.0	0.0	39.22625244161117	0.0	0.0	0.0	0.0	56.983528814477474	0.0	0.0	0.0	0.0	0.0	0.0	0.0	0.0	0.0	0.0	0.0	84.36068674983919	0.0	0.0	0.0	0.0	0.0
contig_907070	0.0	0.0	0.0	1.9377652063460091	0.0	0.0	0.0	0.0	71.42082626003553	13.057357826127589	0.0	0.0	0.0	0.0	0.0	0.0	0.0	0.0	0.0	0.0	0.0	0.0	0.0	0.0	0.0	0.0
contig_909441	0.0	0.0	1.132362527142583	5.9653563609249	0.0	0.0	3.571522015684855	0.0	0.0	18.769588548336905	7.493987598157164	5.707294606547754	0.0	4.498658040813205	0.0	1.5247047680212	0.0	0.0	0.0	0.0	0.0	0.0	0.0	0.0	0.0	0.0
contig_913448	0.0	0.0	0.0	0.0	0.0	0.0	0.0	0.0	17.077879486015462	13.081052381218248	0.0	0.0	0.0	0.0	0.0	0.0	0.0	0.0	0.0	0.0	0.0	0.0	0.0	0.0	0.0	0.0
contig_913929	1.5535483049901928	0.0	8.67305129592022	0.0	0.0	0.0	0.0	0.0	0.0	2.2342124967589645	8.950251851911364	5.614980430166393	0.0	6.267459690114472	0.0	0.0	0.0	0.0	0.0	0.0	0.0	19.35449526398394	0.0	0.0	3.994621672584136	0.0
contig_915203	10.48001601745645	5.542756233317824	6.681951760272142	11.646196520215875	12.654422337302258	11.22408868323935	16.240494234103732	8.628973261149975	12.157213478294926	11.877381992590335	16.7038987462162	34.44124802498446	2.871836936596619	9.507850338648632	0.0	8.1021506353321	0.0	0.0	0.0	12.076924728043217	5.21795239124	10.951825483977624	7.188779582297342	7.512554206994661	8.052242902029667	8.418076241084758
contig_915297	0.0	0.0	0.0	0.0	0.0	0.0	3.5221145751172336	0.0	3.4844071371067002	1.6164302493329965	0.0	0.0	0.0	0.0	0.0	0.0	0.0	0.0	0.0	0.0	0.0	0.0	0.0	0.0	0.0	0.0
contig_918082	0.0	0.0	0.0	0.0	0.0	0.0	0.0	0.0	0.0	0.0	0.0	0.0	0.0	0.0	0.0	10.73726255632862	0.0	0.0	0.0	0.0	0.0	0.0	0.0	0.0	0.0	0.0
contig_918408	0.0	0.0	0.0	0.0	0.0	0.0	0.0	0.0	0.0	0.0	0.0	33.03123197899587	9.640664262880714	0.0	0.0	0.0	0.0	0.0	0.0	16.96277606647988	0.0	0.0	0.0	0.0	0.0	0.0
contig_918900	0.0	0.0	0.0	0.0	0.0	0.0	0.0	0.0	0.0	0.0	0.0	0.0	0.0	22.98704843365692	0.0	0.0	0.0	0.0	0.0	0.0	0.0	0.0	0.0	0.0	0.0	0.0
contig_919686	0.0	0.0	0.0	0.0	25.92922814834332	0.0	0.0	0.0	56.41337508802413	0.0	0.0	0.0	0.0	0.0	40.27575712301664	0.0	105.34570331201435	0.0	0.0	216.68985548515985	0.0	0.0	0.0	0.0	0.0	0.0
contig_921012	0.0	0.0	0.0	0.0	0.0	0.0	0.0	0.0	0.0	0.0	0.0	0.0	0.0	0.0	0.0	0.0	0.0	0.0	0.0	0.0	0.0	0.0	17.882329626427577	0.0	0.0	0.0
contig_921738	0.0	0.0	0.0	0.0	0.0	0.0	0.0	0.0	13.793199032980056	1.6696575885658	0.0	0.0	0.0	0.0	0.0	0.0	0.0	0.0	0.0	0.0	0.0	0.0	0.0	0.0	0.0	0.0
contig_922762	0.0	0.0	0.0	0.0	6.870565280008466	20.178058396206996	5.472479046405834	193.24219786800123	0.0	0.0	0.0	0.0	0.0	0.0	0.0	0.0	0.0	0.0	0.0	0.0	14.774272596856353	0.0	19.266475436116593	14.080486367811094	0.0	11.8596509253992
contig_922855	0.0	0.0	0.0	43.530476646098904	32.26785733565548	0.0	15.11106962143101	0.0	0.0	0.0	23.601127954430627	28.53766990682581	0.0	0.0	62.095405959358104	48.75317846010155	0.0	0.0	19.105013105252187	96.34833458375873	0.0	0.0	6.424408755888907	0.0	0.0	0.0
contig_923219	0.0	0.0	0.0	0.0	0.0	0.0	0.0	35.29954096414545	0.0	0.0	0.0	278.469899289072	239.50801809772645	277.70195199482055	0.0	0.0	0.0	0.0	0.0	0.0	0.0	0.0	0.0	0.0	0.0	0.0
contig_923379	0.0	0.0	0.0	0.0	8.139168551604012	0.0	0.0	0.0	17.29611444666478	71.40280987931557	11.342879466819435	0.0	0.0	0.0	29.812680640042647	9.490510282981452	0.0	0.0	0.0	0.0	0.0	0.0	0.0	0.0	0.0	0.0
contig_925331	0.0	0.0	0.0	0.0	0.0	0.0	0.0	0.0	0.0	0.7096910283822593	0.0	0.0	0.0	0.0	0.0	4.3289380253923735	0.0	0.0	0.0	0.0	0.0	0.0	0.0	0.0	0.0	0.0
contig_927963	0.0	0.0	0.0	0.0	0.0	0.0	0.0	0.0	0.0	0.0	0.0	0.0	0.0	0.0	0.0	0.0	0.0	0.0	0.0	0.0	0.0	0.0	1.33152340613007	0.0	0.0	0.0
contig_928600	0.0	0.0	0.0	0.0	0.0	0.0	12.746960397698214	0.0	0.0	0.0	0.0	19.856280616310585	0.0	0.0	0.0	0.0	0.0	0.0	0.0	0.0	0.0	0.0	0.0	0.0	0.0	0.0
contig_929511	0.0	0.0	0.0	0.0	0.0	0.0	0.0	0.0	134.89653560014992	70.65816788726677	0.0	0.0	0.0	0.0	0.0	0.0	0.0	0.0	0.0	0.0	0.0	0.0	0.0	0.0	0.0	0.0
contig_930070	0.0	0.0	0.0	0.0	0.0	0.0	0.0	0.0	79.99168415715451	36.007123312271325	0.0	0.0	0.0	0.0	0.0	0.0	0.0	0.0	0.0	0.0	4.957765537580289	0.0	0.0	0.0	0.0	0.0
contig_933374|provirus_16956_58861	0.0	0.0	0.0	0.0	0.0	0.0	0.0	0.0	0.0	0.0	0.0	57.45426904664538	9.100337156825617	47.556278376846414	0.0	0.0	0.0	0.0	20.708487836379827	0.0	0.0	0.0	0.0	0.0	0.0	0.0
contig_933694	2.3570276974066497	0.0	0.0	0.0	0.0	0.0	0.0	0.0	0.0	0.0	0.0	0.0	0.0	0.0	0.0	0.0	0.0	0.0	0.0	0.0	0.0	0.0	0.0	0.0	0.0	0.0
contig_933697	0.0	0.0	0.0	0.0	0.0	0.0	0.0	0.0	0.0	0.0	0.0	0.0	0.0	0.0	0.0	0.0	0.0	0.0	0.0	0.0	0.0	0.0	0.0	16.017309177703194	0.0	0.0
contig_934212	0.0	0.0	0.0	0.0	0.0	0.0	0.0	0.0	0.0	0.0	0.0	0.0	11.63529094444508	0.0	0.0	0.0	0.0	0.0	0.0	0.0	0.0	0.0	0.0	0.0	0.0	0.0
contig_934285	0.0	0.0	0.0	0.0	0.0	0.0	0.0	0.0	15.165343971080194	0.0	0.0	3.714845398979092	10.37882387370524	2.2058128179565384	0.0	0.0	0.0	0.0	0.0	0.0	0.0	10.817565519302716	0.0	0.0	0.0	0.0
contig_934478	0.0	0.0	0.0	0.0	16.73171999451098	12.439029688372305	8.249235835289205	0.7005333310467555	0.0	9.714328392751595	4.40014019130334	9.40629792050306	0.0	6.005702992343911	0.0	0.0	0.0	0.0	0.0	0.0	0.0	0.0	0.0	0.0	0.0	0.0
contig_935788	0.0	0.0	0.0	9.827887225759927	0.0	0.0	0.0	104.68008160979038	112.02139048409794	11.301778617107063	20.77455170361013	0.0	0.0	83.06894035453384	0.0	0.0	0.0	0.0	0.0	0.0	0.0	4.8853283448155365	0.0	0.0	0.0	0.0
contig_937497	0.0	0.0	0.0	0.0	6.613485905340605	3.25990022625695	0.0	0.0	0.0	3.724455265215725	15.480051196945098	0.0	4.3949811557486	9.87285775685885	0.0	0.0	0.0	0.0	0.0	0.0	0.0	0.0	0.0	0.0	0.0	0.0
contig_938007	0.0	0.0	0.0	0.0	0.0	0.0	0.0	0.0	0.0	0.0	0.0	1.4974694144873344	0.0	0.5203398484129769	0.0	0.61659101889346	0.0	0.0	0.0	0.0	0.0	0.0	0.0	0.0	0.0	0.0
contig_938728	0.0	0.0	0.0	0.0	10.420902859785471	24.937869620343545	23.637246362617823	64.31063644442669	0.0	0.0	0.0	0.0	0.0	0.0	0.0	0.0	0.0	0.0	0.0	0.0	10.563517836633086	0.0	8.087751195481072	28.654145266574034	5.8037495801693355	0.0
contig_940015	0.0	0.0	0.0	0.0	0.0	0.0	0.0	0.0	0.0	0.0	0.0	118.57052539359181	59.505737790227364	13.7421497114664	0.0	0.0	0.0	0.0	24.0754384407295	0.0	0.0	0.0	0.0	0.0	0.0	0.0
contig_940593	9.52109400885786	0.0	0.0	0.0	0.0	0.0	0.0	0.0	0.0	0.0	0.0	31.939449747206435	0.0	29.06675419292684	5.1464880208034005	189.11284739185984	0.0	0.0	0.0	104.61522468442016	0.0	0.0	9.303695403701969	0.0	0.0	0.0
contig_942173	2.201736297377383	0.0	1.732741562722784	0.0	2.7085813397127	0.0	12.262299424338217	0.0	7.468914273296325	1.3997852474422892	0.0	8.568198554346981	0.0	0.0	0.0	7.351142696434258	0.0	0.0	0.0	14.550448301777116	0.0	10.710973683723275	2.032333880474113	0.0	0.0	3.47135985562241
contig_942529	0.0	0.0	0.0	0.0	0.0	0.0	0.0	0.0	31.664188997170868	0.0	0.0	0.0	0.0	0.0	0.0	0.0	0.0	0.0	0.0	0.0	0.0	0.0	0.0	0.0	0.0	0.0
contig_945243	0.0	0.0	0.0	0.0	0.0	0.0	0.0	0.0	0.0	0.0	0.0	0.0	93.14757100140237	0.0	0.0	0.0	0.0	0.0	0.0	0.0	0.0	0.0	0.0	0.0	105.59847745861983	8.169914556170042
contig_946179	0.0	0.0	0.0	0.0	0.0	0.0	0.0	0.0	0.0	0.0	0.0	20.66335302611184	6.720499437075287	41.88322849088001	0.0	0.0	0.0	0.0	0.0	0.0	3.410705504584992	0.0	0.0	0.0	0.0	0.0
contig_946929	0.0	24.339965489880267	0.0	0.0	0.0	0.0	0.0	8.0439569940601	0.0	0.0	0.0	22.227053850989403	0.0	0.0	0.0	10.058459962084433	0.0	0.0	0.0	0.0	0.0	0.0	11.977224679211133	0.0	0.0	11.616044842245302
contig_946956	0.0	0.0	0.0	0.0	0.0	8.680365002846967	5.052741991041109	126.88893677654033	0.0	0.0	0.0	0.0	0.0	0.0	0.0	0.0	0.0	0.0	0.0	0.0	9.7790787428375	0.0	0.0	16.61220366837399	0.0	0.0
contig_948657	0.0	0.0	0.0	63.34825891895762	0.0	0.0	12.638538682655392	0.0	75.80338279700555	72.55623672410486	22.317579216339382	35.681827152198345	2.995675939492134	0.0	0.0	0.0	0.0	0.0	6.1903945963559925	0.0	0.0	0.0	0.0	0.0	316.53040257701997	0.0
contig_950512	0.0	0.0	0.0	0.0	0.0	0.0	0.0	0.0	0.0	5.29336499232124	0.0	0.0	0.0	0.0	0.0	0.0	0.0	0.0	0.0	0.0	0.0	0.0	0.0	0.0	0.0	0.0
contig_9575	3.3629617696169514	0.0	4.739278654515213	0.0	3.1433634060242066	0.0	0.0	3.1625774426368447	0.0	3.56427990934436	0.0	2.8334163449317997	0.0	6.746975299644768	0.0	0.0	0.0	0.0	0.0	0.0	10.07266826360928	7.798045780566009	0.0	1.4342949557953475	8.214492548828266	7.864733391260174
contig_958796	0.0	0.0	0.0	0.0	0.0	0.0	0.0	0.0	0.0	0.0	0.0	49.646692822165946	0.0	18.416279333842507	0.0	0.0	0.0	0.0	0.0	0.0	0.0	0.0	0.0	0.0	0.0	0.0
contig_960553	0.0	0.0	0.0	0.0	0.0	0.0	0.0	0.0	0.0	0.0	0.0	176.99019832201034	52.82596348236965	129.13787337307687	0.0	1.3341217694805019	0.0	0.0	0.0	94.44062194306161	0.0	0.0	0.0	4.644865143935266	0.0	0.0
contig_962108	0.0	0.0	0.0	0.0	9.874536013701654	0.0	2.8181535561174464	0.0	44.47185486132335	23.707842431948333	0.0	18.200542491956277	0.0	0.0	30.24004407844964	131.8917222108036	64.67077295686015	19.775718463081738	0.0	96.24282198180155	0.0	0.0	0.0	0.0	0.0	0.0
contig_962209	0.0	0.0	0.0	0.0	0.0	0.0	0.0	0.0	0.0	1.14538069450756	0.0	1.17128044891457	0.0	0.0	0.0	0.0	0.0	0.0	0.0	0.0	0.0	0.0	0.0	0.0	0.0	0.0
contig_962435	0.0	0.0	0.0	0.0	0.0	0.0	1.267564216605052	0.0	0.0	0.0	0.0	2.6521192062084564	0.0	0.0	0.0	0.0	0.0	23.85485174594285	0.0	0.0	0.0	0.0	0.0	0.0	0.0	0.0
contig_964655	0.0	0.0	0.0	0.0	0.0	0.0	0.0	0.0	0.0	0.0	0.0	6.6380445358662	0.0	0.0	0.0	0.0	0.0	0.0	0.0	0.0	0.0	0.0	0.0	0.0	0.0	0.0
contig_966012	0.0	0.0	0.0	0.0	0.0	0.0	0.0	0.0	0.0	0.0	0.0	33.07204685812481	0.0	0.0	0.0	0.0	0.0	30.944078576787607	0.0	0.0	0.0	0.0	0.0	0.0	0.0	0.0
contig_966187	0.0	0.0	0.0	0.0	0.0	146.75855296447781	231.41785059102756	275.60336927516164	0.0	0.0	0.0	230.1922601286591	160.30142620794163	154.7030560999781	0.0	0.0	0.0	128.68876274107404	94.80246940855434	243.34950028405302	0.0	0.0	0.0	0.0	0.0	0.0
contig_966954	0.0	0.0	0.0	0.0	0.0	0.0	0.0	0.0	0.0	15.15363026340332	0.0	0.0	0.0	0.0	0.0	0.0	0.0	0.0	0.0	0.0	0.0	0.0	0.0	0.0	0.0	0.0
contig_970034	3.01963142390855	0.0	0.0	0.0	0.0	0.0	0.0	0.0	0.0	9.685580716512725	0.0	17.487799667777	14.572367143088675	43.76476614918793	0.0	0.0	0.0	0.0	0.0	0.0	0.0	0.0	0.0	0.0	0.0	0.0
contig_970068	0.0	0.0	0.0	13.842605999168988	0.0	0.0	0.0	0.0	0.0	13.797258414099593	41.09263743210181	77.78338445890746	17.209084807236426	28.839387119315173	0.0	0.0	0.0	1710.7516392765683	333.9342292077264	0.0	0.0	0.0	0.0	0.0	0.0	0.0
contig_970297	0.0	0.0	0.0	0.0	0.0	0.0	0.0	0.0	0.0	0.0	0.0	0.0	0.0	0.0	0.0	0.0	0.0	0.0	0.0	0.0	0.0	0.0	9.577185231542877	0.0	0.0	0.0
contig_974893	5.488738712847227	0.0	0.0	0.0	0.0	0.0	0.0	0.0	0.0	0.0	0.0	0.0	0.0	0.0	0.0	0.0	0.0	0.0	0.0	0.0	0.0	0.0	0.0	0.0	0.0	0.0
contig_975652	0.0	0.0	0.0	0.0	0.0	0.0	0.0	0.0	6.280739666033034	0.0	3.8721787090814694	41.49015171603132	0.0	39.06579263092441	0.0	6.657126517047449	0.0	0.0	0.0	28.875470969349717	0.0	0.0	0.0	0.0	0.0	0.0
contig_976298	0.0	0.0	0.0	0.0	0.0	0.0	0.0	0.0	0.0	0.0	0.0	68.67126531343047	0.0	68.47080979284308	0.0	0.0	0.0	0.0	0.0	0.0	0.0	0.0	0.0	0.0	0.0	0.0
contig_981175	0.0	0.0	0.0	0.0	0.0	0.0	0.0	0.0	7.4963627145262	0.0	0.0	0.0	0.0	0.0	0.0	0.0	0.0	0.0	0.0	0.0	0.0	0.0	0.0	0.0	0.0	0.0
contig_981697	0.0	0.0	0.0	0.0	0.0	0.0	0.0	0.0	0.0	0.0	0.0	0.0	0.0	0.0	0.0	0.0	0.0	0.0	0.0	0.0	10.861386126241811	0.0	14.455222505048132	0.0	0.0	0.0
contig_987103	0.0	0.0	0.0	0.0	0.0	10.225562985924245	0.0	0.0	0.0	0.0	0.0	0.0	0.0	0.0	0.0	159.8701008554626	0.0	0.0	0.0	53.497613075350564	0.0	0.0	0.0	0.0	0.0	0.0
contig_988005	0.0	0.0	0.0	0.0	28.724915759266	0.0	7.91529485174371	3.286470439865664	0.0	0.0	9.3424518767201	0.0	0.0	0.0	0.0	0.0	0.0	0.0	0.0	0.0	0.0	0.0	0.0	0.0	0.0	0.0
contig_989015	0.0	0.0	0.0	0.0	0.0	0.0	6.758308061517228	0.0	80.42950085755638	21.29033528234205	22.51769398219025	16.37210597342476	0.0	7.604861886973612	38.093598605292655	103.65161814820254	55.967606871501545	37.52292839319927	0.0	76.20243554787125	0.0	0.0	0.0	0.0	0.0	0.0
contig_989580	0.0	0.0	0.0	0.0	10.575107137863634	0.0	11.0182229005246	0.0	42.949558793536134	54.75530880946667	26.463230699115968	69.5016375696723	24.2893466588182	9.500225227165167	41.32654005015483	165.27913588915067	99.8705925841719	49.373087561749365	0.0	121.54285382204365	0.0	0.0	0.0	0.0	0.0	0.0
contig_989868	0.0	0.0	0.0	16.561061328942568	0.0	0.0	0.0	2.7097181726772477	0.0	0.0	0.0	0.0	0.0	0.0	0.0	0.0	0.0	0.0	0.0	0.0	0.0	0.0	0.0	0.0	0.0	0.0
contig_989916	0.0	0.0	0.0	0.0	4.192528076729075	0.0	0.0	0.0	7.947580862434963	31.899228408573027	4.790306413136363	0.0	0.0	0.0	0.0	7.944045177081312	0.0	0.0	0.0	0.0	0.0	0.0	0.0	0.0	0.0	0.0
contig_990382	0.0	0.0	0.0	0.0	0.0	0.0	0.0	0.0	26.012762575881037	0.0	0.0	80.66465694409592	11.084282009425939	101.68358397272343	0.0	87.02629056743237	0.0	0.0	0.0	0.0	0.0	0.0	0.0	0.0	0.0	0.0
contig_991526	0.0	0.0	0.0	0.0	0.0	0.0	0.0	0.0	0.0	0.0	0.0	0.0	0.0	6.25194497149991	0.0	0.0	0.0	0.0	0.0	0.0	0.0	0.0	0.0	0.0	0.0	0.0
contig_992136	0.0	0.0	0.0	0.0	0.0	0.0	0.0	0.0	0.0	0.0	0.0	0.0	0.0	0.0	0.0	0.0	0.0	0.0	0.0	0.0	0.0	13.300666295033466	0.0	0.0	0.0	0.0
contig_994207	0.0	0.0	0.0	20.78404673462818	0.0	0.0	0.0	0.0	0.0	0.0	0.0	0.0	0.0	0.0	0.0	0.0	0.0	0.0	0.0	0.0	0.0	0.0	0.0	0.0	0.0	0.0
contig_996080	0.0	0.0	19.11134537145977	0.0	22.383402162319154	0.0	17.804486872285626	6.442163707192838	0.0	15.676487211503323	0.0	43.91127692680771	25.101916340942516	54.042088274140056	0.0	0.0	0.0	0.0	0.0	0.0	0.0	0.0	0.0	0.0	0.0	0.0
contig_998089	13.434979557581539	0.0	0.0	0.0	0.0	0.0	23.46209421199756	0.0	0.0	7.488389651579081	0.0	0.0	2.9595294592594596	12.32892668152278	0.0	0.0	0.0	0.0	0.0	4.27491168380124	0.0	0.0	0.0	0.0	0.0	0.0
